date,sku_id,destination_dc,units_sold
2024-08-17,SKU-1001,Pune DC,43
2024-08-18,SKU-1001,Pune DC,50
2024-08-19,SKU-1001,Pune DC,43
2024-08-20,SKU-1001,Pune DC,50
2024-08-21,SKU-1001,Pune DC,51
2024-08-22,SKU-1001,Pune DC,43
2024-08-23,SKU-1001,Pune DC,46
2024-08-24,SKU-1001,Pune DC,51
2024-08-25,SKU-1001,Pune DC,48
2024-08-26,SKU-1001,Pune DC,54
2024-08-27,SKU-1001,Pune DC,49
2024-08-28,SKU-1001,Pune DC,47
2024-08-29,SKU-1001,Pune DC,45
2024-08-30,SKU-1001,Pune DC,53
2024-08-31,SKU-1001,Pune DC,45
2024-09-01,SKU-1001,Pune DC,44
2024-09-02,SKU-1001,Pune DC,45
2024-09-03,SKU-1001,Pune DC,47
2024-09-04,SKU-1001,Pune DC,51
2024-09-05,SKU-1001,Pune DC,53
2024-09-06,SKU-1001,Pune DC,46
2024-09-07,SKU-1001,Pune DC,44
2024-09-08,SKU-1001,Pune DC,54
2024-09-09,SKU-1001,Pune DC,55
2024-09-10,SKU-1001,Pune DC,45
2024-09-11,SKU-1001,Pune DC,51
2024-09-12,SKU-1001,Pune DC,54
2024-09-13,SKU-1001,Pune DC,52
2024-09-14,SKU-1001,Pune DC,50
2024-09-15,SKU-1001,Pune DC,43
2024-09-16,SKU-1001,Pune DC,48
2024-09-17,SKU-1001,Pune DC,42
2024-09-18,SKU-1001,Pune DC,54
2024-09-19,SKU-1001,Pune DC,51
2024-09-20,SKU-1001,Pune DC,53
2024-09-21,SKU-1001,Pune DC,43
2024-09-22,SKU-1001,Pune DC,48
2024-09-23,SKU-1001,Pune DC,52
2024-09-24,SKU-1001,Pune DC,49
2024-09-25,SKU-1001,Pune DC,47
2024-09-26,SKU-1001,Pune DC,53
2024-09-27,SKU-1001,Pune DC,48
2024-09-28,SKU-1001,Pune DC,54
2024-09-29,SKU-1001,Pune DC,44
2024-09-30,SKU-1001,Pune DC,51
2024-10-01,SKU-1001,Pune DC,43
2024-10-02,SKU-1001,Pune DC,44
2024-10-03,SKU-1001,Pune DC,54
2024-10-04,SKU-1001,Pune DC,52
2024-10-05,SKU-1001,Pune DC,45
2024-10-06,SKU-1001,Pune DC,41
2024-10-07,SKU-1001,Pune DC,48
2024-10-08,SKU-1001,Pune DC,54
2024-10-09,SKU-1001,Pune DC,41
2024-10-10,SKU-1001,Pune DC,41
2024-10-11,SKU-1001,Pune DC,49
2024-10-12,SKU-1001,Pune DC,45
2024-10-13,SKU-1001,Pune DC,51
2024-10-14,SKU-1001,Pune DC,46
2024-10-15,SKU-1001,Pune DC,50
2024-10-16,SKU-1001,Pune DC,46
2024-10-17,SKU-1001,Pune DC,48
2024-10-18,SKU-1001,Pune DC,55
2024-10-19,SKU-1001,Pune DC,49
2024-10-20,SKU-1001,Pune DC,54
2024-10-21,SKU-1001,Pune DC,51
2024-10-22,SKU-1001,Pune DC,51
2024-10-23,SKU-1001,Pune DC,55
2024-10-24,SKU-1001,Pune DC,44
2024-10-25,SKU-1001,Pune DC,45
2024-10-26,SKU-1001,Pune DC,45
2024-10-27,SKU-1001,Pune DC,46
2024-10-28,SKU-1001,Pune DC,41
2024-10-29,SKU-1001,Pune DC,42
2024-10-30,SKU-1001,Pune DC,48
2024-10-31,SKU-1001,Pune DC,44
2024-11-01,SKU-1001,Pune DC,54
2024-11-02,SKU-1001,Pune DC,44
2024-11-03,SKU-1001,Pune DC,45
2024-11-04,SKU-1001,Pune DC,46
2024-11-05,SKU-1001,Pune DC,46
2024-11-06,SKU-1001,Pune DC,55
2024-11-07,SKU-1001,Pune DC,46
2024-11-08,SKU-1001,Pune DC,43
2024-11-09,SKU-1001,Pune DC,43
2024-11-10,SKU-1001,Pune DC,46
2024-11-11,SKU-1001,Pune DC,47
2024-11-12,SKU-1001,Pune DC,55
2024-11-13,SKU-1001,Pune DC,42
2024-11-14,SKU-1001,Pune DC,47
2024-11-15,SKU-1001,Pune DC,43
2024-11-16,SKU-1001,Pune DC,49
2024-11-17,SKU-1001,Pune DC,45
2024-11-18,SKU-1001,Pune DC,51
2024-11-19,SKU-1001,Pune DC,49
2024-11-20,SKU-1001,Pune DC,52
2024-11-21,SKU-1001,Pune DC,51
2024-11-22,SKU-1001,Pune DC,45
2024-11-23,SKU-1001,Pune DC,43
2024-11-24,SKU-1001,Pune DC,42
2024-11-25,SKU-1001,Pune DC,48
2024-11-26,SKU-1001,Pune DC,42
2024-11-27,SKU-1001,Pune DC,45
2024-11-28,SKU-1001,Pune DC,42
2024-11-29,SKU-1001,Pune DC,54
2024-11-30,SKU-1001,Pune DC,45
2024-12-01,SKU-1001,Pune DC,77
2024-12-02,SKU-1001,Pune DC,78
2024-12-03,SKU-1001,Pune DC,77
2024-12-04,SKU-1001,Pune DC,69
2024-12-05,SKU-1001,Pune DC,68
2024-12-06,SKU-1001,Pune DC,68
2024-12-07,SKU-1001,Pune DC,87
2024-12-08,SKU-1001,Pune DC,75
2024-12-09,SKU-1001,Pune DC,79
2024-12-10,SKU-1001,Pune DC,75
2024-12-11,SKU-1001,Pune DC,70
2024-12-12,SKU-1001,Pune DC,88
2024-12-13,SKU-1001,Pune DC,79
2024-12-14,SKU-1001,Pune DC,85
2024-12-15,SKU-1001,Pune DC,78
2024-12-16,SKU-1001,Pune DC,85
2024-12-17,SKU-1001,Pune DC,76
2024-12-18,SKU-1001,Pune DC,74
2024-12-19,SKU-1001,Pune DC,87
2024-12-20,SKU-1001,Pune DC,81
2024-12-21,SKU-1001,Pune DC,71
2024-12-22,SKU-1001,Pune DC,87
2024-12-23,SKU-1001,Pune DC,66
2024-12-24,SKU-1001,Pune DC,74
2024-12-25,SKU-1001,Pune DC,67
2024-12-26,SKU-1001,Pune DC,77
2024-12-27,SKU-1001,Pune DC,68
2024-12-28,SKU-1001,Pune DC,80
2024-12-29,SKU-1001,Pune DC,73
2024-12-30,SKU-1001,Pune DC,85
2024-12-31,SKU-1001,Pune DC,74
2025-01-01,SKU-1001,Pune DC,70
2025-01-02,SKU-1001,Pune DC,70
2025-01-03,SKU-1001,Pune DC,76
2025-01-04,SKU-1001,Pune DC,76
2025-01-05,SKU-1001,Pune DC,83
2025-01-06,SKU-1001,Pune DC,81
2025-01-07,SKU-1001,Pune DC,78
2025-01-08,SKU-1001,Pune DC,76
2025-01-09,SKU-1001,Pune DC,74
2025-01-10,SKU-1001,Pune DC,86
2025-01-11,SKU-1001,Pune DC,76
2025-01-12,SKU-1001,Pune DC,79
2025-01-13,SKU-1001,Pune DC,68
2025-01-14,SKU-1001,Pune DC,71
2025-01-15,SKU-1001,Pune DC,73
2025-01-16,SKU-1001,Pune DC,78
2025-01-17,SKU-1001,Pune DC,76
2025-01-18,SKU-1001,Pune DC,85
2025-01-19,SKU-1001,Pune DC,86
2025-01-20,SKU-1001,Pune DC,71
2025-01-21,SKU-1001,Pune DC,83
2025-01-22,SKU-1001,Pune DC,67
2025-01-23,SKU-1001,Pune DC,74
2025-01-24,SKU-1001,Pune DC,71
2025-01-25,SKU-1001,Pune DC,85
2025-01-26,SKU-1001,Pune DC,76
2025-01-27,SKU-1001,Pune DC,79
2025-01-28,SKU-1001,Pune DC,84
2025-01-29,SKU-1001,Pune DC,87
2025-01-30,SKU-1001,Pune DC,86
2025-01-31,SKU-1001,Pune DC,72
2025-02-01,SKU-1001,Pune DC,41
2025-02-02,SKU-1001,Pune DC,54
2025-02-03,SKU-1001,Pune DC,43
2025-02-04,SKU-1001,Pune DC,53
2025-02-05,SKU-1001,Pune DC,49
2025-02-06,SKU-1001,Pune DC,41
2025-02-07,SKU-1001,Pune DC,52
2025-02-08,SKU-1001,Pune DC,42
2025-02-09,SKU-1001,Pune DC,46
2025-02-10,SKU-1001,Pune DC,45
2025-02-11,SKU-1001,Pune DC,48
2025-02-12,SKU-1001,Pune DC,52
2025-02-13,SKU-1001,Pune DC,47
2025-02-14,SKU-1001,Pune DC,49
2025-02-15,SKU-1001,Pune DC,54
2025-02-16,SKU-1001,Pune DC,50
2025-02-17,SKU-1001,Pune DC,53
2025-02-18,SKU-1001,Pune DC,47
2025-02-19,SKU-1001,Pune DC,48
2025-02-20,SKU-1001,Pune DC,43
2025-02-21,SKU-1001,Pune DC,48
2025-02-22,SKU-1001,Pune DC,49
2025-02-23,SKU-1001,Pune DC,51
2025-02-24,SKU-1001,Pune DC,50
2025-02-25,SKU-1001,Pune DC,41
2025-02-26,SKU-1001,Pune DC,43
2025-02-27,SKU-1001,Pune DC,43
2025-02-28,SKU-1001,Pune DC,41
2025-03-01,SKU-1001,Pune DC,48
2025-03-02,SKU-1001,Pune DC,49
2025-03-03,SKU-1001,Pune DC,46
2025-03-04,SKU-1001,Pune DC,54
2025-03-05,SKU-1001,Pune DC,45
2025-03-06,SKU-1001,Pune DC,50
2025-03-07,SKU-1001,Pune DC,43
2025-03-08,SKU-1001,Pune DC,41
2025-03-09,SKU-1001,Pune DC,49
2025-03-10,SKU-1001,Pune DC,53
2025-03-11,SKU-1001,Pune DC,44
2025-03-12,SKU-1001,Pune DC,51
2025-03-13,SKU-1001,Pune DC,47
2025-03-14,SKU-1001,Pune DC,46
2025-03-15,SKU-1001,Pune DC,49
2025-03-16,SKU-1001,Pune DC,41
2025-03-17,SKU-1001,Pune DC,44
2025-03-18,SKU-1001,Pune DC,48
2025-03-19,SKU-1001,Pune DC,48
2025-03-20,SKU-1001,Pune DC,55
2025-03-21,SKU-1001,Pune DC,44
2025-03-22,SKU-1001,Pune DC,49
2025-03-23,SKU-1001,Pune DC,53
2025-03-24,SKU-1001,Pune DC,45
2025-03-25,SKU-1001,Pune DC,51
2025-03-26,SKU-1001,Pune DC,55
2025-03-27,SKU-1001,Pune DC,47
2025-03-28,SKU-1001,Pune DC,44
2025-03-29,SKU-1001,Pune DC,48
2025-03-30,SKU-1001,Pune DC,46
2025-03-31,SKU-1001,Pune DC,52
2025-04-01,SKU-1001,Pune DC,55
2025-04-02,SKU-1001,Pune DC,55
2025-04-03,SKU-1001,Pune DC,48
2025-04-04,SKU-1001,Pune DC,45
2025-04-05,SKU-1001,Pune DC,55
2025-04-06,SKU-1001,Pune DC,49
2025-04-07,SKU-1001,Pune DC,45
2025-04-08,SKU-1001,Pune DC,50
2025-04-09,SKU-1001,Pune DC,50
2025-04-10,SKU-1001,Pune DC,45
2025-04-11,SKU-1001,Pune DC,43
2025-04-12,SKU-1001,Pune DC,50
2025-04-13,SKU-1001,Pune DC,44
2025-04-14,SKU-1001,Pune DC,43
2025-04-15,SKU-1001,Pune DC,47
2025-04-16,SKU-1001,Pune DC,54
2025-04-17,SKU-1001,Pune DC,53
2025-04-18,SKU-1001,Pune DC,50
2025-04-19,SKU-1001,Pune DC,54
2025-04-20,SKU-1001,Pune DC,43
2025-04-21,SKU-1001,Pune DC,51
2025-04-22,SKU-1001,Pune DC,41
2025-04-23,SKU-1001,Pune DC,50
2025-04-24,SKU-1001,Pune DC,50
2025-04-25,SKU-1001,Pune DC,50
2025-04-26,SKU-1001,Pune DC,53
2025-04-27,SKU-1001,Pune DC,44
2025-04-28,SKU-1001,Pune DC,44
2025-04-29,SKU-1001,Pune DC,54
2025-04-30,SKU-1001,Pune DC,42
2025-05-01,SKU-1001,Pune DC,43
2025-05-02,SKU-1001,Pune DC,45
2025-05-03,SKU-1001,Pune DC,54
2025-05-04,SKU-1001,Pune DC,46
2025-05-05,SKU-1001,Pune DC,41
2025-05-06,SKU-1001,Pune DC,46
2025-05-07,SKU-1001,Pune DC,44
2025-05-08,SKU-1001,Pune DC,41
2025-05-09,SKU-1001,Pune DC,42
2025-05-10,SKU-1001,Pune DC,50
2025-05-11,SKU-1001,Pune DC,54
2025-05-12,SKU-1001,Pune DC,48
2025-05-13,SKU-1001,Pune DC,49
2025-05-14,SKU-1001,Pune DC,52
2025-05-15,SKU-1001,Pune DC,48
2025-05-16,SKU-1001,Pune DC,49
2025-05-17,SKU-1001,Pune DC,50
2025-05-18,SKU-1001,Pune DC,55
2025-05-19,SKU-1001,Pune DC,53
2025-05-20,SKU-1001,Pune DC,54
2025-05-21,SKU-1001,Pune DC,42
2025-05-22,SKU-1001,Pune DC,49
2025-05-23,SKU-1001,Pune DC,44
2025-05-24,SKU-1001,Pune DC,47
2025-05-25,SKU-1001,Pune DC,45
2025-05-26,SKU-1001,Pune DC,50
2025-05-27,SKU-1001,Pune DC,53
2025-05-28,SKU-1001,Pune DC,44
2025-05-29,SKU-1001,Pune DC,49
2025-05-30,SKU-1001,Pune DC,46
2025-05-31,SKU-1001,Pune DC,47
2025-06-01,SKU-1001,Pune DC,46
2025-06-02,SKU-1001,Pune DC,53
2025-06-03,SKU-1001,Pune DC,50
2025-06-04,SKU-1001,Pune DC,45
2025-06-05,SKU-1001,Pune DC,51
2025-06-06,SKU-1001,Pune DC,46
2025-06-07,SKU-1001,Pune DC,49
2025-06-08,SKU-1001,Pune DC,48
2025-06-09,SKU-1001,Pune DC,54
2025-06-10,SKU-1001,Pune DC,53
2025-06-11,SKU-1001,Pune DC,54
2025-06-12,SKU-1001,Pune DC,46
2025-06-13,SKU-1001,Pune DC,50
2025-06-14,SKU-1001,Pune DC,55
2025-06-15,SKU-1001,Pune DC,48
2025-06-16,SKU-1001,Pune DC,52
2025-06-17,SKU-1001,Pune DC,42
2025-06-18,SKU-1001,Pune DC,51
2025-06-19,SKU-1001,Pune DC,45
2025-06-20,SKU-1001,Pune DC,48
2025-06-21,SKU-1001,Pune DC,52
2025-06-22,SKU-1001,Pune DC,51
2025-06-23,SKU-1001,Pune DC,44
2025-06-24,SKU-1001,Pune DC,44
2025-06-25,SKU-1001,Pune DC,50
2025-06-26,SKU-1001,Pune DC,42
2025-06-27,SKU-1001,Pune DC,45
2025-06-28,SKU-1001,Pune DC,43
2025-06-29,SKU-1001,Pune DC,50
2025-06-30,SKU-1001,Pune DC,53
2025-07-01,SKU-1001,Pune DC,48
2025-07-02,SKU-1001,Pune DC,48
2025-07-03,SKU-1001,Pune DC,50
2025-07-04,SKU-1001,Pune DC,51
2025-07-05,SKU-1001,Pune DC,53
2025-07-06,SKU-1001,Pune DC,49
2025-07-07,SKU-1001,Pune DC,53
2025-07-08,SKU-1001,Pune DC,41
2025-07-09,SKU-1001,Pune DC,53
2025-07-10,SKU-1001,Pune DC,43
2025-07-11,SKU-1001,Pune DC,49
2025-07-12,SKU-1001,Pune DC,51
2025-07-13,SKU-1001,Pune DC,46
2025-07-14,SKU-1001,Pune DC,44
2025-07-15,SKU-1001,Pune DC,48
2025-07-16,SKU-1001,Pune DC,42
2025-07-17,SKU-1001,Pune DC,49
2025-07-18,SKU-1001,Pune DC,51
2025-07-19,SKU-1001,Pune DC,52
2025-07-20,SKU-1001,Pune DC,52
2025-07-21,SKU-1001,Pune DC,43
2025-07-22,SKU-1001,Pune DC,48
2025-07-23,SKU-1001,Pune DC,55
2025-07-24,SKU-1001,Pune DC,49
2025-07-25,SKU-1001,Pune DC,48
2025-07-26,SKU-1001,Pune DC,53
2025-07-27,SKU-1001,Pune DC,43
2025-07-28,SKU-1001,Pune DC,43
2025-07-29,SKU-1001,Pune DC,44
2025-07-30,SKU-1001,Pune DC,45
2025-07-31,SKU-1001,Pune DC,47
2025-08-01,SKU-1001,Pune DC,42
2025-08-02,SKU-1001,Pune DC,53
2025-08-03,SKU-1001,Pune DC,52
2025-08-04,SKU-1001,Pune DC,47
2025-08-05,SKU-1001,Pune DC,54
2025-08-06,SKU-1001,Pune DC,53
2025-08-07,SKU-1001,Pune DC,42
2025-08-08,SKU-1001,Pune DC,49
2025-08-09,SKU-1001,Pune DC,53
2025-08-10,SKU-1001,Pune DC,50
2025-08-11,SKU-1001,Pune DC,43
2025-08-12,SKU-1001,Pune DC,48
2025-08-13,SKU-1001,Pune DC,42
2025-08-14,SKU-1001,Pune DC,52
2025-08-15,SKU-1001,Pune DC,41
2025-08-16,SKU-1001,Pune DC,52
2025-08-17,SKU-1001,Pune DC,49
2025-08-18,SKU-1001,Pune DC,50
2025-08-19,SKU-1001,Pune DC,45
2025-08-20,SKU-1001,Pune DC,54
2025-08-21,SKU-1001,Pune DC,53
2025-08-22,SKU-1001,Pune DC,42
2025-08-23,SKU-1001,Pune DC,44
2025-08-24,SKU-1001,Pune DC,54
2025-08-25,SKU-1001,Pune DC,44
2025-08-26,SKU-1001,Pune DC,52
2025-08-27,SKU-1001,Pune DC,45
2025-08-28,SKU-1001,Pune DC,44
2025-08-29,SKU-1001,Pune DC,44
2025-08-30,SKU-1001,Pune DC,53
2025-08-31,SKU-1001,Pune DC,44
2025-09-01,SKU-1001,Pune DC,51
2025-09-02,SKU-1001,Pune DC,54
2025-09-03,SKU-1001,Pune DC,46
2025-09-04,SKU-1001,Pune DC,48
2025-09-05,SKU-1001,Pune DC,46
2025-09-06,SKU-1001,Pune DC,50
2025-09-07,SKU-1001,Pune DC,42
2025-09-08,SKU-1001,Pune DC,52
2025-09-09,SKU-1001,Pune DC,52
2025-09-10,SKU-1001,Pune DC,54
2025-09-11,SKU-1001,Pune DC,55
2025-09-12,SKU-1001,Pune DC,51
2025-09-13,SKU-1001,Pune DC,46
2025-09-14,SKU-1001,Pune DC,47
2025-09-15,SKU-1001,Pune DC,51
2025-09-16,SKU-1001,Pune DC,52
2025-09-17,SKU-1001,Pune DC,44
2025-09-18,SKU-1001,Pune DC,55
2025-09-19,SKU-1001,Pune DC,47
2025-09-20,SKU-1001,Pune DC,47
2025-09-21,SKU-1001,Pune DC,43
2025-09-22,SKU-1001,Pune DC,52
2025-09-23,SKU-1001,Pune DC,45
2025-09-24,SKU-1001,Pune DC,43
2025-09-25,SKU-1001,Pune DC,46
2025-09-26,SKU-1001,Pune DC,55
2025-09-27,SKU-1001,Pune DC,50
2025-09-28,SKU-1001,Pune DC,49
2025-09-29,SKU-1001,Pune DC,51
2025-09-30,SKU-1001,Pune DC,42
2025-10-01,SKU-1001,Pune DC,54
2025-10-02,SKU-1001,Pune DC,47
2025-10-03,SKU-1001,Pune DC,53
2025-10-04,SKU-1001,Pune DC,41
2025-10-05,SKU-1001,Pune DC,47
2025-10-06,SKU-1001,Pune DC,42
2025-10-07,SKU-1001,Pune DC,51
2025-10-08,SKU-1001,Pune DC,45
2025-10-09,SKU-1001,Pune DC,44
2025-10-10,SKU-1001,Pune DC,55
2025-10-11,SKU-1001,Pune DC,49
2025-10-12,SKU-1001,Pune DC,43
2025-10-13,SKU-1001,Pune DC,54
2025-10-14,SKU-1001,Pune DC,51
2025-10-15,SKU-1001,Pune DC,49
2025-10-16,SKU-1001,Pune DC,44
2025-10-17,SKU-1001,Pune DC,45
2025-10-18,SKU-1001,Pune DC,54
2025-10-19,SKU-1001,Pune DC,46
2025-10-20,SKU-1001,Pune DC,50
2025-10-21,SKU-1001,Pune DC,55
2025-10-22,SKU-1001,Pune DC,47
2025-10-23,SKU-1001,Pune DC,48
2025-10-24,SKU-1001,Pune DC,44
2025-10-25,SKU-1001,Pune DC,46
2025-10-26,SKU-1001,Pune DC,42
2025-10-27,SKU-1001,Pune DC,55
2025-10-28,SKU-1001,Pune DC,42
2025-10-29,SKU-1001,Pune DC,51
2025-10-30,SKU-1001,Pune DC,44
2025-10-31,SKU-1001,Pune DC,53
2025-11-01,SKU-1001,Pune DC,48
2025-11-02,SKU-1001,Pune DC,48
2025-11-03,SKU-1001,Pune DC,45
2025-11-04,SKU-1001,Pune DC,41
2025-11-05,SKU-1001,Pune DC,48
2025-11-06,SKU-1001,Pune DC,47
2025-11-07,SKU-1001,Pune DC,55
2025-11-08,SKU-1001,Pune DC,43
2025-11-09,SKU-1001,Pune DC,50
2025-11-10,SKU-1001,Pune DC,43
2025-11-11,SKU-1001,Pune DC,44
2025-11-12,SKU-1001,Pune DC,45
2025-11-13,SKU-1001,Pune DC,45
2025-11-14,SKU-1001,Pune DC,43
2025-11-15,SKU-1001,Pune DC,44
2025-11-16,SKU-1001,Pune DC,54
2025-11-17,SKU-1001,Pune DC,42
2025-11-18,SKU-1001,Pune DC,45
2025-11-19,SKU-1001,Pune DC,46
2025-11-20,SKU-1001,Pune DC,43
2025-11-21,SKU-1001,Pune DC,42
2025-11-22,SKU-1001,Pune DC,54
2025-11-23,SKU-1001,Pune DC,54
2025-11-24,SKU-1001,Pune DC,47
2025-11-25,SKU-1001,Pune DC,55
2025-11-26,SKU-1001,Pune DC,46
2025-11-27,SKU-1001,Pune DC,46
2025-11-28,SKU-1001,Pune DC,52
2025-11-29,SKU-1001,Pune DC,52
2025-11-30,SKU-1001,Pune DC,44
2025-12-01,SKU-1001,Pune DC,73
2025-12-02,SKU-1001,Pune DC,83
2025-12-03,SKU-1001,Pune DC,75
2025-12-04,SKU-1001,Pune DC,73
2025-12-05,SKU-1001,Pune DC,67
2025-12-06,SKU-1001,Pune DC,78
2025-12-07,SKU-1001,Pune DC,65
2025-12-08,SKU-1001,Pune DC,80
2025-12-09,SKU-1001,Pune DC,82
2025-12-10,SKU-1001,Pune DC,69
2025-12-11,SKU-1001,Pune DC,72
2025-12-12,SKU-1001,Pune DC,77
2025-12-13,SKU-1001,Pune DC,77
2025-12-14,SKU-1001,Pune DC,76
2025-12-15,SKU-1001,Pune DC,86
2025-12-16,SKU-1001,Pune DC,78
2025-12-17,SKU-1001,Pune DC,79
2025-12-18,SKU-1001,Pune DC,70
2025-12-19,SKU-1001,Pune DC,75
2025-12-20,SKU-1001,Pune DC,82
2025-12-21,SKU-1001,Pune DC,71
2025-12-22,SKU-1001,Pune DC,67
2025-12-23,SKU-1001,Pune DC,84
2025-12-24,SKU-1001,Pune DC,81
2025-12-25,SKU-1001,Pune DC,71
2025-12-26,SKU-1001,Pune DC,74
2025-12-27,SKU-1001,Pune DC,73
2025-12-28,SKU-1001,Pune DC,76
2025-12-29,SKU-1001,Pune DC,67
2025-12-30,SKU-1001,Pune DC,68
2025-12-31,SKU-1001,Pune DC,68
2026-01-01,SKU-1001,Pune DC,84
2026-01-02,SKU-1001,Pune DC,69
2026-01-03,SKU-1001,Pune DC,85
2026-01-04,SKU-1001,Pune DC,81
2026-01-05,SKU-1001,Pune DC,75
2026-01-06,SKU-1001,Pune DC,69
2026-01-07,SKU-1001,Pune DC,65
2026-01-08,SKU-1001,Pune DC,71
2026-01-09,SKU-1001,Pune DC,66
2026-01-10,SKU-1001,Pune DC,67
2026-01-11,SKU-1001,Pune DC,77
2026-01-12,SKU-1001,Pune DC,78
2026-01-13,SKU-1001,Pune DC,86
2026-01-14,SKU-1001,Pune DC,82
2026-01-15,SKU-1001,Pune DC,87
2026-01-16,SKU-1001,Pune DC,69
2026-01-17,SKU-1001,Pune DC,85
2026-01-18,SKU-1001,Pune DC,72
2026-01-19,SKU-1001,Pune DC,66
2026-01-20,SKU-1001,Pune DC,80
2026-01-21,SKU-1001,Pune DC,79
2026-01-22,SKU-1001,Pune DC,80
2026-01-23,SKU-1001,Pune DC,74
2026-01-24,SKU-1001,Pune DC,82
2026-01-25,SKU-1001,Pune DC,84
2026-01-26,SKU-1001,Pune DC,79
2026-01-27,SKU-1001,Pune DC,78
2026-01-28,SKU-1001,Pune DC,80
2026-01-29,SKU-1001,Pune DC,79
2026-01-30,SKU-1001,Pune DC,78
2026-01-31,SKU-1001,Pune DC,70
2026-02-01,SKU-1001,Pune DC,55
2026-02-02,SKU-1001,Pune DC,41
2026-02-03,SKU-1001,Pune DC,53
2026-02-04,SKU-1001,Pune DC,41
2026-02-05,SKU-1001,Pune DC,44
2026-02-06,SKU-1001,Pune DC,55
2026-02-07,SKU-1001,Pune DC,47
2026-02-08,SKU-1001,Pune DC,54
2026-02-09,SKU-1001,Pune DC,51
2026-02-10,SKU-1001,Pune DC,55
2026-02-11,SKU-1001,Pune DC,42
2026-02-12,SKU-1001,Pune DC,45
2026-02-13,SKU-1001,Pune DC,50
2026-02-14,SKU-1001,Pune DC,53
2026-02-15,SKU-1001,Pune DC,46
2026-02-16,SKU-1001,Pune DC,44
2026-02-17,SKU-1001,Pune DC,54
2026-02-18,SKU-1001,Pune DC,51
2026-02-19,SKU-1001,Pune DC,47
2026-02-20,SKU-1001,Pune DC,53
2026-02-21,SKU-1001,Pune DC,51
2026-02-22,SKU-1001,Pune DC,53
2026-02-23,SKU-1001,Pune DC,50
2026-02-24,SKU-1001,Pune DC,53
2026-02-25,SKU-1001,Pune DC,54
2026-02-26,SKU-1001,Pune DC,44
2026-02-27,SKU-1001,Pune DC,44
2026-02-28,SKU-1001,Pune DC,41
2026-03-01,SKU-1001,Pune DC,53
2026-03-02,SKU-1001,Pune DC,43
2026-03-03,SKU-1001,Pune DC,45
2026-03-04,SKU-1001,Pune DC,53
2026-03-05,SKU-1001,Pune DC,45
2026-03-06,SKU-1001,Pune DC,48
2026-03-07,SKU-1001,Pune DC,55
2026-03-08,SKU-1001,Pune DC,54
2026-03-09,SKU-1001,Pune DC,46
2026-03-10,SKU-1001,Pune DC,55
2026-03-11,SKU-1001,Pune DC,43
2026-03-12,SKU-1001,Pune DC,48
2026-03-13,SKU-1001,Pune DC,51
2026-03-14,SKU-1001,Pune DC,48
2026-03-15,SKU-1001,Pune DC,44
2026-03-16,SKU-1001,Pune DC,54
2026-03-17,SKU-1001,Pune DC,54
2026-03-18,SKU-1001,Pune DC,48
2026-03-19,SKU-1001,Pune DC,46
2026-03-20,SKU-1001,Pune DC,46
2026-03-21,SKU-1001,Pune DC,44
2026-03-22,SKU-1001,Pune DC,46
2026-03-23,SKU-1001,Pune DC,44
2026-03-24,SKU-1001,Pune DC,51
2026-03-25,SKU-1001,Pune DC,51
2026-03-26,SKU-1001,Pune DC,43
2026-03-27,SKU-1001,Pune DC,51
2026-03-28,SKU-1001,Pune DC,50
2026-03-29,SKU-1001,Pune DC,49
2026-03-30,SKU-1001,Pune DC,47
2026-03-31,SKU-1001,Pune DC,52
2026-04-01,SKU-1001,Pune DC,54
2026-04-02,SKU-1001,Pune DC,51
2026-04-03,SKU-1001,Pune DC,55
2026-04-04,SKU-1001,Pune DC,48
2026-04-05,SKU-1001,Pune DC,45
2026-04-06,SKU-1001,Pune DC,51
2026-04-07,SKU-1001,Pune DC,50
2026-04-08,SKU-1001,Pune DC,48
2026-04-09,SKU-1001,Pune DC,48
2026-04-10,SKU-1001,Pune DC,53
2026-04-11,SKU-1001,Pune DC,53
2026-04-12,SKU-1001,Pune DC,47
2026-04-13,SKU-1001,Pune DC,45
2026-04-14,SKU-1001,Pune DC,47
2026-04-15,SKU-1001,Pune DC,43
2026-04-16,SKU-1001,Pune DC,46
2026-04-17,SKU-1001,Pune DC,47
2026-04-18,SKU-1001,Pune DC,42
2026-04-19,SKU-1001,Pune DC,54
2026-04-20,SKU-1001,Pune DC,55
2026-04-21,SKU-1001,Pune DC,54
2026-04-22,SKU-1001,Pune DC,44
2026-04-23,SKU-1001,Pune DC,51
2026-04-24,SKU-1001,Pune DC,53
2026-04-25,SKU-1001,Pune DC,54
2026-04-26,SKU-1001,Pune DC,44
2026-04-27,SKU-1001,Pune DC,50
2026-04-28,SKU-1001,Pune DC,50
2026-04-29,SKU-1001,Pune DC,45
2026-04-30,SKU-1001,Pune DC,45
2026-05-01,SKU-1001,Pune DC,51
2026-05-02,SKU-1001,Pune DC,43
2026-05-03,SKU-1001,Pune DC,48
2026-05-04,SKU-1001,Pune DC,44
2026-05-05,SKU-1001,Pune DC,54
2026-05-06,SKU-1001,Pune DC,47
2026-05-07,SKU-1001,Pune DC,43
2026-05-08,SKU-1001,Pune DC,44
2026-05-09,SKU-1001,Pune DC,52
2026-05-10,SKU-1001,Pune DC,42
2026-05-11,SKU-1001,Pune DC,43
2026-05-12,SKU-1001,Pune DC,49
2026-05-13,SKU-1001,Pune DC,46
2026-05-14,SKU-1001,Pune DC,44
2026-05-15,SKU-1001,Pune DC,44
2026-05-16,SKU-1001,Pune DC,45
2026-05-17,SKU-1001,Pune DC,44
2026-05-18,SKU-1001,Pune DC,54
2026-05-19,SKU-1001,Pune DC,50
2026-05-20,SKU-1001,Pune DC,53
2026-05-21,SKU-1001,Pune DC,49
2026-05-22,SKU-1001,Pune DC,50
2026-05-23,SKU-1001,Pune DC,52
2026-05-24,SKU-1001,Pune DC,45
2026-05-25,SKU-1001,Pune DC,49
2026-05-26,SKU-1001,Pune DC,44
2026-05-27,SKU-1001,Pune DC,46
2026-05-28,SKU-1001,Pune DC,44
2026-05-29,SKU-1001,Pune DC,48
2026-05-30,SKU-1001,Pune DC,47
2026-05-31,SKU-1001,Pune DC,46
2026-06-01,SKU-1001,Pune DC,52
2026-06-02,SKU-1001,Pune DC,42
2026-06-03,SKU-1001,Pune DC,48
2026-06-04,SKU-1001,Pune DC,48
2026-06-05,SKU-1001,Pune DC,45
2026-06-06,SKU-1001,Pune DC,54
2026-06-07,SKU-1001,Pune DC,43
2026-06-08,SKU-1001,Pune DC,43
2026-06-09,SKU-1001,Pune DC,48
2026-06-10,SKU-1001,Pune DC,52
2026-06-11,SKU-1001,Pune DC,54
2026-06-12,SKU-1001,Pune DC,42
2026-06-13,SKU-1001,Pune DC,52
2026-06-14,SKU-1001,Pune DC,52
2026-06-15,SKU-1001,Pune DC,53
2026-06-16,SKU-1001,Pune DC,45
2026-06-17,SKU-1001,Pune DC,42
2026-06-18,SKU-1001,Pune DC,53
2026-06-19,SKU-1001,Pune DC,43
2026-06-20,SKU-1001,Pune DC,44
2026-06-21,SKU-1001,Pune DC,48
2026-06-22,SKU-1001,Pune DC,48
2026-06-23,SKU-1001,Pune DC,53
2026-06-24,SKU-1001,Pune DC,42
2026-06-25,SKU-1001,Pune DC,53
2026-06-26,SKU-1001,Pune DC,48
2026-06-27,SKU-1001,Pune DC,54
2026-06-28,SKU-1001,Pune DC,47
2026-06-29,SKU-1001,Pune DC,55
2026-06-30,SKU-1001,Pune DC,45
2026-07-01,SKU-1001,Pune DC,51
2026-07-02,SKU-1001,Pune DC,48
2026-07-03,SKU-1001,Pune DC,41
2026-07-04,SKU-1001,Pune DC,43
2026-07-05,SKU-1001,Pune DC,46
2026-07-06,SKU-1001,Pune DC,53
2026-07-07,SKU-1001,Pune DC,44
2026-07-08,SKU-1001,Pune DC,47
2026-07-09,SKU-1001,Pune DC,51
2026-07-10,SKU-1001,Pune DC,55
2026-07-11,SKU-1001,Pune DC,45
2026-07-12,SKU-1001,Pune DC,47
2026-07-13,SKU-1001,Pune DC,42
2026-07-14,SKU-1001,Pune DC,45
2026-07-15,SKU-1001,Pune DC,47
2026-07-16,SKU-1001,Pune DC,46
2026-07-17,SKU-1001,Pune DC,54
2026-07-18,SKU-1001,Pune DC,48
2026-07-19,SKU-1001,Pune DC,47
2026-07-20,SKU-1001,Pune DC,42
2026-07-21,SKU-1001,Pune DC,43
2026-07-22,SKU-1001,Pune DC,48
2026-07-23,SKU-1001,Pune DC,50
2026-07-24,SKU-1001,Pune DC,41
2026-07-25,SKU-1001,Pune DC,54
2026-07-26,SKU-1001,Pune DC,49
2026-07-27,SKU-1001,Pune DC,43
2026-07-28,SKU-1001,Pune DC,43
2026-07-29,SKU-1001,Pune DC,48
2026-07-30,SKU-1001,Pune DC,55
2026-07-31,SKU-1001,Pune DC,53
2026-08-01,SKU-1001,Pune DC,45
2026-08-02,SKU-1001,Pune DC,55
2026-08-03,SKU-1001,Pune DC,42
2026-08-04,SKU-1001,Pune DC,54
2026-08-05,SKU-1001,Pune DC,51
2026-08-06,SKU-1001,Pune DC,42
2026-08-07,SKU-1001,Pune DC,42
2026-08-08,SKU-1001,Pune DC,42
2026-08-09,SKU-1001,Pune DC,43
2026-08-10,SKU-1001,Pune DC,46
2026-08-11,SKU-1001,Pune DC,46
2026-08-12,SKU-1001,Pune DC,45
2026-08-13,SKU-1001,Pune DC,44
2026-08-14,SKU-1001,Pune DC,54
2026-08-15,SKU-1001,Pune DC,42
2026-08-16,SKU-1001,Pune DC,49
2024-08-17,SKU-1001,Chennai DC,40
2024-08-18,SKU-1001,Chennai DC,44
2024-08-19,SKU-1001,Chennai DC,35
2024-08-20,SKU-1001,Chennai DC,36
2024-08-21,SKU-1001,Chennai DC,42
2024-08-22,SKU-1001,Chennai DC,43
2024-08-23,SKU-1001,Chennai DC,42
2024-08-24,SKU-1001,Chennai DC,38
2024-08-25,SKU-1001,Chennai DC,40
2024-08-26,SKU-1001,Chennai DC,46
2024-08-27,SKU-1001,Chennai DC,41
2024-08-28,SKU-1001,Chennai DC,35
2024-08-29,SKU-1001,Chennai DC,35
2024-08-30,SKU-1001,Chennai DC,36
2024-08-31,SKU-1001,Chennai DC,40
2024-09-01,SKU-1001,Chennai DC,36
2024-09-02,SKU-1001,Chennai DC,44
2024-09-03,SKU-1001,Chennai DC,36
2024-09-04,SKU-1001,Chennai DC,34
2024-09-05,SKU-1001,Chennai DC,41
2024-09-06,SKU-1001,Chennai DC,37
2024-09-07,SKU-1001,Chennai DC,35
2024-09-08,SKU-1001,Chennai DC,40
2024-09-09,SKU-1001,Chennai DC,44
2024-09-10,SKU-1001,Chennai DC,35
2024-09-11,SKU-1001,Chennai DC,42
2024-09-12,SKU-1001,Chennai DC,34
2024-09-13,SKU-1001,Chennai DC,34
2024-09-14,SKU-1001,Chennai DC,37
2024-09-15,SKU-1001,Chennai DC,36
2024-09-16,SKU-1001,Chennai DC,46
2024-09-17,SKU-1001,Chennai DC,41
2024-09-18,SKU-1001,Chennai DC,37
2024-09-19,SKU-1001,Chennai DC,36
2024-09-20,SKU-1001,Chennai DC,35
2024-09-21,SKU-1001,Chennai DC,43
2024-09-22,SKU-1001,Chennai DC,38
2024-09-23,SKU-1001,Chennai DC,39
2024-09-24,SKU-1001,Chennai DC,45
2024-09-25,SKU-1001,Chennai DC,39
2024-09-26,SKU-1001,Chennai DC,44
2024-09-27,SKU-1001,Chennai DC,35
2024-09-28,SKU-1001,Chennai DC,42
2024-09-29,SKU-1001,Chennai DC,36
2024-09-30,SKU-1001,Chennai DC,40
2024-10-01,SKU-1001,Chennai DC,42
2024-10-02,SKU-1001,Chennai DC,43
2024-10-03,SKU-1001,Chennai DC,36
2024-10-04,SKU-1001,Chennai DC,45
2024-10-05,SKU-1001,Chennai DC,40
2024-10-06,SKU-1001,Chennai DC,44
2024-10-07,SKU-1001,Chennai DC,36
2024-10-08,SKU-1001,Chennai DC,39
2024-10-09,SKU-1001,Chennai DC,44
2024-10-10,SKU-1001,Chennai DC,44
2024-10-11,SKU-1001,Chennai DC,39
2024-10-12,SKU-1001,Chennai DC,36
2024-10-13,SKU-1001,Chennai DC,41
2024-10-14,SKU-1001,Chennai DC,39
2024-10-15,SKU-1001,Chennai DC,44
2024-10-16,SKU-1001,Chennai DC,41
2024-10-17,SKU-1001,Chennai DC,46
2024-10-18,SKU-1001,Chennai DC,35
2024-10-19,SKU-1001,Chennai DC,40
2024-10-20,SKU-1001,Chennai DC,46
2024-10-21,SKU-1001,Chennai DC,34
2024-10-22,SKU-1001,Chennai DC,35
2024-10-23,SKU-1001,Chennai DC,44
2024-10-24,SKU-1001,Chennai DC,43
2024-10-25,SKU-1001,Chennai DC,45
2024-10-26,SKU-1001,Chennai DC,45
2024-10-27,SKU-1001,Chennai DC,42
2024-10-28,SKU-1001,Chennai DC,45
2024-10-29,SKU-1001,Chennai DC,40
2024-10-30,SKU-1001,Chennai DC,38
2024-10-31,SKU-1001,Chennai DC,34
2024-11-01,SKU-1001,Chennai DC,34
2024-11-02,SKU-1001,Chennai DC,46
2024-11-03,SKU-1001,Chennai DC,35
2024-11-04,SKU-1001,Chennai DC,37
2024-11-05,SKU-1001,Chennai DC,38
2024-11-06,SKU-1001,Chennai DC,38
2024-11-07,SKU-1001,Chennai DC,37
2024-11-08,SKU-1001,Chennai DC,41
2024-11-09,SKU-1001,Chennai DC,45
2024-11-10,SKU-1001,Chennai DC,44
2024-11-11,SKU-1001,Chennai DC,40
2024-11-12,SKU-1001,Chennai DC,41
2024-11-13,SKU-1001,Chennai DC,34
2024-11-14,SKU-1001,Chennai DC,43
2024-11-15,SKU-1001,Chennai DC,40
2024-11-16,SKU-1001,Chennai DC,40
2024-11-17,SKU-1001,Chennai DC,40
2024-11-18,SKU-1001,Chennai DC,42
2024-11-19,SKU-1001,Chennai DC,45
2024-11-20,SKU-1001,Chennai DC,38
2024-11-21,SKU-1001,Chennai DC,38
2024-11-22,SKU-1001,Chennai DC,43
2024-11-23,SKU-1001,Chennai DC,43
2024-11-24,SKU-1001,Chennai DC,35
2024-11-25,SKU-1001,Chennai DC,45
2024-11-26,SKU-1001,Chennai DC,38
2024-11-27,SKU-1001,Chennai DC,35
2024-11-28,SKU-1001,Chennai DC,46
2024-11-29,SKU-1001,Chennai DC,42
2024-11-30,SKU-1001,Chennai DC,37
2024-12-01,SKU-1001,Chennai DC,60
2024-12-02,SKU-1001,Chennai DC,64
2024-12-03,SKU-1001,Chennai DC,67
2024-12-04,SKU-1001,Chennai DC,58
2024-12-05,SKU-1001,Chennai DC,69
2024-12-06,SKU-1001,Chennai DC,63
2024-12-07,SKU-1001,Chennai DC,56
2024-12-08,SKU-1001,Chennai DC,57
2024-12-09,SKU-1001,Chennai DC,59
2024-12-10,SKU-1001,Chennai DC,66
2024-12-11,SKU-1001,Chennai DC,66
2024-12-12,SKU-1001,Chennai DC,55
2024-12-13,SKU-1001,Chennai DC,70
2024-12-14,SKU-1001,Chennai DC,71
2024-12-15,SKU-1001,Chennai DC,59
2024-12-16,SKU-1001,Chennai DC,64
2024-12-17,SKU-1001,Chennai DC,59
2024-12-18,SKU-1001,Chennai DC,55
2024-12-19,SKU-1001,Chennai DC,63
2024-12-20,SKU-1001,Chennai DC,68
2024-12-21,SKU-1001,Chennai DC,61
2024-12-22,SKU-1001,Chennai DC,63
2024-12-23,SKU-1001,Chennai DC,56
2024-12-24,SKU-1001,Chennai DC,57
2024-12-25,SKU-1001,Chennai DC,69
2024-12-26,SKU-1001,Chennai DC,67
2024-12-27,SKU-1001,Chennai DC,71
2024-12-28,SKU-1001,Chennai DC,68
2024-12-29,SKU-1001,Chennai DC,58
2024-12-30,SKU-1001,Chennai DC,59
2024-12-31,SKU-1001,Chennai DC,73
2025-01-01,SKU-1001,Chennai DC,59
2025-01-02,SKU-1001,Chennai DC,60
2025-01-03,SKU-1001,Chennai DC,64
2025-01-04,SKU-1001,Chennai DC,73
2025-01-05,SKU-1001,Chennai DC,55
2025-01-06,SKU-1001,Chennai DC,60
2025-01-07,SKU-1001,Chennai DC,59
2025-01-08,SKU-1001,Chennai DC,72
2025-01-09,SKU-1001,Chennai DC,57
2025-01-10,SKU-1001,Chennai DC,62
2025-01-11,SKU-1001,Chennai DC,61
2025-01-12,SKU-1001,Chennai DC,69
2025-01-13,SKU-1001,Chennai DC,58
2025-01-14,SKU-1001,Chennai DC,70
2025-01-15,SKU-1001,Chennai DC,70
2025-01-16,SKU-1001,Chennai DC,57
2025-01-17,SKU-1001,Chennai DC,56
2025-01-18,SKU-1001,Chennai DC,66
2025-01-19,SKU-1001,Chennai DC,62
2025-01-20,SKU-1001,Chennai DC,61
2025-01-21,SKU-1001,Chennai DC,58
2025-01-22,SKU-1001,Chennai DC,58
2025-01-23,SKU-1001,Chennai DC,69
2025-01-24,SKU-1001,Chennai DC,70
2025-01-25,SKU-1001,Chennai DC,65
2025-01-26,SKU-1001,Chennai DC,60
2025-01-27,SKU-1001,Chennai DC,64
2025-01-28,SKU-1001,Chennai DC,64
2025-01-29,SKU-1001,Chennai DC,67
2025-01-30,SKU-1001,Chennai DC,64
2025-01-31,SKU-1001,Chennai DC,70
2025-02-01,SKU-1001,Chennai DC,37
2025-02-02,SKU-1001,Chennai DC,44
2025-02-03,SKU-1001,Chennai DC,42
2025-02-04,SKU-1001,Chennai DC,44
2025-02-05,SKU-1001,Chennai DC,40
2025-02-06,SKU-1001,Chennai DC,37
2025-02-07,SKU-1001,Chennai DC,43
2025-02-08,SKU-1001,Chennai DC,45
2025-02-09,SKU-1001,Chennai DC,44
2025-02-10,SKU-1001,Chennai DC,45
2025-02-11,SKU-1001,Chennai DC,45
2025-02-12,SKU-1001,Chennai DC,36
2025-02-13,SKU-1001,Chennai DC,40
2025-02-14,SKU-1001,Chennai DC,37
2025-02-15,SKU-1001,Chennai DC,41
2025-02-16,SKU-1001,Chennai DC,43
2025-02-17,SKU-1001,Chennai DC,45
2025-02-18,SKU-1001,Chennai DC,42
2025-02-19,SKU-1001,Chennai DC,43
2025-02-20,SKU-1001,Chennai DC,44
2025-02-21,SKU-1001,Chennai DC,35
2025-02-22,SKU-1001,Chennai DC,39
2025-02-23,SKU-1001,Chennai DC,40
2025-02-24,SKU-1001,Chennai DC,45
2025-02-25,SKU-1001,Chennai DC,43
2025-02-26,SKU-1001,Chennai DC,41
2025-02-27,SKU-1001,Chennai DC,40
2025-02-28,SKU-1001,Chennai DC,44
2025-03-01,SKU-1001,Chennai DC,40
2025-03-02,SKU-1001,Chennai DC,38
2025-03-03,SKU-1001,Chennai DC,44
2025-03-04,SKU-1001,Chennai DC,43
2025-03-05,SKU-1001,Chennai DC,39
2025-03-06,SKU-1001,Chennai DC,36
2025-03-07,SKU-1001,Chennai DC,43
2025-03-08,SKU-1001,Chennai DC,40
2025-03-09,SKU-1001,Chennai DC,44
2025-03-10,SKU-1001,Chennai DC,35
2025-03-11,SKU-1001,Chennai DC,39
2025-03-12,SKU-1001,Chennai DC,35
2025-03-13,SKU-1001,Chennai DC,42
2025-03-14,SKU-1001,Chennai DC,45
2025-03-15,SKU-1001,Chennai DC,35
2025-03-16,SKU-1001,Chennai DC,37
2025-03-17,SKU-1001,Chennai DC,41
2025-03-18,SKU-1001,Chennai DC,39
2025-03-19,SKU-1001,Chennai DC,45
2025-03-20,SKU-1001,Chennai DC,44
2025-03-21,SKU-1001,Chennai DC,36
2025-03-22,SKU-1001,Chennai DC,41
2025-03-23,SKU-1001,Chennai DC,44
2025-03-24,SKU-1001,Chennai DC,41
2025-03-25,SKU-1001,Chennai DC,45
2025-03-26,SKU-1001,Chennai DC,39
2025-03-27,SKU-1001,Chennai DC,43
2025-03-28,SKU-1001,Chennai DC,41
2025-03-29,SKU-1001,Chennai DC,45
2025-03-30,SKU-1001,Chennai DC,41
2025-03-31,SKU-1001,Chennai DC,38
2025-04-01,SKU-1001,Chennai DC,43
2025-04-02,SKU-1001,Chennai DC,39
2025-04-03,SKU-1001,Chennai DC,45
2025-04-04,SKU-1001,Chennai DC,44
2025-04-05,SKU-1001,Chennai DC,36
2025-04-06,SKU-1001,Chennai DC,45
2025-04-07,SKU-1001,Chennai DC,45
2025-04-08,SKU-1001,Chennai DC,35
2025-04-09,SKU-1001,Chennai DC,43
2025-04-10,SKU-1001,Chennai DC,39
2025-04-11,SKU-1001,Chennai DC,39
2025-04-12,SKU-1001,Chennai DC,37
2025-04-13,SKU-1001,Chennai DC,35
2025-04-14,SKU-1001,Chennai DC,35
2025-04-15,SKU-1001,Chennai DC,36
2025-04-16,SKU-1001,Chennai DC,41
2025-04-17,SKU-1001,Chennai DC,42
2025-04-18,SKU-1001,Chennai DC,37
2025-04-19,SKU-1001,Chennai DC,41
2025-04-20,SKU-1001,Chennai DC,35
2025-04-21,SKU-1001,Chennai DC,44
2025-04-22,SKU-1001,Chennai DC,37
2025-04-23,SKU-1001,Chennai DC,46
2025-04-24,SKU-1001,Chennai DC,36
2025-04-25,SKU-1001,Chennai DC,46
2025-04-26,SKU-1001,Chennai DC,41
2025-04-27,SKU-1001,Chennai DC,43
2025-04-28,SKU-1001,Chennai DC,37
2025-04-29,SKU-1001,Chennai DC,41
2025-04-30,SKU-1001,Chennai DC,39
2025-05-01,SKU-1001,Chennai DC,41
2025-05-02,SKU-1001,Chennai DC,36
2025-05-03,SKU-1001,Chennai DC,40
2025-05-04,SKU-1001,Chennai DC,37
2025-05-05,SKU-1001,Chennai DC,45
2025-05-06,SKU-1001,Chennai DC,43
2025-05-07,SKU-1001,Chennai DC,38
2025-05-08,SKU-1001,Chennai DC,44
2025-05-09,SKU-1001,Chennai DC,34
2025-05-10,SKU-1001,Chennai DC,37
2025-05-11,SKU-1001,Chennai DC,44
2025-05-12,SKU-1001,Chennai DC,35
2025-05-13,SKU-1001,Chennai DC,45
2025-05-14,SKU-1001,Chennai DC,40
2025-05-15,SKU-1001,Chennai DC,46
2025-05-16,SKU-1001,Chennai DC,44
2025-05-17,SKU-1001,Chennai DC,43
2025-05-18,SKU-1001,Chennai DC,40
2025-05-19,SKU-1001,Chennai DC,35
2025-05-20,SKU-1001,Chennai DC,38
2025-05-21,SKU-1001,Chennai DC,39
2025-05-22,SKU-1001,Chennai DC,41
2025-05-23,SKU-1001,Chennai DC,39
2025-05-24,SKU-1001,Chennai DC,41
2025-05-25,SKU-1001,Chennai DC,37
2025-05-26,SKU-1001,Chennai DC,39
2025-05-27,SKU-1001,Chennai DC,37
2025-05-28,SKU-1001,Chennai DC,34
2025-05-29,SKU-1001,Chennai DC,43
2025-05-30,SKU-1001,Chennai DC,39
2025-05-31,SKU-1001,Chennai DC,44
2025-06-01,SKU-1001,Chennai DC,38
2025-06-02,SKU-1001,Chennai DC,39
2025-06-03,SKU-1001,Chennai DC,46
2025-06-04,SKU-1001,Chennai DC,46
2025-06-05,SKU-1001,Chennai DC,37
2025-06-06,SKU-1001,Chennai DC,46
2025-06-07,SKU-1001,Chennai DC,41
2025-06-08,SKU-1001,Chennai DC,44
2025-06-09,SKU-1001,Chennai DC,45
2025-06-10,SKU-1001,Chennai DC,43
2025-06-11,SKU-1001,Chennai DC,41
2025-06-12,SKU-1001,Chennai DC,41
2025-06-13,SKU-1001,Chennai DC,35
2025-06-14,SKU-1001,Chennai DC,39
2025-06-15,SKU-1001,Chennai DC,38
2025-06-16,SKU-1001,Chennai DC,45
2025-06-17,SKU-1001,Chennai DC,40
2025-06-18,SKU-1001,Chennai DC,39
2025-06-19,SKU-1001,Chennai DC,42
2025-06-20,SKU-1001,Chennai DC,45
2025-06-21,SKU-1001,Chennai DC,38
2025-06-22,SKU-1001,Chennai DC,44
2025-06-23,SKU-1001,Chennai DC,36
2025-06-24,SKU-1001,Chennai DC,43
2025-06-25,SKU-1001,Chennai DC,42
2025-06-26,SKU-1001,Chennai DC,44
2025-06-27,SKU-1001,Chennai DC,37
2025-06-28,SKU-1001,Chennai DC,40
2025-06-29,SKU-1001,Chennai DC,44
2025-06-30,SKU-1001,Chennai DC,39
2025-07-01,SKU-1001,Chennai DC,34
2025-07-02,SKU-1001,Chennai DC,39
2025-07-03,SKU-1001,Chennai DC,36
2025-07-04,SKU-1001,Chennai DC,44
2025-07-05,SKU-1001,Chennai DC,41
2025-07-06,SKU-1001,Chennai DC,40
2025-07-07,SKU-1001,Chennai DC,44
2025-07-08,SKU-1001,Chennai DC,40
2025-07-09,SKU-1001,Chennai DC,44
2025-07-10,SKU-1001,Chennai DC,35
2025-07-11,SKU-1001,Chennai DC,42
2025-07-12,SKU-1001,Chennai DC,42
2025-07-13,SKU-1001,Chennai DC,37
2025-07-14,SKU-1001,Chennai DC,37
2025-07-15,SKU-1001,Chennai DC,40
2025-07-16,SKU-1001,Chennai DC,39
2025-07-17,SKU-1001,Chennai DC,43
2025-07-18,SKU-1001,Chennai DC,45
2025-07-19,SKU-1001,Chennai DC,43
2025-07-20,SKU-1001,Chennai DC,41
2025-07-21,SKU-1001,Chennai DC,41
2025-07-22,SKU-1001,Chennai DC,34
2025-07-23,SKU-1001,Chennai DC,42
2025-07-24,SKU-1001,Chennai DC,36
2025-07-25,SKU-1001,Chennai DC,46
2025-07-26,SKU-1001,Chennai DC,38
2025-07-27,SKU-1001,Chennai DC,46
2025-07-28,SKU-1001,Chennai DC,44
2025-07-29,SKU-1001,Chennai DC,35
2025-07-30,SKU-1001,Chennai DC,45
2025-07-31,SKU-1001,Chennai DC,42
2025-08-01,SKU-1001,Chennai DC,38
2025-08-02,SKU-1001,Chennai DC,34
2025-08-03,SKU-1001,Chennai DC,37
2025-08-04,SKU-1001,Chennai DC,46
2025-08-05,SKU-1001,Chennai DC,38
2025-08-06,SKU-1001,Chennai DC,38
2025-08-07,SKU-1001,Chennai DC,44
2025-08-08,SKU-1001,Chennai DC,40
2025-08-09,SKU-1001,Chennai DC,44
2025-08-10,SKU-1001,Chennai DC,43
2025-08-11,SKU-1001,Chennai DC,40
2025-08-12,SKU-1001,Chennai DC,35
2025-08-13,SKU-1001,Chennai DC,36
2025-08-14,SKU-1001,Chennai DC,43
2025-08-15,SKU-1001,Chennai DC,46
2025-08-16,SKU-1001,Chennai DC,41
2025-08-17,SKU-1001,Chennai DC,40
2025-08-18,SKU-1001,Chennai DC,44
2025-08-19,SKU-1001,Chennai DC,38
2025-08-20,SKU-1001,Chennai DC,40
2025-08-21,SKU-1001,Chennai DC,37
2025-08-22,SKU-1001,Chennai DC,44
2025-08-23,SKU-1001,Chennai DC,37
2025-08-24,SKU-1001,Chennai DC,46
2025-08-25,SKU-1001,Chennai DC,40
2025-08-26,SKU-1001,Chennai DC,38
2025-08-27,SKU-1001,Chennai DC,43
2025-08-28,SKU-1001,Chennai DC,45
2025-08-29,SKU-1001,Chennai DC,42
2025-08-30,SKU-1001,Chennai DC,46
2025-08-31,SKU-1001,Chennai DC,36
2025-09-01,SKU-1001,Chennai DC,44
2025-09-02,SKU-1001,Chennai DC,41
2025-09-03,SKU-1001,Chennai DC,40
2025-09-04,SKU-1001,Chennai DC,38
2025-09-05,SKU-1001,Chennai DC,38
2025-09-06,SKU-1001,Chennai DC,41
2025-09-07,SKU-1001,Chennai DC,36
2025-09-08,SKU-1001,Chennai DC,45
2025-09-09,SKU-1001,Chennai DC,44
2025-09-10,SKU-1001,Chennai DC,40
2025-09-11,SKU-1001,Chennai DC,44
2025-09-12,SKU-1001,Chennai DC,45
2025-09-13,SKU-1001,Chennai DC,45
2025-09-14,SKU-1001,Chennai DC,37
2025-09-15,SKU-1001,Chennai DC,37
2025-09-16,SKU-1001,Chennai DC,43
2025-09-17,SKU-1001,Chennai DC,42
2025-09-18,SKU-1001,Chennai DC,37
2025-09-19,SKU-1001,Chennai DC,40
2025-09-20,SKU-1001,Chennai DC,42
2025-09-21,SKU-1001,Chennai DC,38
2025-09-22,SKU-1001,Chennai DC,43
2025-09-23,SKU-1001,Chennai DC,36
2025-09-24,SKU-1001,Chennai DC,40
2025-09-25,SKU-1001,Chennai DC,43
2025-09-26,SKU-1001,Chennai DC,42
2025-09-27,SKU-1001,Chennai DC,36
2025-09-28,SKU-1001,Chennai DC,35
2025-09-29,SKU-1001,Chennai DC,36
2025-09-30,SKU-1001,Chennai DC,39
2025-10-01,SKU-1001,Chennai DC,39
2025-10-02,SKU-1001,Chennai DC,44
2025-10-03,SKU-1001,Chennai DC,39
2025-10-04,SKU-1001,Chennai DC,45
2025-10-05,SKU-1001,Chennai DC,38
2025-10-06,SKU-1001,Chennai DC,38
2025-10-07,SKU-1001,Chennai DC,35
2025-10-08,SKU-1001,Chennai DC,35
2025-10-09,SKU-1001,Chennai DC,35
2025-10-10,SKU-1001,Chennai DC,45
2025-10-11,SKU-1001,Chennai DC,38
2025-10-12,SKU-1001,Chennai DC,46
2025-10-13,SKU-1001,Chennai DC,42
2025-10-14,SKU-1001,Chennai DC,45
2025-10-15,SKU-1001,Chennai DC,38
2025-10-16,SKU-1001,Chennai DC,42
2025-10-17,SKU-1001,Chennai DC,41
2025-10-18,SKU-1001,Chennai DC,40
2025-10-19,SKU-1001,Chennai DC,37
2025-10-20,SKU-1001,Chennai DC,45
2025-10-21,SKU-1001,Chennai DC,35
2025-10-22,SKU-1001,Chennai DC,37
2025-10-23,SKU-1001,Chennai DC,43
2025-10-24,SKU-1001,Chennai DC,39
2025-10-25,SKU-1001,Chennai DC,40
2025-10-26,SKU-1001,Chennai DC,44
2025-10-27,SKU-1001,Chennai DC,40
2025-10-28,SKU-1001,Chennai DC,40
2025-10-29,SKU-1001,Chennai DC,36
2025-10-30,SKU-1001,Chennai DC,36
2025-10-31,SKU-1001,Chennai DC,39
2025-11-01,SKU-1001,Chennai DC,44
2025-11-02,SKU-1001,Chennai DC,40
2025-11-03,SKU-1001,Chennai DC,41
2025-11-04,SKU-1001,Chennai DC,37
2025-11-05,SKU-1001,Chennai DC,44
2025-11-06,SKU-1001,Chennai DC,43
2025-11-07,SKU-1001,Chennai DC,39
2025-11-08,SKU-1001,Chennai DC,41
2025-11-09,SKU-1001,Chennai DC,40
2025-11-10,SKU-1001,Chennai DC,37
2025-11-11,SKU-1001,Chennai DC,40
2025-11-12,SKU-1001,Chennai DC,39
2025-11-13,SKU-1001,Chennai DC,40
2025-11-14,SKU-1001,Chennai DC,38
2025-11-15,SKU-1001,Chennai DC,34
2025-11-16,SKU-1001,Chennai DC,35
2025-11-17,SKU-1001,Chennai DC,41
2025-11-18,SKU-1001,Chennai DC,39
2025-11-19,SKU-1001,Chennai DC,46
2025-11-20,SKU-1001,Chennai DC,41
2025-11-21,SKU-1001,Chennai DC,38
2025-11-22,SKU-1001,Chennai DC,44
2025-11-23,SKU-1001,Chennai DC,35
2025-11-24,SKU-1001,Chennai DC,44
2025-11-25,SKU-1001,Chennai DC,44
2025-11-26,SKU-1001,Chennai DC,45
2025-11-27,SKU-1001,Chennai DC,40
2025-11-28,SKU-1001,Chennai DC,35
2025-11-29,SKU-1001,Chennai DC,44
2025-11-30,SKU-1001,Chennai DC,45
2025-12-01,SKU-1001,Chennai DC,58
2025-12-02,SKU-1001,Chennai DC,57
2025-12-03,SKU-1001,Chennai DC,71
2025-12-04,SKU-1001,Chennai DC,65
2025-12-05,SKU-1001,Chennai DC,58
2025-12-06,SKU-1001,Chennai DC,67
2025-12-07,SKU-1001,Chennai DC,63
2025-12-08,SKU-1001,Chennai DC,67
2025-12-09,SKU-1001,Chennai DC,64
2025-12-10,SKU-1001,Chennai DC,58
2025-12-11,SKU-1001,Chennai DC,67
2025-12-12,SKU-1001,Chennai DC,60
2025-12-13,SKU-1001,Chennai DC,64
2025-12-14,SKU-1001,Chennai DC,62
2025-12-15,SKU-1001,Chennai DC,70
2025-12-16,SKU-1001,Chennai DC,67
2025-12-17,SKU-1001,Chennai DC,67
2025-12-18,SKU-1001,Chennai DC,73
2025-12-19,SKU-1001,Chennai DC,56
2025-12-20,SKU-1001,Chennai DC,64
2025-12-21,SKU-1001,Chennai DC,68
2025-12-22,SKU-1001,Chennai DC,64
2025-12-23,SKU-1001,Chennai DC,59
2025-12-24,SKU-1001,Chennai DC,55
2025-12-25,SKU-1001,Chennai DC,73
2025-12-26,SKU-1001,Chennai DC,57
2025-12-27,SKU-1001,Chennai DC,73
2025-12-28,SKU-1001,Chennai DC,55
2025-12-29,SKU-1001,Chennai DC,73
2025-12-30,SKU-1001,Chennai DC,70
2025-12-31,SKU-1001,Chennai DC,66
2026-01-01,SKU-1001,Chennai DC,61
2026-01-02,SKU-1001,Chennai DC,60
2026-01-03,SKU-1001,Chennai DC,72
2026-01-04,SKU-1001,Chennai DC,55
2026-01-05,SKU-1001,Chennai DC,55
2026-01-06,SKU-1001,Chennai DC,69
2026-01-07,SKU-1001,Chennai DC,70
2026-01-08,SKU-1001,Chennai DC,60
2026-01-09,SKU-1001,Chennai DC,59
2026-01-10,SKU-1001,Chennai DC,69
2026-01-11,SKU-1001,Chennai DC,63
2026-01-12,SKU-1001,Chennai DC,73
2026-01-13,SKU-1001,Chennai DC,72
2026-01-14,SKU-1001,Chennai DC,72
2026-01-15,SKU-1001,Chennai DC,70
2026-01-16,SKU-1001,Chennai DC,59
2026-01-17,SKU-1001,Chennai DC,72
2026-01-18,SKU-1001,Chennai DC,60
2026-01-19,SKU-1001,Chennai DC,55
2026-01-20,SKU-1001,Chennai DC,73
2026-01-21,SKU-1001,Chennai DC,68
2026-01-22,SKU-1001,Chennai DC,65
2026-01-23,SKU-1001,Chennai DC,62
2026-01-24,SKU-1001,Chennai DC,57
2026-01-25,SKU-1001,Chennai DC,55
2026-01-26,SKU-1001,Chennai DC,69
2026-01-27,SKU-1001,Chennai DC,73
2026-01-28,SKU-1001,Chennai DC,60
2026-01-29,SKU-1001,Chennai DC,70
2026-01-30,SKU-1001,Chennai DC,55
2026-01-31,SKU-1001,Chennai DC,55
2026-02-01,SKU-1001,Chennai DC,35
2026-02-02,SKU-1001,Chennai DC,39
2026-02-03,SKU-1001,Chennai DC,35
2026-02-04,SKU-1001,Chennai DC,44
2026-02-05,SKU-1001,Chennai DC,40
2026-02-06,SKU-1001,Chennai DC,39
2026-02-07,SKU-1001,Chennai DC,45
2026-02-08,SKU-1001,Chennai DC,42
2026-02-09,SKU-1001,Chennai DC,39
2026-02-10,SKU-1001,Chennai DC,41
2026-02-11,SKU-1001,Chennai DC,41
2026-02-12,SKU-1001,Chennai DC,39
2026-02-13,SKU-1001,Chennai DC,45
2026-02-14,SKU-1001,Chennai DC,45
2026-02-15,SKU-1001,Chennai DC,44
2026-02-16,SKU-1001,Chennai DC,43
2026-02-17,SKU-1001,Chennai DC,37
2026-02-18,SKU-1001,Chennai DC,42
2026-02-19,SKU-1001,Chennai DC,42
2026-02-20,SKU-1001,Chennai DC,41
2026-02-21,SKU-1001,Chennai DC,37
2026-02-22,SKU-1001,Chennai DC,42
2026-02-23,SKU-1001,Chennai DC,37
2026-02-24,SKU-1001,Chennai DC,34
2026-02-25,SKU-1001,Chennai DC,36
2026-02-26,SKU-1001,Chennai DC,35
2026-02-27,SKU-1001,Chennai DC,37
2026-02-28,SKU-1001,Chennai DC,35
2026-03-01,SKU-1001,Chennai DC,42
2026-03-02,SKU-1001,Chennai DC,43
2026-03-03,SKU-1001,Chennai DC,37
2026-03-04,SKU-1001,Chennai DC,41
2026-03-05,SKU-1001,Chennai DC,35
2026-03-06,SKU-1001,Chennai DC,39
2026-03-07,SKU-1001,Chennai DC,40
2026-03-08,SKU-1001,Chennai DC,40
2026-03-09,SKU-1001,Chennai DC,42
2026-03-10,SKU-1001,Chennai DC,46
2026-03-11,SKU-1001,Chennai DC,38
2026-03-12,SKU-1001,Chennai DC,38
2026-03-13,SKU-1001,Chennai DC,40
2026-03-14,SKU-1001,Chennai DC,34
2026-03-15,SKU-1001,Chennai DC,39
2026-03-16,SKU-1001,Chennai DC,43
2026-03-17,SKU-1001,Chennai DC,45
2026-03-18,SKU-1001,Chennai DC,43
2026-03-19,SKU-1001,Chennai DC,36
2026-03-20,SKU-1001,Chennai DC,43
2026-03-21,SKU-1001,Chennai DC,36
2026-03-22,SKU-1001,Chennai DC,40
2026-03-23,SKU-1001,Chennai DC,46
2026-03-24,SKU-1001,Chennai DC,36
2026-03-25,SKU-1001,Chennai DC,46
2026-03-26,SKU-1001,Chennai DC,36
2026-03-27,SKU-1001,Chennai DC,42
2026-03-28,SKU-1001,Chennai DC,46
2026-03-29,SKU-1001,Chennai DC,42
2026-03-30,SKU-1001,Chennai DC,38
2026-03-31,SKU-1001,Chennai DC,38
2026-04-01,SKU-1001,Chennai DC,40
2026-04-02,SKU-1001,Chennai DC,45
2026-04-03,SKU-1001,Chennai DC,41
2026-04-04,SKU-1001,Chennai DC,37
2026-04-05,SKU-1001,Chennai DC,45
2026-04-06,SKU-1001,Chennai DC,35
2026-04-07,SKU-1001,Chennai DC,42
2026-04-08,SKU-1001,Chennai DC,38
2026-04-09,SKU-1001,Chennai DC,39
2026-04-10,SKU-1001,Chennai DC,40
2026-04-11,SKU-1001,Chennai DC,43
2026-04-12,SKU-1001,Chennai DC,44
2026-04-13,SKU-1001,Chennai DC,39
2026-04-14,SKU-1001,Chennai DC,35
2026-04-15,SKU-1001,Chennai DC,37
2026-04-16,SKU-1001,Chennai DC,39
2026-04-17,SKU-1001,Chennai DC,43
2026-04-18,SKU-1001,Chennai DC,37
2026-04-19,SKU-1001,Chennai DC,43
2026-04-20,SKU-1001,Chennai DC,36
2026-04-21,SKU-1001,Chennai DC,43
2026-04-22,SKU-1001,Chennai DC,36
2026-04-23,SKU-1001,Chennai DC,44
2026-04-24,SKU-1001,Chennai DC,37
2026-04-25,SKU-1001,Chennai DC,36
2026-04-26,SKU-1001,Chennai DC,39
2026-04-27,SKU-1001,Chennai DC,44
2026-04-28,SKU-1001,Chennai DC,44
2026-04-29,SKU-1001,Chennai DC,41
2026-04-30,SKU-1001,Chennai DC,40
2026-05-01,SKU-1001,Chennai DC,39
2026-05-02,SKU-1001,Chennai DC,38
2026-05-03,SKU-1001,Chennai DC,41
2026-05-04,SKU-1001,Chennai DC,43
2026-05-05,SKU-1001,Chennai DC,35
2026-05-06,SKU-1001,Chennai DC,36
2026-05-07,SKU-1001,Chennai DC,39
2026-05-08,SKU-1001,Chennai DC,38
2026-05-09,SKU-1001,Chennai DC,37
2026-05-10,SKU-1001,Chennai DC,40
2026-05-11,SKU-1001,Chennai DC,45
2026-05-12,SKU-1001,Chennai DC,44
2026-05-13,SKU-1001,Chennai DC,41
2026-05-14,SKU-1001,Chennai DC,42
2026-05-15,SKU-1001,Chennai DC,45
2026-05-16,SKU-1001,Chennai DC,44
2026-05-17,SKU-1001,Chennai DC,42
2026-05-18,SKU-1001,Chennai DC,44
2026-05-19,SKU-1001,Chennai DC,36
2026-05-20,SKU-1001,Chennai DC,38
2026-05-21,SKU-1001,Chennai DC,41
2026-05-22,SKU-1001,Chennai DC,46
2026-05-23,SKU-1001,Chennai DC,40
2026-05-24,SKU-1001,Chennai DC,37
2026-05-25,SKU-1001,Chennai DC,38
2026-05-26,SKU-1001,Chennai DC,45
2026-05-27,SKU-1001,Chennai DC,36
2026-05-28,SKU-1001,Chennai DC,42
2026-05-29,SKU-1001,Chennai DC,37
2026-05-30,SKU-1001,Chennai DC,36
2026-05-31,SKU-1001,Chennai DC,39
2026-06-01,SKU-1001,Chennai DC,43
2026-06-02,SKU-1001,Chennai DC,43
2026-06-03,SKU-1001,Chennai DC,45
2026-06-04,SKU-1001,Chennai DC,44
2026-06-05,SKU-1001,Chennai DC,39
2026-06-06,SKU-1001,Chennai DC,41
2026-06-07,SKU-1001,Chennai DC,34
2026-06-08,SKU-1001,Chennai DC,45
2026-06-09,SKU-1001,Chennai DC,35
2026-06-10,SKU-1001,Chennai DC,37
2026-06-11,SKU-1001,Chennai DC,34
2026-06-12,SKU-1001,Chennai DC,42
2026-06-13,SKU-1001,Chennai DC,41
2026-06-14,SKU-1001,Chennai DC,37
2026-06-15,SKU-1001,Chennai DC,41
2026-06-16,SKU-1001,Chennai DC,41
2026-06-17,SKU-1001,Chennai DC,40
2026-06-18,SKU-1001,Chennai DC,45
2026-06-19,SKU-1001,Chennai DC,35
2026-06-20,SKU-1001,Chennai DC,37
2026-06-21,SKU-1001,Chennai DC,41
2026-06-22,SKU-1001,Chennai DC,40
2026-06-23,SKU-1001,Chennai DC,36
2026-06-24,SKU-1001,Chennai DC,41
2026-06-25,SKU-1001,Chennai DC,40
2026-06-26,SKU-1001,Chennai DC,42
2026-06-27,SKU-1001,Chennai DC,44
2026-06-28,SKU-1001,Chennai DC,46
2026-06-29,SKU-1001,Chennai DC,36
2026-06-30,SKU-1001,Chennai DC,36
2026-07-01,SKU-1001,Chennai DC,35
2026-07-02,SKU-1001,Chennai DC,45
2026-07-03,SKU-1001,Chennai DC,42
2026-07-04,SKU-1001,Chennai DC,40
2026-07-05,SKU-1001,Chennai DC,37
2026-07-06,SKU-1001,Chennai DC,44
2026-07-07,SKU-1001,Chennai DC,39
2026-07-08,SKU-1001,Chennai DC,36
2026-07-09,SKU-1001,Chennai DC,45
2026-07-10,SKU-1001,Chennai DC,34
2026-07-11,SKU-1001,Chennai DC,40
2026-07-12,SKU-1001,Chennai DC,40
2026-07-13,SKU-1001,Chennai DC,35
2026-07-14,SKU-1001,Chennai DC,38
2026-07-15,SKU-1001,Chennai DC,43
2026-07-16,SKU-1001,Chennai DC,41
2026-07-17,SKU-1001,Chennai DC,41
2026-07-18,SKU-1001,Chennai DC,45
2026-07-19,SKU-1001,Chennai DC,38
2026-07-20,SKU-1001,Chennai DC,39
2026-07-21,SKU-1001,Chennai DC,44
2026-07-22,SKU-1001,Chennai DC,42
2026-07-23,SKU-1001,Chennai DC,36
2026-07-24,SKU-1001,Chennai DC,39
2026-07-25,SKU-1001,Chennai DC,40
2026-07-26,SKU-1001,Chennai DC,45
2026-07-27,SKU-1001,Chennai DC,40
2026-07-28,SKU-1001,Chennai DC,42
2026-07-29,SKU-1001,Chennai DC,44
2026-07-30,SKU-1001,Chennai DC,36
2026-07-31,SKU-1001,Chennai DC,46
2026-08-01,SKU-1001,Chennai DC,43
2026-08-02,SKU-1001,Chennai DC,36
2026-08-03,SKU-1001,Chennai DC,39
2026-08-04,SKU-1001,Chennai DC,43
2026-08-05,SKU-1001,Chennai DC,41
2026-08-06,SKU-1001,Chennai DC,42
2026-08-07,SKU-1001,Chennai DC,44
2026-08-08,SKU-1001,Chennai DC,40
2026-08-09,SKU-1001,Chennai DC,37
2026-08-10,SKU-1001,Chennai DC,44
2026-08-11,SKU-1001,Chennai DC,36
2026-08-12,SKU-1001,Chennai DC,38
2026-08-13,SKU-1001,Chennai DC,45
2026-08-14,SKU-1001,Chennai DC,41
2026-08-15,SKU-1001,Chennai DC,39
2026-08-16,SKU-1001,Chennai DC,45
2024-08-17,SKU-1001,Siliguri DC,31
2024-08-18,SKU-1001,Siliguri DC,31
2024-08-19,SKU-1001,Siliguri DC,30
2024-08-20,SKU-1001,Siliguri DC,32
2024-08-21,SKU-1001,Siliguri DC,30
2024-08-22,SKU-1001,Siliguri DC,30
2024-08-23,SKU-1001,Siliguri DC,27
2024-08-24,SKU-1001,Siliguri DC,25
2024-08-25,SKU-1001,Siliguri DC,28
2024-08-26,SKU-1001,Siliguri DC,29
2024-08-27,SKU-1001,Siliguri DC,26
2024-08-28,SKU-1001,Siliguri DC,29
2024-08-29,SKU-1001,Siliguri DC,24
2024-08-30,SKU-1001,Siliguri DC,26
2024-08-31,SKU-1001,Siliguri DC,28
2024-09-01,SKU-1001,Siliguri DC,24
2024-09-02,SKU-1001,Siliguri DC,25
2024-09-03,SKU-1001,Siliguri DC,31
2024-09-04,SKU-1001,Siliguri DC,24
2024-09-05,SKU-1001,Siliguri DC,29
2024-09-06,SKU-1001,Siliguri DC,29
2024-09-07,SKU-1001,Siliguri DC,28
2024-09-08,SKU-1001,Siliguri DC,25
2024-09-09,SKU-1001,Siliguri DC,27
2024-09-10,SKU-1001,Siliguri DC,32
2024-09-11,SKU-1001,Siliguri DC,26
2024-09-12,SKU-1001,Siliguri DC,31
2024-09-13,SKU-1001,Siliguri DC,24
2024-09-14,SKU-1001,Siliguri DC,31
2024-09-15,SKU-1001,Siliguri DC,27
2024-09-16,SKU-1001,Siliguri DC,24
2024-09-17,SKU-1001,Siliguri DC,29
2024-09-18,SKU-1001,Siliguri DC,30
2024-09-19,SKU-1001,Siliguri DC,25
2024-09-20,SKU-1001,Siliguri DC,32
2024-09-21,SKU-1001,Siliguri DC,24
2024-09-22,SKU-1001,Siliguri DC,28
2024-09-23,SKU-1001,Siliguri DC,24
2024-09-24,SKU-1001,Siliguri DC,28
2024-09-25,SKU-1001,Siliguri DC,32
2024-09-26,SKU-1001,Siliguri DC,32
2024-09-27,SKU-1001,Siliguri DC,31
2024-09-28,SKU-1001,Siliguri DC,24
2024-09-29,SKU-1001,Siliguri DC,29
2024-09-30,SKU-1001,Siliguri DC,29
2024-10-01,SKU-1001,Siliguri DC,26
2024-10-02,SKU-1001,Siliguri DC,28
2024-10-03,SKU-1001,Siliguri DC,28
2024-10-04,SKU-1001,Siliguri DC,25
2024-10-05,SKU-1001,Siliguri DC,28
2024-10-06,SKU-1001,Siliguri DC,32
2024-10-07,SKU-1001,Siliguri DC,31
2024-10-08,SKU-1001,Siliguri DC,25
2024-10-09,SKU-1001,Siliguri DC,32
2024-10-10,SKU-1001,Siliguri DC,29
2024-10-11,SKU-1001,Siliguri DC,32
2024-10-12,SKU-1001,Siliguri DC,28
2024-10-13,SKU-1001,Siliguri DC,31
2024-10-14,SKU-1001,Siliguri DC,30
2024-10-15,SKU-1001,Siliguri DC,30
2024-10-16,SKU-1001,Siliguri DC,28
2024-10-17,SKU-1001,Siliguri DC,27
2024-10-18,SKU-1001,Siliguri DC,26
2024-10-19,SKU-1001,Siliguri DC,30
2024-10-20,SKU-1001,Siliguri DC,25
2024-10-21,SKU-1001,Siliguri DC,30
2024-10-22,SKU-1001,Siliguri DC,27
2024-10-23,SKU-1001,Siliguri DC,26
2024-10-24,SKU-1001,Siliguri DC,25
2024-10-25,SKU-1001,Siliguri DC,31
2024-10-26,SKU-1001,Siliguri DC,25
2024-10-27,SKU-1001,Siliguri DC,27
2024-10-28,SKU-1001,Siliguri DC,32
2024-10-29,SKU-1001,Siliguri DC,30
2024-10-30,SKU-1001,Siliguri DC,27
2024-10-31,SKU-1001,Siliguri DC,27
2024-11-01,SKU-1001,Siliguri DC,25
2024-11-02,SKU-1001,Siliguri DC,32
2024-11-03,SKU-1001,Siliguri DC,31
2024-11-04,SKU-1001,Siliguri DC,26
2024-11-05,SKU-1001,Siliguri DC,27
2024-11-06,SKU-1001,Siliguri DC,24
2024-11-07,SKU-1001,Siliguri DC,31
2024-11-08,SKU-1001,Siliguri DC,24
2024-11-09,SKU-1001,Siliguri DC,27
2024-11-10,SKU-1001,Siliguri DC,25
2024-11-11,SKU-1001,Siliguri DC,30
2024-11-12,SKU-1001,Siliguri DC,29
2024-11-13,SKU-1001,Siliguri DC,27
2024-11-14,SKU-1001,Siliguri DC,31
2024-11-15,SKU-1001,Siliguri DC,32
2024-11-16,SKU-1001,Siliguri DC,28
2024-11-17,SKU-1001,Siliguri DC,32
2024-11-18,SKU-1001,Siliguri DC,32
2024-11-19,SKU-1001,Siliguri DC,29
2024-11-20,SKU-1001,Siliguri DC,26
2024-11-21,SKU-1001,Siliguri DC,27
2024-11-22,SKU-1001,Siliguri DC,27
2024-11-23,SKU-1001,Siliguri DC,29
2024-11-24,SKU-1001,Siliguri DC,27
2024-11-25,SKU-1001,Siliguri DC,29
2024-11-26,SKU-1001,Siliguri DC,31
2024-11-27,SKU-1001,Siliguri DC,28
2024-11-28,SKU-1001,Siliguri DC,27
2024-11-29,SKU-1001,Siliguri DC,30
2024-11-30,SKU-1001,Siliguri DC,32
2024-12-01,SKU-1001,Siliguri DC,44
2024-12-02,SKU-1001,Siliguri DC,43
2024-12-03,SKU-1001,Siliguri DC,47
2024-12-04,SKU-1001,Siliguri DC,45
2024-12-05,SKU-1001,Siliguri DC,44
2024-12-06,SKU-1001,Siliguri DC,46
2024-12-07,SKU-1001,Siliguri DC,44
2024-12-08,SKU-1001,Siliguri DC,50
2024-12-09,SKU-1001,Siliguri DC,51
2024-12-10,SKU-1001,Siliguri DC,43
2024-12-11,SKU-1001,Siliguri DC,47
2024-12-12,SKU-1001,Siliguri DC,48
2024-12-13,SKU-1001,Siliguri DC,44
2024-12-14,SKU-1001,Siliguri DC,43
2024-12-15,SKU-1001,Siliguri DC,48
2024-12-16,SKU-1001,Siliguri DC,47
2024-12-17,SKU-1001,Siliguri DC,41
2024-12-18,SKU-1001,Siliguri DC,50
2024-12-19,SKU-1001,Siliguri DC,43
2024-12-20,SKU-1001,Siliguri DC,46
2024-12-21,SKU-1001,Siliguri DC,40
2024-12-22,SKU-1001,Siliguri DC,49
2024-12-23,SKU-1001,Siliguri DC,39
2024-12-24,SKU-1001,Siliguri DC,38
2024-12-25,SKU-1001,Siliguri DC,47
2024-12-26,SKU-1001,Siliguri DC,43
2024-12-27,SKU-1001,Siliguri DC,40
2024-12-28,SKU-1001,Siliguri DC,50
2024-12-29,SKU-1001,Siliguri DC,39
2024-12-30,SKU-1001,Siliguri DC,49
2024-12-31,SKU-1001,Siliguri DC,45
2025-01-01,SKU-1001,Siliguri DC,51
2025-01-02,SKU-1001,Siliguri DC,48
2025-01-03,SKU-1001,Siliguri DC,46
2025-01-04,SKU-1001,Siliguri DC,41
2025-01-05,SKU-1001,Siliguri DC,44
2025-01-06,SKU-1001,Siliguri DC,44
2025-01-07,SKU-1001,Siliguri DC,51
2025-01-08,SKU-1001,Siliguri DC,50
2025-01-09,SKU-1001,Siliguri DC,39
2025-01-10,SKU-1001,Siliguri DC,45
2025-01-11,SKU-1001,Siliguri DC,41
2025-01-12,SKU-1001,Siliguri DC,48
2025-01-13,SKU-1001,Siliguri DC,41
2025-01-14,SKU-1001,Siliguri DC,48
2025-01-15,SKU-1001,Siliguri DC,51
2025-01-16,SKU-1001,Siliguri DC,42
2025-01-17,SKU-1001,Siliguri DC,43
2025-01-18,SKU-1001,Siliguri DC,50
2025-01-19,SKU-1001,Siliguri DC,46
2025-01-20,SKU-1001,Siliguri DC,44
2025-01-21,SKU-1001,Siliguri DC,39
2025-01-22,SKU-1001,Siliguri DC,41
2025-01-23,SKU-1001,Siliguri DC,43
2025-01-24,SKU-1001,Siliguri DC,48
2025-01-25,SKU-1001,Siliguri DC,46
2025-01-26,SKU-1001,Siliguri DC,45
2025-01-27,SKU-1001,Siliguri DC,43
2025-01-28,SKU-1001,Siliguri DC,38
2025-01-29,SKU-1001,Siliguri DC,45
2025-01-30,SKU-1001,Siliguri DC,49
2025-01-31,SKU-1001,Siliguri DC,39
2025-02-01,SKU-1001,Siliguri DC,29
2025-02-02,SKU-1001,Siliguri DC,24
2025-02-03,SKU-1001,Siliguri DC,31
2025-02-04,SKU-1001,Siliguri DC,24
2025-02-05,SKU-1001,Siliguri DC,25
2025-02-06,SKU-1001,Siliguri DC,26
2025-02-07,SKU-1001,Siliguri DC,29
2025-02-08,SKU-1001,Siliguri DC,25
2025-02-09,SKU-1001,Siliguri DC,29
2025-02-10,SKU-1001,Siliguri DC,28
2025-02-11,SKU-1001,Siliguri DC,24
2025-02-12,SKU-1001,Siliguri DC,30
2025-02-13,SKU-1001,Siliguri DC,32
2025-02-14,SKU-1001,Siliguri DC,27
2025-02-15,SKU-1001,Siliguri DC,28
2025-02-16,SKU-1001,Siliguri DC,25
2025-02-17,SKU-1001,Siliguri DC,25
2025-02-18,SKU-1001,Siliguri DC,29
2025-02-19,SKU-1001,Siliguri DC,25
2025-02-20,SKU-1001,Siliguri DC,29
2025-02-21,SKU-1001,Siliguri DC,25
2025-02-22,SKU-1001,Siliguri DC,26
2025-02-23,SKU-1001,Siliguri DC,28
2025-02-24,SKU-1001,Siliguri DC,24
2025-02-25,SKU-1001,Siliguri DC,31
2025-02-26,SKU-1001,Siliguri DC,27
2025-02-27,SKU-1001,Siliguri DC,29
2025-02-28,SKU-1001,Siliguri DC,29
2025-03-01,SKU-1001,Siliguri DC,29
2025-03-02,SKU-1001,Siliguri DC,31
2025-03-03,SKU-1001,Siliguri DC,26
2025-03-04,SKU-1001,Siliguri DC,30
2025-03-05,SKU-1001,Siliguri DC,29
2025-03-06,SKU-1001,Siliguri DC,28
2025-03-07,SKU-1001,Siliguri DC,27
2025-03-08,SKU-1001,Siliguri DC,25
2025-03-09,SKU-1001,Siliguri DC,27
2025-03-10,SKU-1001,Siliguri DC,29
2025-03-11,SKU-1001,Siliguri DC,28
2025-03-12,SKU-1001,Siliguri DC,31
2025-03-13,SKU-1001,Siliguri DC,27
2025-03-14,SKU-1001,Siliguri DC,30
2025-03-15,SKU-1001,Siliguri DC,29
2025-03-16,SKU-1001,Siliguri DC,24
2025-03-17,SKU-1001,Siliguri DC,28
2025-03-18,SKU-1001,Siliguri DC,31
2025-03-19,SKU-1001,Siliguri DC,26
2025-03-20,SKU-1001,Siliguri DC,27
2025-03-21,SKU-1001,Siliguri DC,27
2025-03-22,SKU-1001,Siliguri DC,29
2025-03-23,SKU-1001,Siliguri DC,29
2025-03-24,SKU-1001,Siliguri DC,31
2025-03-25,SKU-1001,Siliguri DC,26
2025-03-26,SKU-1001,Siliguri DC,25
2025-03-27,SKU-1001,Siliguri DC,25
2025-03-28,SKU-1001,Siliguri DC,27
2025-03-29,SKU-1001,Siliguri DC,25
2025-03-30,SKU-1001,Siliguri DC,25
2025-03-31,SKU-1001,Siliguri DC,27
2025-04-01,SKU-1001,Siliguri DC,31
2025-04-02,SKU-1001,Siliguri DC,25
2025-04-03,SKU-1001,Siliguri DC,30
2025-04-04,SKU-1001,Siliguri DC,32
2025-04-05,SKU-1001,Siliguri DC,26
2025-04-06,SKU-1001,Siliguri DC,32
2025-04-07,SKU-1001,Siliguri DC,31
2025-04-08,SKU-1001,Siliguri DC,27
2025-04-09,SKU-1001,Siliguri DC,27
2025-04-10,SKU-1001,Siliguri DC,26
2025-04-11,SKU-1001,Siliguri DC,31
2025-04-12,SKU-1001,Siliguri DC,31
2025-04-13,SKU-1001,Siliguri DC,27
2025-04-14,SKU-1001,Siliguri DC,28
2025-04-15,SKU-1001,Siliguri DC,24
2025-04-16,SKU-1001,Siliguri DC,30
2025-04-17,SKU-1001,Siliguri DC,26
2025-04-18,SKU-1001,Siliguri DC,31
2025-04-19,SKU-1001,Siliguri DC,31
2025-04-20,SKU-1001,Siliguri DC,26
2025-04-21,SKU-1001,Siliguri DC,28
2025-04-22,SKU-1001,Siliguri DC,32
2025-04-23,SKU-1001,Siliguri DC,26
2025-04-24,SKU-1001,Siliguri DC,29
2025-04-25,SKU-1001,Siliguri DC,26
2025-04-26,SKU-1001,Siliguri DC,24
2025-04-27,SKU-1001,Siliguri DC,28
2025-04-28,SKU-1001,Siliguri DC,28
2025-04-29,SKU-1001,Siliguri DC,28
2025-04-30,SKU-1001,Siliguri DC,31
2025-05-01,SKU-1001,Siliguri DC,27
2025-05-02,SKU-1001,Siliguri DC,28
2025-05-03,SKU-1001,Siliguri DC,25
2025-05-04,SKU-1001,Siliguri DC,29
2025-05-05,SKU-1001,Siliguri DC,27
2025-05-06,SKU-1001,Siliguri DC,24
2025-05-07,SKU-1001,Siliguri DC,26
2025-05-08,SKU-1001,Siliguri DC,24
2025-05-09,SKU-1001,Siliguri DC,30
2025-05-10,SKU-1001,Siliguri DC,27
2025-05-11,SKU-1001,Siliguri DC,27
2025-05-12,SKU-1001,Siliguri DC,25
2025-05-13,SKU-1001,Siliguri DC,26
2025-05-14,SKU-1001,Siliguri DC,30
2025-05-15,SKU-1001,Siliguri DC,29
2025-05-16,SKU-1001,Siliguri DC,28
2025-05-17,SKU-1001,Siliguri DC,27
2025-05-18,SKU-1001,Siliguri DC,27
2025-05-19,SKU-1001,Siliguri DC,30
2025-05-20,SKU-1001,Siliguri DC,28
2025-05-21,SKU-1001,Siliguri DC,27
2025-05-22,SKU-1001,Siliguri DC,24
2025-05-23,SKU-1001,Siliguri DC,32
2025-05-24,SKU-1001,Siliguri DC,25
2025-05-25,SKU-1001,Siliguri DC,30
2025-05-26,SKU-1001,Siliguri DC,26
2025-05-27,SKU-1001,Siliguri DC,27
2025-05-28,SKU-1001,Siliguri DC,24
2025-05-29,SKU-1001,Siliguri DC,32
2025-05-30,SKU-1001,Siliguri DC,30
2025-05-31,SKU-1001,Siliguri DC,27
2025-06-01,SKU-1001,Siliguri DC,28
2025-06-02,SKU-1001,Siliguri DC,29
2025-06-03,SKU-1001,Siliguri DC,30
2025-06-04,SKU-1001,Siliguri DC,30
2025-06-05,SKU-1001,Siliguri DC,27
2025-06-06,SKU-1001,Siliguri DC,29
2025-06-07,SKU-1001,Siliguri DC,29
2025-06-08,SKU-1001,Siliguri DC,32
2025-06-09,SKU-1001,Siliguri DC,25
2025-06-10,SKU-1001,Siliguri DC,31
2025-06-11,SKU-1001,Siliguri DC,24
2025-06-12,SKU-1001,Siliguri DC,31
2025-06-13,SKU-1001,Siliguri DC,26
2025-06-14,SKU-1001,Siliguri DC,31
2025-06-15,SKU-1001,Siliguri DC,27
2025-06-16,SKU-1001,Siliguri DC,29
2025-06-17,SKU-1001,Siliguri DC,25
2025-06-18,SKU-1001,Siliguri DC,30
2025-06-19,SKU-1001,Siliguri DC,26
2025-06-20,SKU-1001,Siliguri DC,30
2025-06-21,SKU-1001,Siliguri DC,31
2025-06-22,SKU-1001,Siliguri DC,32
2025-06-23,SKU-1001,Siliguri DC,31
2025-06-24,SKU-1001,Siliguri DC,28
2025-06-25,SKU-1001,Siliguri DC,28
2025-06-26,SKU-1001,Siliguri DC,30
2025-06-27,SKU-1001,Siliguri DC,26
2025-06-28,SKU-1001,Siliguri DC,25
2025-06-29,SKU-1001,Siliguri DC,32
2025-06-30,SKU-1001,Siliguri DC,31
2025-07-01,SKU-1001,Siliguri DC,27
2025-07-02,SKU-1001,Siliguri DC,28
2025-07-03,SKU-1001,Siliguri DC,30
2025-07-04,SKU-1001,Siliguri DC,25
2025-07-05,SKU-1001,Siliguri DC,26
2025-07-06,SKU-1001,Siliguri DC,32
2025-07-07,SKU-1001,Siliguri DC,28
2025-07-08,SKU-1001,Siliguri DC,31
2025-07-09,SKU-1001,Siliguri DC,29
2025-07-10,SKU-1001,Siliguri DC,26
2025-07-11,SKU-1001,Siliguri DC,24
2025-07-12,SKU-1001,Siliguri DC,28
2025-07-13,SKU-1001,Siliguri DC,28
2025-07-14,SKU-1001,Siliguri DC,29
2025-07-15,SKU-1001,Siliguri DC,28
2025-07-16,SKU-1001,Siliguri DC,26
2025-07-17,SKU-1001,Siliguri DC,27
2025-07-18,SKU-1001,Siliguri DC,28
2025-07-19,SKU-1001,Siliguri DC,31
2025-07-20,SKU-1001,Siliguri DC,30
2025-07-21,SKU-1001,Siliguri DC,28
2025-07-22,SKU-1001,Siliguri DC,31
2025-07-23,SKU-1001,Siliguri DC,26
2025-07-24,SKU-1001,Siliguri DC,26
2025-07-25,SKU-1001,Siliguri DC,32
2025-07-26,SKU-1001,Siliguri DC,28
2025-07-27,SKU-1001,Siliguri DC,24
2025-07-28,SKU-1001,Siliguri DC,31
2025-07-29,SKU-1001,Siliguri DC,26
2025-07-30,SKU-1001,Siliguri DC,29
2025-07-31,SKU-1001,Siliguri DC,30
2025-08-01,SKU-1001,Siliguri DC,27
2025-08-02,SKU-1001,Siliguri DC,32
2025-08-03,SKU-1001,Siliguri DC,29
2025-08-04,SKU-1001,Siliguri DC,28
2025-08-05,SKU-1001,Siliguri DC,27
2025-08-06,SKU-1001,Siliguri DC,30
2025-08-07,SKU-1001,Siliguri DC,25
2025-08-08,SKU-1001,Siliguri DC,29
2025-08-09,SKU-1001,Siliguri DC,28
2025-08-10,SKU-1001,Siliguri DC,25
2025-08-11,SKU-1001,Siliguri DC,24
2025-08-12,SKU-1001,Siliguri DC,26
2025-08-13,SKU-1001,Siliguri DC,29
2025-08-14,SKU-1001,Siliguri DC,26
2025-08-15,SKU-1001,Siliguri DC,25
2025-08-16,SKU-1001,Siliguri DC,28
2025-08-17,SKU-1001,Siliguri DC,31
2025-08-18,SKU-1001,Siliguri DC,29
2025-08-19,SKU-1001,Siliguri DC,28
2025-08-20,SKU-1001,Siliguri DC,28
2025-08-21,SKU-1001,Siliguri DC,29
2025-08-22,SKU-1001,Siliguri DC,29
2025-08-23,SKU-1001,Siliguri DC,29
2025-08-24,SKU-1001,Siliguri DC,29
2025-08-25,SKU-1001,Siliguri DC,30
2025-08-26,SKU-1001,Siliguri DC,28
2025-08-27,SKU-1001,Siliguri DC,28
2025-08-28,SKU-1001,Siliguri DC,26
2025-08-29,SKU-1001,Siliguri DC,30
2025-08-30,SKU-1001,Siliguri DC,24
2025-08-31,SKU-1001,Siliguri DC,25
2025-09-01,SKU-1001,Siliguri DC,31
2025-09-02,SKU-1001,Siliguri DC,30
2025-09-03,SKU-1001,Siliguri DC,28
2025-09-04,SKU-1001,Siliguri DC,30
2025-09-05,SKU-1001,Siliguri DC,30
2025-09-06,SKU-1001,Siliguri DC,29
2025-09-07,SKU-1001,Siliguri DC,31
2025-09-08,SKU-1001,Siliguri DC,25
2025-09-09,SKU-1001,Siliguri DC,32
2025-09-10,SKU-1001,Siliguri DC,24
2025-09-11,SKU-1001,Siliguri DC,24
2025-09-12,SKU-1001,Siliguri DC,28
2025-09-13,SKU-1001,Siliguri DC,29
2025-09-14,SKU-1001,Siliguri DC,32
2025-09-15,SKU-1001,Siliguri DC,30
2025-09-16,SKU-1001,Siliguri DC,25
2025-09-17,SKU-1001,Siliguri DC,27
2025-09-18,SKU-1001,Siliguri DC,25
2025-09-19,SKU-1001,Siliguri DC,29
2025-09-20,SKU-1001,Siliguri DC,25
2025-09-21,SKU-1001,Siliguri DC,26
2025-09-22,SKU-1001,Siliguri DC,24
2025-09-23,SKU-1001,Siliguri DC,25
2025-09-24,SKU-1001,Siliguri DC,30
2025-09-25,SKU-1001,Siliguri DC,28
2025-09-26,SKU-1001,Siliguri DC,24
2025-09-27,SKU-1001,Siliguri DC,31
2025-09-28,SKU-1001,Siliguri DC,32
2025-09-29,SKU-1001,Siliguri DC,30
2025-09-30,SKU-1001,Siliguri DC,32
2025-10-01,SKU-1001,Siliguri DC,29
2025-10-02,SKU-1001,Siliguri DC,25
2025-10-03,SKU-1001,Siliguri DC,29
2025-10-04,SKU-1001,Siliguri DC,26
2025-10-05,SKU-1001,Siliguri DC,27
2025-10-06,SKU-1001,Siliguri DC,24
2025-10-07,SKU-1001,Siliguri DC,30
2025-10-08,SKU-1001,Siliguri DC,24
2025-10-09,SKU-1001,Siliguri DC,28
2025-10-10,SKU-1001,Siliguri DC,26
2025-10-11,SKU-1001,Siliguri DC,30
2025-10-12,SKU-1001,Siliguri DC,26
2025-10-13,SKU-1001,Siliguri DC,31
2025-10-14,SKU-1001,Siliguri DC,30
2025-10-15,SKU-1001,Siliguri DC,30
2025-10-16,SKU-1001,Siliguri DC,32
2025-10-17,SKU-1001,Siliguri DC,27
2025-10-18,SKU-1001,Siliguri DC,32
2025-10-19,SKU-1001,Siliguri DC,28
2025-10-20,SKU-1001,Siliguri DC,30
2025-10-21,SKU-1001,Siliguri DC,31
2025-10-22,SKU-1001,Siliguri DC,31
2025-10-23,SKU-1001,Siliguri DC,28
2025-10-24,SKU-1001,Siliguri DC,25
2025-10-25,SKU-1001,Siliguri DC,32
2025-10-26,SKU-1001,Siliguri DC,25
2025-10-27,SKU-1001,Siliguri DC,26
2025-10-28,SKU-1001,Siliguri DC,27
2025-10-29,SKU-1001,Siliguri DC,26
2025-10-30,SKU-1001,Siliguri DC,27
2025-10-31,SKU-1001,Siliguri DC,29
2025-11-01,SKU-1001,Siliguri DC,31
2025-11-02,SKU-1001,Siliguri DC,32
2025-11-03,SKU-1001,Siliguri DC,24
2025-11-04,SKU-1001,Siliguri DC,26
2025-11-05,SKU-1001,Siliguri DC,28
2025-11-06,SKU-1001,Siliguri DC,31
2025-11-07,SKU-1001,Siliguri DC,32
2025-11-08,SKU-1001,Siliguri DC,29
2025-11-09,SKU-1001,Siliguri DC,28
2025-11-10,SKU-1001,Siliguri DC,28
2025-11-11,SKU-1001,Siliguri DC,24
2025-11-12,SKU-1001,Siliguri DC,32
2025-11-13,SKU-1001,Siliguri DC,25
2025-11-14,SKU-1001,Siliguri DC,31
2025-11-15,SKU-1001,Siliguri DC,30
2025-11-16,SKU-1001,Siliguri DC,28
2025-11-17,SKU-1001,Siliguri DC,30
2025-11-18,SKU-1001,Siliguri DC,27
2025-11-19,SKU-1001,Siliguri DC,27
2025-11-20,SKU-1001,Siliguri DC,28
2025-11-21,SKU-1001,Siliguri DC,28
2025-11-22,SKU-1001,Siliguri DC,28
2025-11-23,SKU-1001,Siliguri DC,31
2025-11-24,SKU-1001,Siliguri DC,28
2025-11-25,SKU-1001,Siliguri DC,29
2025-11-26,SKU-1001,Siliguri DC,32
2025-11-27,SKU-1001,Siliguri DC,25
2025-11-28,SKU-1001,Siliguri DC,26
2025-11-29,SKU-1001,Siliguri DC,32
2025-11-30,SKU-1001,Siliguri DC,29
2025-12-01,SKU-1001,Siliguri DC,51
2025-12-02,SKU-1001,Siliguri DC,46
2025-12-03,SKU-1001,Siliguri DC,47
2025-12-04,SKU-1001,Siliguri DC,43
2025-12-05,SKU-1001,Siliguri DC,40
2025-12-06,SKU-1001,Siliguri DC,42
2025-12-07,SKU-1001,Siliguri DC,45
2025-12-08,SKU-1001,Siliguri DC,42
2025-12-09,SKU-1001,Siliguri DC,50
2025-12-10,SKU-1001,Siliguri DC,46
2025-12-11,SKU-1001,Siliguri DC,43
2025-12-12,SKU-1001,Siliguri DC,51
2025-12-13,SKU-1001,Siliguri DC,49
2025-12-14,SKU-1001,Siliguri DC,39
2025-12-15,SKU-1001,Siliguri DC,49
2025-12-16,SKU-1001,Siliguri DC,40
2025-12-17,SKU-1001,Siliguri DC,45
2025-12-18,SKU-1001,Siliguri DC,41
2025-12-19,SKU-1001,Siliguri DC,43
2025-12-20,SKU-1001,Siliguri DC,46
2025-12-21,SKU-1001,Siliguri DC,38
2025-12-22,SKU-1001,Siliguri DC,50
2025-12-23,SKU-1001,Siliguri DC,41
2025-12-24,SKU-1001,Siliguri DC,39
2025-12-25,SKU-1001,Siliguri DC,39
2025-12-26,SKU-1001,Siliguri DC,42
2025-12-27,SKU-1001,Siliguri DC,42
2025-12-28,SKU-1001,Siliguri DC,50
2025-12-29,SKU-1001,Siliguri DC,39
2025-12-30,SKU-1001,Siliguri DC,42
2025-12-31,SKU-1001,Siliguri DC,38
2026-01-01,SKU-1001,Siliguri DC,44
2026-01-02,SKU-1001,Siliguri DC,46
2026-01-03,SKU-1001,Siliguri DC,42
2026-01-04,SKU-1001,Siliguri DC,43
2026-01-05,SKU-1001,Siliguri DC,47
2026-01-06,SKU-1001,Siliguri DC,38
2026-01-07,SKU-1001,Siliguri DC,50
2026-01-08,SKU-1001,Siliguri DC,43
2026-01-09,SKU-1001,Siliguri DC,50
2026-01-10,SKU-1001,Siliguri DC,42
2026-01-11,SKU-1001,Siliguri DC,40
2026-01-12,SKU-1001,Siliguri DC,43
2026-01-13,SKU-1001,Siliguri DC,43
2026-01-14,SKU-1001,Siliguri DC,42
2026-01-15,SKU-1001,Siliguri DC,49
2026-01-16,SKU-1001,Siliguri DC,48
2026-01-17,SKU-1001,Siliguri DC,46
2026-01-18,SKU-1001,Siliguri DC,51
2026-01-19,SKU-1001,Siliguri DC,46
2026-01-20,SKU-1001,Siliguri DC,51
2026-01-21,SKU-1001,Siliguri DC,42
2026-01-22,SKU-1001,Siliguri DC,40
2026-01-23,SKU-1001,Siliguri DC,42
2026-01-24,SKU-1001,Siliguri DC,48
2026-01-25,SKU-1001,Siliguri DC,46
2026-01-26,SKU-1001,Siliguri DC,49
2026-01-27,SKU-1001,Siliguri DC,50
2026-01-28,SKU-1001,Siliguri DC,51
2026-01-29,SKU-1001,Siliguri DC,44
2026-01-30,SKU-1001,Siliguri DC,51
2026-01-31,SKU-1001,Siliguri DC,46
2026-02-01,SKU-1001,Siliguri DC,32
2026-02-02,SKU-1001,Siliguri DC,27
2026-02-03,SKU-1001,Siliguri DC,28
2026-02-04,SKU-1001,Siliguri DC,26
2026-02-05,SKU-1001,Siliguri DC,28
2026-02-06,SKU-1001,Siliguri DC,31
2026-02-07,SKU-1001,Siliguri DC,27
2026-02-08,SKU-1001,Siliguri DC,30
2026-02-09,SKU-1001,Siliguri DC,24
2026-02-10,SKU-1001,Siliguri DC,29
2026-02-11,SKU-1001,Siliguri DC,26
2026-02-12,SKU-1001,Siliguri DC,30
2026-02-13,SKU-1001,Siliguri DC,25
2026-02-14,SKU-1001,Siliguri DC,31
2026-02-15,SKU-1001,Siliguri DC,28
2026-02-16,SKU-1001,Siliguri DC,29
2026-02-17,SKU-1001,Siliguri DC,27
2026-02-18,SKU-1001,Siliguri DC,31
2026-02-19,SKU-1001,Siliguri DC,27
2026-02-20,SKU-1001,Siliguri DC,30
2026-02-21,SKU-1001,Siliguri DC,25
2026-02-22,SKU-1001,Siliguri DC,29
2026-02-23,SKU-1001,Siliguri DC,29
2026-02-24,SKU-1001,Siliguri DC,24
2026-02-25,SKU-1001,Siliguri DC,30
2026-02-26,SKU-1001,Siliguri DC,25
2026-02-27,SKU-1001,Siliguri DC,30
2026-02-28,SKU-1001,Siliguri DC,31
2026-03-01,SKU-1001,Siliguri DC,32
2026-03-02,SKU-1001,Siliguri DC,26
2026-03-03,SKU-1001,Siliguri DC,27
2026-03-04,SKU-1001,Siliguri DC,29
2026-03-05,SKU-1001,Siliguri DC,28
2026-03-06,SKU-1001,Siliguri DC,26
2026-03-07,SKU-1001,Siliguri DC,32
2026-03-08,SKU-1001,Siliguri DC,30
2026-03-09,SKU-1001,Siliguri DC,27
2026-03-10,SKU-1001,Siliguri DC,31
2026-03-11,SKU-1001,Siliguri DC,31
2026-03-12,SKU-1001,Siliguri DC,29
2026-03-13,SKU-1001,Siliguri DC,25
2026-03-14,SKU-1001,Siliguri DC,27
2026-03-15,SKU-1001,Siliguri DC,29
2026-03-16,SKU-1001,Siliguri DC,26
2026-03-17,SKU-1001,Siliguri DC,31
2026-03-18,SKU-1001,Siliguri DC,26
2026-03-19,SKU-1001,Siliguri DC,31
2026-03-20,SKU-1001,Siliguri DC,29
2026-03-21,SKU-1001,Siliguri DC,30
2026-03-22,SKU-1001,Siliguri DC,31
2026-03-23,SKU-1001,Siliguri DC,30
2026-03-24,SKU-1001,Siliguri DC,26
2026-03-25,SKU-1001,Siliguri DC,25
2026-03-26,SKU-1001,Siliguri DC,31
2026-03-27,SKU-1001,Siliguri DC,24
2026-03-28,SKU-1001,Siliguri DC,24
2026-03-29,SKU-1001,Siliguri DC,32
2026-03-30,SKU-1001,Siliguri DC,31
2026-03-31,SKU-1001,Siliguri DC,28
2026-04-01,SKU-1001,Siliguri DC,24
2026-04-02,SKU-1001,Siliguri DC,30
2026-04-03,SKU-1001,Siliguri DC,32
2026-04-04,SKU-1001,Siliguri DC,25
2026-04-05,SKU-1001,Siliguri DC,25
2026-04-06,SKU-1001,Siliguri DC,29
2026-04-07,SKU-1001,Siliguri DC,29
2026-04-08,SKU-1001,Siliguri DC,25
2026-04-09,SKU-1001,Siliguri DC,25
2026-04-10,SKU-1001,Siliguri DC,25
2026-04-11,SKU-1001,Siliguri DC,31
2026-04-12,SKU-1001,Siliguri DC,31
2026-04-13,SKU-1001,Siliguri DC,30
2026-04-14,SKU-1001,Siliguri DC,31
2026-04-15,SKU-1001,Siliguri DC,31
2026-04-16,SKU-1001,Siliguri DC,30
2026-04-17,SKU-1001,Siliguri DC,28
2026-04-18,SKU-1001,Siliguri DC,26
2026-04-19,SKU-1001,Siliguri DC,31
2026-04-20,SKU-1001,Siliguri DC,31
2026-04-21,SKU-1001,Siliguri DC,25
2026-04-22,SKU-1001,Siliguri DC,26
2026-04-23,SKU-1001,Siliguri DC,28
2026-04-24,SKU-1001,Siliguri DC,32
2026-04-25,SKU-1001,Siliguri DC,28
2026-04-26,SKU-1001,Siliguri DC,26
2026-04-27,SKU-1001,Siliguri DC,27
2026-04-28,SKU-1001,Siliguri DC,26
2026-04-29,SKU-1001,Siliguri DC,24
2026-04-30,SKU-1001,Siliguri DC,30
2026-05-01,SKU-1001,Siliguri DC,27
2026-05-02,SKU-1001,Siliguri DC,29
2026-05-03,SKU-1001,Siliguri DC,30
2026-05-04,SKU-1001,Siliguri DC,30
2026-05-05,SKU-1001,Siliguri DC,27
2026-05-06,SKU-1001,Siliguri DC,29
2026-05-07,SKU-1001,Siliguri DC,27
2026-05-08,SKU-1001,Siliguri DC,31
2026-05-09,SKU-1001,Siliguri DC,31
2026-05-10,SKU-1001,Siliguri DC,32
2026-05-11,SKU-1001,Siliguri DC,30
2026-05-12,SKU-1001,Siliguri DC,28
2026-05-13,SKU-1001,Siliguri DC,28
2026-05-14,SKU-1001,Siliguri DC,30
2026-05-15,SKU-1001,Siliguri DC,27
2026-05-16,SKU-1001,Siliguri DC,26
2026-05-17,SKU-1001,Siliguri DC,28
2026-05-18,SKU-1001,Siliguri DC,26
2026-05-19,SKU-1001,Siliguri DC,28
2026-05-20,SKU-1001,Siliguri DC,30
2026-05-21,SKU-1001,Siliguri DC,30
2026-05-22,SKU-1001,Siliguri DC,25
2026-05-23,SKU-1001,Siliguri DC,27
2026-05-24,SKU-1001,Siliguri DC,29
2026-05-25,SKU-1001,Siliguri DC,26
2026-05-26,SKU-1001,Siliguri DC,30
2026-05-27,SKU-1001,Siliguri DC,24
2026-05-28,SKU-1001,Siliguri DC,26
2026-05-29,SKU-1001,Siliguri DC,24
2026-05-30,SKU-1001,Siliguri DC,26
2026-05-31,SKU-1001,Siliguri DC,32
2026-06-01,SKU-1001,Siliguri DC,32
2026-06-02,SKU-1001,Siliguri DC,29
2026-06-03,SKU-1001,Siliguri DC,32
2026-06-04,SKU-1001,Siliguri DC,26
2026-06-05,SKU-1001,Siliguri DC,28
2026-06-06,SKU-1001,Siliguri DC,29
2026-06-07,SKU-1001,Siliguri DC,29
2026-06-08,SKU-1001,Siliguri DC,32
2026-06-09,SKU-1001,Siliguri DC,24
2026-06-10,SKU-1001,Siliguri DC,30
2026-06-11,SKU-1001,Siliguri DC,32
2026-06-12,SKU-1001,Siliguri DC,28
2026-06-13,SKU-1001,Siliguri DC,27
2026-06-14,SKU-1001,Siliguri DC,25
2026-06-15,SKU-1001,Siliguri DC,24
2026-06-16,SKU-1001,Siliguri DC,26
2026-06-17,SKU-1001,Siliguri DC,31
2026-06-18,SKU-1001,Siliguri DC,25
2026-06-19,SKU-1001,Siliguri DC,27
2026-06-20,SKU-1001,Siliguri DC,27
2026-06-21,SKU-1001,Siliguri DC,26
2026-06-22,SKU-1001,Siliguri DC,26
2026-06-23,SKU-1001,Siliguri DC,30
2026-06-24,SKU-1001,Siliguri DC,29
2026-06-25,SKU-1001,Siliguri DC,28
2026-06-26,SKU-1001,Siliguri DC,25
2026-06-27,SKU-1001,Siliguri DC,31
2026-06-28,SKU-1001,Siliguri DC,29
2026-06-29,SKU-1001,Siliguri DC,28
2026-06-30,SKU-1001,Siliguri DC,32
2026-07-01,SKU-1001,Siliguri DC,28
2026-07-02,SKU-1001,Siliguri DC,28
2026-07-03,SKU-1001,Siliguri DC,25
2026-07-04,SKU-1001,Siliguri DC,32
2026-07-05,SKU-1001,Siliguri DC,31
2026-07-06,SKU-1001,Siliguri DC,25
2026-07-07,SKU-1001,Siliguri DC,26
2026-07-08,SKU-1001,Siliguri DC,25
2026-07-09,SKU-1001,Siliguri DC,30
2026-07-10,SKU-1001,Siliguri DC,25
2026-07-11,SKU-1001,Siliguri DC,27
2026-07-12,SKU-1001,Siliguri DC,31
2026-07-13,SKU-1001,Siliguri DC,28
2026-07-14,SKU-1001,Siliguri DC,29
2026-07-15,SKU-1001,Siliguri DC,25
2026-07-16,SKU-1001,Siliguri DC,27
2026-07-17,SKU-1001,Siliguri DC,27
2026-07-18,SKU-1001,Siliguri DC,29
2026-07-19,SKU-1001,Siliguri DC,29
2026-07-20,SKU-1001,Siliguri DC,28
2026-07-21,SKU-1001,Siliguri DC,26
2026-07-22,SKU-1001,Siliguri DC,31
2026-07-23,SKU-1001,Siliguri DC,25
2026-07-24,SKU-1001,Siliguri DC,27
2026-07-25,SKU-1001,Siliguri DC,25
2026-07-26,SKU-1001,Siliguri DC,29
2026-07-27,SKU-1001,Siliguri DC,31
2026-07-28,SKU-1001,Siliguri DC,26
2026-07-29,SKU-1001,Siliguri DC,27
2026-07-30,SKU-1001,Siliguri DC,30
2026-07-31,SKU-1001,Siliguri DC,25
2026-08-01,SKU-1001,Siliguri DC,29
2026-08-02,SKU-1001,Siliguri DC,24
2026-08-03,SKU-1001,Siliguri DC,31
2026-08-04,SKU-1001,Siliguri DC,27
2026-08-05,SKU-1001,Siliguri DC,31
2026-08-06,SKU-1001,Siliguri DC,31
2026-08-07,SKU-1001,Siliguri DC,28
2026-08-08,SKU-1001,Siliguri DC,27
2026-08-09,SKU-1001,Siliguri DC,29
2026-08-10,SKU-1001,Siliguri DC,30
2026-08-11,SKU-1001,Siliguri DC,31
2026-08-12,SKU-1001,Siliguri DC,30
2026-08-13,SKU-1001,Siliguri DC,30
2026-08-14,SKU-1001,Siliguri DC,32
2026-08-15,SKU-1001,Siliguri DC,26
2026-08-16,SKU-1001,Siliguri DC,31
2024-08-17,SKU-1002,Pune DC,26
2024-08-18,SKU-1002,Pune DC,27
2024-08-19,SKU-1002,Pune DC,25
2024-08-20,SKU-1002,Pune DC,24
2024-08-21,SKU-1002,Pune DC,22
2024-08-22,SKU-1002,Pune DC,27
2024-08-23,SKU-1002,Pune DC,24
2024-08-24,SKU-1002,Pune DC,23
2024-08-25,SKU-1002,Pune DC,21
2024-08-26,SKU-1002,Pune DC,22
2024-08-27,SKU-1002,Pune DC,23
2024-08-28,SKU-1002,Pune DC,25
2024-08-29,SKU-1002,Pune DC,21
2024-08-30,SKU-1002,Pune DC,23
2024-08-31,SKU-1002,Pune DC,27
2024-09-01,SKU-1002,Pune DC,25
2024-09-02,SKU-1002,Pune DC,24
2024-09-03,SKU-1002,Pune DC,26
2024-09-04,SKU-1002,Pune DC,22
2024-09-05,SKU-1002,Pune DC,27
2024-09-06,SKU-1002,Pune DC,25
2024-09-07,SKU-1002,Pune DC,24
2024-09-08,SKU-1002,Pune DC,27
2024-09-09,SKU-1002,Pune DC,26
2024-09-10,SKU-1002,Pune DC,21
2024-09-11,SKU-1002,Pune DC,26
2024-09-12,SKU-1002,Pune DC,26
2024-09-13,SKU-1002,Pune DC,27
2024-09-14,SKU-1002,Pune DC,22
2024-09-15,SKU-1002,Pune DC,24
2024-09-16,SKU-1002,Pune DC,23
2024-09-17,SKU-1002,Pune DC,24
2024-09-18,SKU-1002,Pune DC,27
2024-09-19,SKU-1002,Pune DC,22
2024-09-20,SKU-1002,Pune DC,22
2024-09-21,SKU-1002,Pune DC,23
2024-09-22,SKU-1002,Pune DC,23
2024-09-23,SKU-1002,Pune DC,22
2024-09-24,SKU-1002,Pune DC,25
2024-09-25,SKU-1002,Pune DC,22
2024-09-26,SKU-1002,Pune DC,25
2024-09-27,SKU-1002,Pune DC,22
2024-09-28,SKU-1002,Pune DC,21
2024-09-29,SKU-1002,Pune DC,25
2024-09-30,SKU-1002,Pune DC,22
2024-10-01,SKU-1002,Pune DC,23
2024-10-02,SKU-1002,Pune DC,27
2024-10-03,SKU-1002,Pune DC,22
2024-10-04,SKU-1002,Pune DC,22
2024-10-05,SKU-1002,Pune DC,27
2024-10-06,SKU-1002,Pune DC,24
2024-10-07,SKU-1002,Pune DC,27
2024-10-08,SKU-1002,Pune DC,23
2024-10-09,SKU-1002,Pune DC,27
2024-10-10,SKU-1002,Pune DC,27
2024-10-11,SKU-1002,Pune DC,24
2024-10-12,SKU-1002,Pune DC,27
2024-10-13,SKU-1002,Pune DC,26
2024-10-14,SKU-1002,Pune DC,25
2024-10-15,SKU-1002,Pune DC,24
2024-10-16,SKU-1002,Pune DC,24
2024-10-17,SKU-1002,Pune DC,21
2024-10-18,SKU-1002,Pune DC,25
2024-10-19,SKU-1002,Pune DC,21
2024-10-20,SKU-1002,Pune DC,24
2024-10-21,SKU-1002,Pune DC,23
2024-10-22,SKU-1002,Pune DC,25
2024-10-23,SKU-1002,Pune DC,26
2024-10-24,SKU-1002,Pune DC,23
2024-10-25,SKU-1002,Pune DC,24
2024-10-26,SKU-1002,Pune DC,23
2024-10-27,SKU-1002,Pune DC,22
2024-10-28,SKU-1002,Pune DC,23
2024-10-29,SKU-1002,Pune DC,25
2024-10-30,SKU-1002,Pune DC,25
2024-10-31,SKU-1002,Pune DC,27
2024-11-01,SKU-1002,Pune DC,22
2024-11-02,SKU-1002,Pune DC,26
2024-11-03,SKU-1002,Pune DC,23
2024-11-04,SKU-1002,Pune DC,21
2024-11-05,SKU-1002,Pune DC,21
2024-11-06,SKU-1002,Pune DC,23
2024-11-07,SKU-1002,Pune DC,21
2024-11-08,SKU-1002,Pune DC,21
2024-11-09,SKU-1002,Pune DC,28
2024-11-10,SKU-1002,Pune DC,28
2024-11-11,SKU-1002,Pune DC,27
2024-11-12,SKU-1002,Pune DC,25
2024-11-13,SKU-1002,Pune DC,21
2024-11-14,SKU-1002,Pune DC,24
2024-11-15,SKU-1002,Pune DC,22
2024-11-16,SKU-1002,Pune DC,21
2024-11-17,SKU-1002,Pune DC,24
2024-11-18,SKU-1002,Pune DC,26
2024-11-19,SKU-1002,Pune DC,23
2024-11-20,SKU-1002,Pune DC,22
2024-11-21,SKU-1002,Pune DC,23
2024-11-22,SKU-1002,Pune DC,23
2024-11-23,SKU-1002,Pune DC,24
2024-11-24,SKU-1002,Pune DC,26
2024-11-25,SKU-1002,Pune DC,23
2024-11-26,SKU-1002,Pune DC,27
2024-11-27,SKU-1002,Pune DC,25
2024-11-28,SKU-1002,Pune DC,23
2024-11-29,SKU-1002,Pune DC,22
2024-11-30,SKU-1002,Pune DC,25
2024-12-01,SKU-1002,Pune DC,25
2024-12-02,SKU-1002,Pune DC,27
2024-12-03,SKU-1002,Pune DC,22
2024-12-04,SKU-1002,Pune DC,24
2024-12-05,SKU-1002,Pune DC,24
2024-12-06,SKU-1002,Pune DC,21
2024-12-07,SKU-1002,Pune DC,24
2024-12-08,SKU-1002,Pune DC,21
2024-12-09,SKU-1002,Pune DC,25
2024-12-10,SKU-1002,Pune DC,22
2024-12-11,SKU-1002,Pune DC,25
2024-12-12,SKU-1002,Pune DC,21
2024-12-13,SKU-1002,Pune DC,23
2024-12-14,SKU-1002,Pune DC,27
2024-12-15,SKU-1002,Pune DC,26
2024-12-16,SKU-1002,Pune DC,21
2024-12-17,SKU-1002,Pune DC,23
2024-12-18,SKU-1002,Pune DC,25
2024-12-19,SKU-1002,Pune DC,24
2024-12-20,SKU-1002,Pune DC,24
2024-12-21,SKU-1002,Pune DC,27
2024-12-22,SKU-1002,Pune DC,26
2024-12-23,SKU-1002,Pune DC,25
2024-12-24,SKU-1002,Pune DC,25
2024-12-25,SKU-1002,Pune DC,26
2024-12-26,SKU-1002,Pune DC,26
2024-12-27,SKU-1002,Pune DC,24
2024-12-28,SKU-1002,Pune DC,25
2024-12-29,SKU-1002,Pune DC,21
2024-12-30,SKU-1002,Pune DC,21
2024-12-31,SKU-1002,Pune DC,23
2025-01-01,SKU-1002,Pune DC,21
2025-01-02,SKU-1002,Pune DC,25
2025-01-03,SKU-1002,Pune DC,22
2025-01-04,SKU-1002,Pune DC,25
2025-01-05,SKU-1002,Pune DC,25
2025-01-06,SKU-1002,Pune DC,26
2025-01-07,SKU-1002,Pune DC,23
2025-01-08,SKU-1002,Pune DC,25
2025-01-09,SKU-1002,Pune DC,22
2025-01-10,SKU-1002,Pune DC,26
2025-01-11,SKU-1002,Pune DC,25
2025-01-12,SKU-1002,Pune DC,27
2025-01-13,SKU-1002,Pune DC,24
2025-01-14,SKU-1002,Pune DC,27
2025-01-15,SKU-1002,Pune DC,25
2025-01-16,SKU-1002,Pune DC,26
2025-01-17,SKU-1002,Pune DC,26
2025-01-18,SKU-1002,Pune DC,27
2025-01-19,SKU-1002,Pune DC,24
2025-01-20,SKU-1002,Pune DC,26
2025-01-21,SKU-1002,Pune DC,22
2025-01-22,SKU-1002,Pune DC,25
2025-01-23,SKU-1002,Pune DC,23
2025-01-24,SKU-1002,Pune DC,27
2025-01-25,SKU-1002,Pune DC,24
2025-01-26,SKU-1002,Pune DC,26
2025-01-27,SKU-1002,Pune DC,21
2025-01-28,SKU-1002,Pune DC,25
2025-01-29,SKU-1002,Pune DC,27
2025-01-30,SKU-1002,Pune DC,22
2025-01-31,SKU-1002,Pune DC,23
2025-02-01,SKU-1002,Pune DC,24
2025-02-02,SKU-1002,Pune DC,25
2025-02-03,SKU-1002,Pune DC,25
2025-02-04,SKU-1002,Pune DC,23
2025-02-05,SKU-1002,Pune DC,21
2025-02-06,SKU-1002,Pune DC,21
2025-02-07,SKU-1002,Pune DC,24
2025-02-08,SKU-1002,Pune DC,26
2025-02-09,SKU-1002,Pune DC,27
2025-02-10,SKU-1002,Pune DC,21
2025-02-11,SKU-1002,Pune DC,21
2025-02-12,SKU-1002,Pune DC,26
2025-02-13,SKU-1002,Pune DC,26
2025-02-14,SKU-1002,Pune DC,24
2025-02-15,SKU-1002,Pune DC,26
2025-02-16,SKU-1002,Pune DC,20
2025-02-17,SKU-1002,Pune DC,22
2025-02-18,SKU-1002,Pune DC,25
2025-02-19,SKU-1002,Pune DC,26
2025-02-20,SKU-1002,Pune DC,21
2025-02-21,SKU-1002,Pune DC,24
2025-02-22,SKU-1002,Pune DC,21
2025-02-23,SKU-1002,Pune DC,27
2025-02-24,SKU-1002,Pune DC,26
2025-02-25,SKU-1002,Pune DC,24
2025-02-26,SKU-1002,Pune DC,27
2025-02-27,SKU-1002,Pune DC,21
2025-02-28,SKU-1002,Pune DC,26
2025-03-01,SKU-1002,Pune DC,24
2025-03-02,SKU-1002,Pune DC,24
2025-03-03,SKU-1002,Pune DC,26
2025-03-04,SKU-1002,Pune DC,26
2025-03-05,SKU-1002,Pune DC,23
2025-03-06,SKU-1002,Pune DC,26
2025-03-07,SKU-1002,Pune DC,26
2025-03-08,SKU-1002,Pune DC,24
2025-03-09,SKU-1002,Pune DC,22
2025-03-10,SKU-1002,Pune DC,24
2025-03-11,SKU-1002,Pune DC,24
2025-03-12,SKU-1002,Pune DC,25
2025-03-13,SKU-1002,Pune DC,25
2025-03-14,SKU-1002,Pune DC,21
2025-03-15,SKU-1002,Pune DC,27
2025-03-16,SKU-1002,Pune DC,27
2025-03-17,SKU-1002,Pune DC,23
2025-03-18,SKU-1002,Pune DC,20
2025-03-19,SKU-1002,Pune DC,23
2025-03-20,SKU-1002,Pune DC,24
2025-03-21,SKU-1002,Pune DC,23
2025-03-22,SKU-1002,Pune DC,25
2025-03-23,SKU-1002,Pune DC,21
2025-03-24,SKU-1002,Pune DC,25
2025-03-25,SKU-1002,Pune DC,27
2025-03-26,SKU-1002,Pune DC,23
2025-03-27,SKU-1002,Pune DC,21
2025-03-28,SKU-1002,Pune DC,27
2025-03-29,SKU-1002,Pune DC,21
2025-03-30,SKU-1002,Pune DC,23
2025-03-31,SKU-1002,Pune DC,21
2025-04-01,SKU-1002,Pune DC,26
2025-04-02,SKU-1002,Pune DC,27
2025-04-03,SKU-1002,Pune DC,22
2025-04-04,SKU-1002,Pune DC,25
2025-04-05,SKU-1002,Pune DC,24
2025-04-06,SKU-1002,Pune DC,26
2025-04-07,SKU-1002,Pune DC,21
2025-04-08,SKU-1002,Pune DC,27
2025-04-09,SKU-1002,Pune DC,23
2025-04-10,SKU-1002,Pune DC,24
2025-04-11,SKU-1002,Pune DC,21
2025-04-12,SKU-1002,Pune DC,21
2025-04-13,SKU-1002,Pune DC,25
2025-04-14,SKU-1002,Pune DC,25
2025-04-15,SKU-1002,Pune DC,24
2025-04-16,SKU-1002,Pune DC,21
2025-04-17,SKU-1002,Pune DC,25
2025-04-18,SKU-1002,Pune DC,22
2025-04-19,SKU-1002,Pune DC,24
2025-04-20,SKU-1002,Pune DC,24
2025-04-21,SKU-1002,Pune DC,23
2025-04-22,SKU-1002,Pune DC,27
2025-04-23,SKU-1002,Pune DC,24
2025-04-24,SKU-1002,Pune DC,25
2025-04-25,SKU-1002,Pune DC,27
2025-04-26,SKU-1002,Pune DC,23
2025-04-27,SKU-1002,Pune DC,23
2025-04-28,SKU-1002,Pune DC,22
2025-04-29,SKU-1002,Pune DC,27
2025-04-30,SKU-1002,Pune DC,26
2025-05-01,SKU-1002,Pune DC,26
2025-05-02,SKU-1002,Pune DC,26
2025-05-03,SKU-1002,Pune DC,27
2025-05-04,SKU-1002,Pune DC,23
2025-05-05,SKU-1002,Pune DC,21
2025-05-06,SKU-1002,Pune DC,22
2025-05-07,SKU-1002,Pune DC,24
2025-05-08,SKU-1002,Pune DC,22
2025-05-09,SKU-1002,Pune DC,26
2025-05-10,SKU-1002,Pune DC,23
2025-05-11,SKU-1002,Pune DC,27
2025-05-12,SKU-1002,Pune DC,26
2025-05-13,SKU-1002,Pune DC,23
2025-05-14,SKU-1002,Pune DC,22
2025-05-15,SKU-1002,Pune DC,23
2025-05-16,SKU-1002,Pune DC,26
2025-05-17,SKU-1002,Pune DC,24
2025-05-18,SKU-1002,Pune DC,26
2025-05-19,SKU-1002,Pune DC,26
2025-05-20,SKU-1002,Pune DC,24
2025-05-21,SKU-1002,Pune DC,23
2025-05-22,SKU-1002,Pune DC,21
2025-05-23,SKU-1002,Pune DC,23
2025-05-24,SKU-1002,Pune DC,25
2025-05-25,SKU-1002,Pune DC,25
2025-05-26,SKU-1002,Pune DC,24
2025-05-27,SKU-1002,Pune DC,27
2025-05-28,SKU-1002,Pune DC,24
2025-05-29,SKU-1002,Pune DC,25
2025-05-30,SKU-1002,Pune DC,24
2025-05-31,SKU-1002,Pune DC,27
2025-06-01,SKU-1002,Pune DC,22
2025-06-02,SKU-1002,Pune DC,23
2025-06-03,SKU-1002,Pune DC,24
2025-06-04,SKU-1002,Pune DC,27
2025-06-05,SKU-1002,Pune DC,22
2025-06-06,SKU-1002,Pune DC,26
2025-06-07,SKU-1002,Pune DC,22
2025-06-08,SKU-1002,Pune DC,25
2025-06-09,SKU-1002,Pune DC,27
2025-06-10,SKU-1002,Pune DC,27
2025-06-11,SKU-1002,Pune DC,26
2025-06-12,SKU-1002,Pune DC,24
2025-06-13,SKU-1002,Pune DC,22
2025-06-14,SKU-1002,Pune DC,24
2025-06-15,SKU-1002,Pune DC,25
2025-06-16,SKU-1002,Pune DC,24
2025-06-17,SKU-1002,Pune DC,25
2025-06-18,SKU-1002,Pune DC,22
2025-06-19,SKU-1002,Pune DC,26
2025-06-20,SKU-1002,Pune DC,22
2025-06-21,SKU-1002,Pune DC,23
2025-06-22,SKU-1002,Pune DC,25
2025-06-23,SKU-1002,Pune DC,24
2025-06-24,SKU-1002,Pune DC,22
2025-06-25,SKU-1002,Pune DC,24
2025-06-26,SKU-1002,Pune DC,24
2025-06-27,SKU-1002,Pune DC,22
2025-06-28,SKU-1002,Pune DC,24
2025-06-29,SKU-1002,Pune DC,22
2025-06-30,SKU-1002,Pune DC,24
2025-07-01,SKU-1002,Pune DC,24
2025-07-02,SKU-1002,Pune DC,23
2025-07-03,SKU-1002,Pune DC,25
2025-07-04,SKU-1002,Pune DC,22
2025-07-05,SKU-1002,Pune DC,27
2025-07-06,SKU-1002,Pune DC,26
2025-07-07,SKU-1002,Pune DC,21
2025-07-08,SKU-1002,Pune DC,26
2025-07-09,SKU-1002,Pune DC,27
2025-07-10,SKU-1002,Pune DC,24
2025-07-11,SKU-1002,Pune DC,25
2025-07-12,SKU-1002,Pune DC,23
2025-07-13,SKU-1002,Pune DC,21
2025-07-14,SKU-1002,Pune DC,26
2025-07-15,SKU-1002,Pune DC,23
2025-07-16,SKU-1002,Pune DC,23
2025-07-17,SKU-1002,Pune DC,27
2025-07-18,SKU-1002,Pune DC,23
2025-07-19,SKU-1002,Pune DC,26
2025-07-20,SKU-1002,Pune DC,26
2025-07-21,SKU-1002,Pune DC,25
2025-07-22,SKU-1002,Pune DC,23
2025-07-23,SKU-1002,Pune DC,23
2025-07-24,SKU-1002,Pune DC,24
2025-07-25,SKU-1002,Pune DC,23
2025-07-26,SKU-1002,Pune DC,25
2025-07-27,SKU-1002,Pune DC,21
2025-07-28,SKU-1002,Pune DC,22
2025-07-29,SKU-1002,Pune DC,27
2025-07-30,SKU-1002,Pune DC,22
2025-07-31,SKU-1002,Pune DC,25
2025-08-01,SKU-1002,Pune DC,27
2025-08-02,SKU-1002,Pune DC,24
2025-08-03,SKU-1002,Pune DC,27
2025-08-04,SKU-1002,Pune DC,21
2025-08-05,SKU-1002,Pune DC,23
2025-08-06,SKU-1002,Pune DC,22
2025-08-07,SKU-1002,Pune DC,21
2025-08-08,SKU-1002,Pune DC,25
2025-08-09,SKU-1002,Pune DC,21
2025-08-10,SKU-1002,Pune DC,24
2025-08-11,SKU-1002,Pune DC,21
2025-08-12,SKU-1002,Pune DC,23
2025-08-13,SKU-1002,Pune DC,21
2025-08-14,SKU-1002,Pune DC,21
2025-08-15,SKU-1002,Pune DC,22
2025-08-16,SKU-1002,Pune DC,23
2025-08-17,SKU-1002,Pune DC,25
2025-08-18,SKU-1002,Pune DC,22
2025-08-19,SKU-1002,Pune DC,28
2025-08-20,SKU-1002,Pune DC,26
2025-08-21,SKU-1002,Pune DC,25
2025-08-22,SKU-1002,Pune DC,22
2025-08-23,SKU-1002,Pune DC,27
2025-08-24,SKU-1002,Pune DC,21
2025-08-25,SKU-1002,Pune DC,22
2025-08-26,SKU-1002,Pune DC,26
2025-08-27,SKU-1002,Pune DC,24
2025-08-28,SKU-1002,Pune DC,26
2025-08-29,SKU-1002,Pune DC,24
2025-08-30,SKU-1002,Pune DC,23
2025-08-31,SKU-1002,Pune DC,21
2025-09-01,SKU-1002,Pune DC,27
2025-09-02,SKU-1002,Pune DC,26
2025-09-03,SKU-1002,Pune DC,22
2025-09-04,SKU-1002,Pune DC,21
2025-09-05,SKU-1002,Pune DC,27
2025-09-06,SKU-1002,Pune DC,23
2025-09-07,SKU-1002,Pune DC,24
2025-09-08,SKU-1002,Pune DC,24
2025-09-09,SKU-1002,Pune DC,25
2025-09-10,SKU-1002,Pune DC,28
2025-09-11,SKU-1002,Pune DC,26
2025-09-12,SKU-1002,Pune DC,26
2025-09-13,SKU-1002,Pune DC,22
2025-09-14,SKU-1002,Pune DC,24
2025-09-15,SKU-1002,Pune DC,23
2025-09-16,SKU-1002,Pune DC,24
2025-09-17,SKU-1002,Pune DC,26
2025-09-18,SKU-1002,Pune DC,25
2025-09-19,SKU-1002,Pune DC,27
2025-09-20,SKU-1002,Pune DC,21
2025-09-21,SKU-1002,Pune DC,23
2025-09-22,SKU-1002,Pune DC,23
2025-09-23,SKU-1002,Pune DC,25
2025-09-24,SKU-1002,Pune DC,23
2025-09-25,SKU-1002,Pune DC,25
2025-09-26,SKU-1002,Pune DC,23
2025-09-27,SKU-1002,Pune DC,27
2025-09-28,SKU-1002,Pune DC,28
2025-09-29,SKU-1002,Pune DC,22
2025-09-30,SKU-1002,Pune DC,23
2025-10-01,SKU-1002,Pune DC,26
2025-10-02,SKU-1002,Pune DC,22
2025-10-03,SKU-1002,Pune DC,22
2025-10-04,SKU-1002,Pune DC,24
2025-10-05,SKU-1002,Pune DC,22
2025-10-06,SKU-1002,Pune DC,21
2025-10-07,SKU-1002,Pune DC,27
2025-10-08,SKU-1002,Pune DC,27
2025-10-09,SKU-1002,Pune DC,24
2025-10-10,SKU-1002,Pune DC,22
2025-10-11,SKU-1002,Pune DC,21
2025-10-12,SKU-1002,Pune DC,24
2025-10-13,SKU-1002,Pune DC,27
2025-10-14,SKU-1002,Pune DC,24
2025-10-15,SKU-1002,Pune DC,25
2025-10-16,SKU-1002,Pune DC,22
2025-10-17,SKU-1002,Pune DC,22
2025-10-18,SKU-1002,Pune DC,24
2025-10-19,SKU-1002,Pune DC,26
2025-10-20,SKU-1002,Pune DC,27
2025-10-21,SKU-1002,Pune DC,26
2025-10-22,SKU-1002,Pune DC,23
2025-10-23,SKU-1002,Pune DC,27
2025-10-24,SKU-1002,Pune DC,26
2025-10-25,SKU-1002,Pune DC,27
2025-10-26,SKU-1002,Pune DC,24
2025-10-27,SKU-1002,Pune DC,23
2025-10-28,SKU-1002,Pune DC,22
2025-10-29,SKU-1002,Pune DC,25
2025-10-30,SKU-1002,Pune DC,21
2025-10-31,SKU-1002,Pune DC,21
2025-11-01,SKU-1002,Pune DC,27
2025-11-02,SKU-1002,Pune DC,21
2025-11-03,SKU-1002,Pune DC,21
2025-11-04,SKU-1002,Pune DC,21
2025-11-05,SKU-1002,Pune DC,22
2025-11-06,SKU-1002,Pune DC,25
2025-11-07,SKU-1002,Pune DC,25
2025-11-08,SKU-1002,Pune DC,21
2025-11-09,SKU-1002,Pune DC,22
2025-11-10,SKU-1002,Pune DC,23
2025-11-11,SKU-1002,Pune DC,23
2025-11-12,SKU-1002,Pune DC,24
2025-11-13,SKU-1002,Pune DC,23
2025-11-14,SKU-1002,Pune DC,21
2025-11-15,SKU-1002,Pune DC,22
2025-11-16,SKU-1002,Pune DC,23
2025-11-17,SKU-1002,Pune DC,21
2025-11-18,SKU-1002,Pune DC,21
2025-11-19,SKU-1002,Pune DC,22
2025-11-20,SKU-1002,Pune DC,21
2025-11-21,SKU-1002,Pune DC,25
2025-11-22,SKU-1002,Pune DC,25
2025-11-23,SKU-1002,Pune DC,22
2025-11-24,SKU-1002,Pune DC,24
2025-11-25,SKU-1002,Pune DC,23
2025-11-26,SKU-1002,Pune DC,25
2025-11-27,SKU-1002,Pune DC,21
2025-11-28,SKU-1002,Pune DC,25
2025-11-29,SKU-1002,Pune DC,23
2025-11-30,SKU-1002,Pune DC,23
2025-12-01,SKU-1002,Pune DC,22
2025-12-02,SKU-1002,Pune DC,23
2025-12-03,SKU-1002,Pune DC,22
2025-12-04,SKU-1002,Pune DC,23
2025-12-05,SKU-1002,Pune DC,23
2025-12-06,SKU-1002,Pune DC,26
2025-12-07,SKU-1002,Pune DC,22
2025-12-08,SKU-1002,Pune DC,27
2025-12-09,SKU-1002,Pune DC,23
2025-12-10,SKU-1002,Pune DC,26
2025-12-11,SKU-1002,Pune DC,24
2025-12-12,SKU-1002,Pune DC,21
2025-12-13,SKU-1002,Pune DC,24
2025-12-14,SKU-1002,Pune DC,27
2025-12-15,SKU-1002,Pune DC,22
2025-12-16,SKU-1002,Pune DC,23
2025-12-17,SKU-1002,Pune DC,22
2025-12-18,SKU-1002,Pune DC,27
2025-12-19,SKU-1002,Pune DC,25
2025-12-20,SKU-1002,Pune DC,25
2025-12-21,SKU-1002,Pune DC,27
2025-12-22,SKU-1002,Pune DC,21
2025-12-23,SKU-1002,Pune DC,27
2025-12-24,SKU-1002,Pune DC,25
2025-12-25,SKU-1002,Pune DC,25
2025-12-26,SKU-1002,Pune DC,22
2025-12-27,SKU-1002,Pune DC,23
2025-12-28,SKU-1002,Pune DC,22
2025-12-29,SKU-1002,Pune DC,27
2025-12-30,SKU-1002,Pune DC,21
2025-12-31,SKU-1002,Pune DC,27
2026-01-01,SKU-1002,Pune DC,24
2026-01-02,SKU-1002,Pune DC,21
2026-01-03,SKU-1002,Pune DC,24
2026-01-04,SKU-1002,Pune DC,22
2026-01-05,SKU-1002,Pune DC,22
2026-01-06,SKU-1002,Pune DC,26
2026-01-07,SKU-1002,Pune DC,22
2026-01-08,SKU-1002,Pune DC,27
2026-01-09,SKU-1002,Pune DC,27
2026-01-10,SKU-1002,Pune DC,27
2026-01-11,SKU-1002,Pune DC,27
2026-01-12,SKU-1002,Pune DC,27
2026-01-13,SKU-1002,Pune DC,26
2026-01-14,SKU-1002,Pune DC,26
2026-01-15,SKU-1002,Pune DC,23
2026-01-16,SKU-1002,Pune DC,21
2026-01-17,SKU-1002,Pune DC,21
2026-01-18,SKU-1002,Pune DC,20
2026-01-19,SKU-1002,Pune DC,24
2026-01-20,SKU-1002,Pune DC,21
2026-01-21,SKU-1002,Pune DC,22
2026-01-22,SKU-1002,Pune DC,24
2026-01-23,SKU-1002,Pune DC,23
2026-01-24,SKU-1002,Pune DC,24
2026-01-25,SKU-1002,Pune DC,24
2026-01-26,SKU-1002,Pune DC,22
2026-01-27,SKU-1002,Pune DC,25
2026-01-28,SKU-1002,Pune DC,27
2026-01-29,SKU-1002,Pune DC,21
2026-01-30,SKU-1002,Pune DC,23
2026-01-31,SKU-1002,Pune DC,26
2026-02-01,SKU-1002,Pune DC,23
2026-02-02,SKU-1002,Pune DC,26
2026-02-03,SKU-1002,Pune DC,21
2026-02-04,SKU-1002,Pune DC,24
2026-02-05,SKU-1002,Pune DC,26
2026-02-06,SKU-1002,Pune DC,20
2026-02-07,SKU-1002,Pune DC,22
2026-02-08,SKU-1002,Pune DC,23
2026-02-09,SKU-1002,Pune DC,22
2026-02-10,SKU-1002,Pune DC,21
2026-02-11,SKU-1002,Pune DC,22
2026-02-12,SKU-1002,Pune DC,24
2026-02-13,SKU-1002,Pune DC,23
2026-02-14,SKU-1002,Pune DC,22
2026-02-15,SKU-1002,Pune DC,23
2026-02-16,SKU-1002,Pune DC,25
2026-02-17,SKU-1002,Pune DC,22
2026-02-18,SKU-1002,Pune DC,21
2026-02-19,SKU-1002,Pune DC,25
2026-02-20,SKU-1002,Pune DC,25
2026-02-21,SKU-1002,Pune DC,26
2026-02-22,SKU-1002,Pune DC,22
2026-02-23,SKU-1002,Pune DC,24
2026-02-24,SKU-1002,Pune DC,26
2026-02-25,SKU-1002,Pune DC,21
2026-02-26,SKU-1002,Pune DC,24
2026-02-27,SKU-1002,Pune DC,26
2026-02-28,SKU-1002,Pune DC,22
2026-03-01,SKU-1002,Pune DC,23
2026-03-02,SKU-1002,Pune DC,25
2026-03-03,SKU-1002,Pune DC,23
2026-03-04,SKU-1002,Pune DC,27
2026-03-05,SKU-1002,Pune DC,24
2026-03-06,SKU-1002,Pune DC,26
2026-03-07,SKU-1002,Pune DC,21
2026-03-08,SKU-1002,Pune DC,21
2026-03-09,SKU-1002,Pune DC,26
2026-03-10,SKU-1002,Pune DC,24
2026-03-11,SKU-1002,Pune DC,25
2026-03-12,SKU-1002,Pune DC,26
2026-03-13,SKU-1002,Pune DC,23
2026-03-14,SKU-1002,Pune DC,23
2026-03-15,SKU-1002,Pune DC,21
2026-03-16,SKU-1002,Pune DC,25
2026-03-17,SKU-1002,Pune DC,26
2026-03-18,SKU-1002,Pune DC,26
2026-03-19,SKU-1002,Pune DC,24
2026-03-20,SKU-1002,Pune DC,27
2026-03-21,SKU-1002,Pune DC,26
2026-03-22,SKU-1002,Pune DC,23
2026-03-23,SKU-1002,Pune DC,26
2026-03-24,SKU-1002,Pune DC,24
2026-03-25,SKU-1002,Pune DC,21
2026-03-26,SKU-1002,Pune DC,21
2026-03-27,SKU-1002,Pune DC,22
2026-03-28,SKU-1002,Pune DC,21
2026-03-29,SKU-1002,Pune DC,23
2026-03-30,SKU-1002,Pune DC,25
2026-03-31,SKU-1002,Pune DC,25
2026-04-01,SKU-1002,Pune DC,22
2026-04-02,SKU-1002,Pune DC,21
2026-04-03,SKU-1002,Pune DC,26
2026-04-04,SKU-1002,Pune DC,27
2026-04-05,SKU-1002,Pune DC,22
2026-04-06,SKU-1002,Pune DC,23
2026-04-07,SKU-1002,Pune DC,27
2026-04-08,SKU-1002,Pune DC,25
2026-04-09,SKU-1002,Pune DC,21
2026-04-10,SKU-1002,Pune DC,20
2026-04-11,SKU-1002,Pune DC,24
2026-04-12,SKU-1002,Pune DC,26
2026-04-13,SKU-1002,Pune DC,26
2026-04-14,SKU-1002,Pune DC,24
2026-04-15,SKU-1002,Pune DC,27
2026-04-16,SKU-1002,Pune DC,23
2026-04-17,SKU-1002,Pune DC,25
2026-04-18,SKU-1002,Pune DC,23
2026-04-19,SKU-1002,Pune DC,21
2026-04-20,SKU-1002,Pune DC,22
2026-04-21,SKU-1002,Pune DC,23
2026-04-22,SKU-1002,Pune DC,21
2026-04-23,SKU-1002,Pune DC,27
2026-04-24,SKU-1002,Pune DC,21
2026-04-25,SKU-1002,Pune DC,22
2026-04-26,SKU-1002,Pune DC,25
2026-04-27,SKU-1002,Pune DC,21
2026-04-28,SKU-1002,Pune DC,22
2026-04-29,SKU-1002,Pune DC,23
2026-04-30,SKU-1002,Pune DC,26
2026-05-01,SKU-1002,Pune DC,23
2026-05-02,SKU-1002,Pune DC,25
2026-05-03,SKU-1002,Pune DC,28
2026-05-04,SKU-1002,Pune DC,21
2026-05-05,SKU-1002,Pune DC,24
2026-05-06,SKU-1002,Pune DC,27
2026-05-07,SKU-1002,Pune DC,26
2026-05-08,SKU-1002,Pune DC,24
2026-05-09,SKU-1002,Pune DC,21
2026-05-10,SKU-1002,Pune DC,27
2026-05-11,SKU-1002,Pune DC,25
2026-05-12,SKU-1002,Pune DC,23
2026-05-13,SKU-1002,Pune DC,23
2026-05-14,SKU-1002,Pune DC,21
2026-05-15,SKU-1002,Pune DC,26
2026-05-16,SKU-1002,Pune DC,22
2026-05-17,SKU-1002,Pune DC,23
2026-05-18,SKU-1002,Pune DC,23
2026-05-19,SKU-1002,Pune DC,21
2026-05-20,SKU-1002,Pune DC,25
2026-05-21,SKU-1002,Pune DC,27
2026-05-22,SKU-1002,Pune DC,28
2026-05-23,SKU-1002,Pune DC,26
2026-05-24,SKU-1002,Pune DC,26
2026-05-25,SKU-1002,Pune DC,24
2026-05-26,SKU-1002,Pune DC,26
2026-05-27,SKU-1002,Pune DC,27
2026-05-28,SKU-1002,Pune DC,27
2026-05-29,SKU-1002,Pune DC,27
2026-05-30,SKU-1002,Pune DC,21
2026-05-31,SKU-1002,Pune DC,22
2026-06-01,SKU-1002,Pune DC,24
2026-06-02,SKU-1002,Pune DC,20
2026-06-03,SKU-1002,Pune DC,26
2026-06-04,SKU-1002,Pune DC,22
2026-06-05,SKU-1002,Pune DC,27
2026-06-06,SKU-1002,Pune DC,22
2026-06-07,SKU-1002,Pune DC,22
2026-06-08,SKU-1002,Pune DC,23
2026-06-09,SKU-1002,Pune DC,25
2026-06-10,SKU-1002,Pune DC,24
2026-06-11,SKU-1002,Pune DC,21
2026-06-12,SKU-1002,Pune DC,24
2026-06-13,SKU-1002,Pune DC,22
2026-06-14,SKU-1002,Pune DC,26
2026-06-15,SKU-1002,Pune DC,21
2026-06-16,SKU-1002,Pune DC,23
2026-06-17,SKU-1002,Pune DC,23
2026-06-18,SKU-1002,Pune DC,23
2026-06-19,SKU-1002,Pune DC,26
2026-06-20,SKU-1002,Pune DC,21
2026-06-21,SKU-1002,Pune DC,22
2026-06-22,SKU-1002,Pune DC,27
2026-06-23,SKU-1002,Pune DC,23
2026-06-24,SKU-1002,Pune DC,27
2026-06-25,SKU-1002,Pune DC,22
2026-06-26,SKU-1002,Pune DC,26
2026-06-27,SKU-1002,Pune DC,21
2026-06-28,SKU-1002,Pune DC,24
2026-06-29,SKU-1002,Pune DC,24
2026-06-30,SKU-1002,Pune DC,24
2026-07-01,SKU-1002,Pune DC,22
2026-07-02,SKU-1002,Pune DC,24
2026-07-03,SKU-1002,Pune DC,23
2026-07-04,SKU-1002,Pune DC,23
2026-07-05,SKU-1002,Pune DC,21
2026-07-06,SKU-1002,Pune DC,22
2026-07-07,SKU-1002,Pune DC,25
2026-07-08,SKU-1002,Pune DC,27
2026-07-09,SKU-1002,Pune DC,26
2026-07-10,SKU-1002,Pune DC,28
2026-07-11,SKU-1002,Pune DC,23
2026-07-12,SKU-1002,Pune DC,26
2026-07-13,SKU-1002,Pune DC,27
2026-07-14,SKU-1002,Pune DC,21
2026-07-15,SKU-1002,Pune DC,24
2026-07-16,SKU-1002,Pune DC,24
2026-07-17,SKU-1002,Pune DC,22
2026-07-18,SKU-1002,Pune DC,21
2026-07-19,SKU-1002,Pune DC,26
2026-07-20,SKU-1002,Pune DC,24
2026-07-21,SKU-1002,Pune DC,26
2026-07-22,SKU-1002,Pune DC,25
2026-07-23,SKU-1002,Pune DC,26
2026-07-24,SKU-1002,Pune DC,23
2026-07-25,SKU-1002,Pune DC,21
2026-07-26,SKU-1002,Pune DC,27
2026-07-27,SKU-1002,Pune DC,22
2026-07-28,SKU-1002,Pune DC,27
2026-07-29,SKU-1002,Pune DC,27
2026-07-30,SKU-1002,Pune DC,22
2026-07-31,SKU-1002,Pune DC,25
2026-08-01,SKU-1002,Pune DC,22
2026-08-02,SKU-1002,Pune DC,21
2026-08-03,SKU-1002,Pune DC,23
2026-08-04,SKU-1002,Pune DC,25
2026-08-05,SKU-1002,Pune DC,23
2026-08-06,SKU-1002,Pune DC,26
2026-08-07,SKU-1002,Pune DC,24
2026-08-08,SKU-1002,Pune DC,27
2026-08-09,SKU-1002,Pune DC,26
2026-08-10,SKU-1002,Pune DC,21
2026-08-11,SKU-1002,Pune DC,20
2026-08-12,SKU-1002,Pune DC,25
2026-08-13,SKU-1002,Pune DC,23
2026-08-14,SKU-1002,Pune DC,23
2026-08-15,SKU-1002,Pune DC,26
2026-08-16,SKU-1002,Pune DC,23
2024-08-17,SKU-1002,Chennai DC,22
2024-08-18,SKU-1002,Chennai DC,20
2024-08-19,SKU-1002,Chennai DC,23
2024-08-20,SKU-1002,Chennai DC,21
2024-08-21,SKU-1002,Chennai DC,22
2024-08-22,SKU-1002,Chennai DC,20
2024-08-23,SKU-1002,Chennai DC,19
2024-08-24,SKU-1002,Chennai DC,22
2024-08-25,SKU-1002,Chennai DC,22
2024-08-26,SKU-1002,Chennai DC,20
2024-08-27,SKU-1002,Chennai DC,20
2024-08-28,SKU-1002,Chennai DC,18
2024-08-29,SKU-1002,Chennai DC,23
2024-08-30,SKU-1002,Chennai DC,18
2024-08-31,SKU-1002,Chennai DC,22
2024-09-01,SKU-1002,Chennai DC,23
2024-09-02,SKU-1002,Chennai DC,22
2024-09-03,SKU-1002,Chennai DC,19
2024-09-04,SKU-1002,Chennai DC,20
2024-09-05,SKU-1002,Chennai DC,19
2024-09-06,SKU-1002,Chennai DC,20
2024-09-07,SKU-1002,Chennai DC,20
2024-09-08,SKU-1002,Chennai DC,18
2024-09-09,SKU-1002,Chennai DC,19
2024-09-10,SKU-1002,Chennai DC,20
2024-09-11,SKU-1002,Chennai DC,19
2024-09-12,SKU-1002,Chennai DC,22
2024-09-13,SKU-1002,Chennai DC,20
2024-09-14,SKU-1002,Chennai DC,23
2024-09-15,SKU-1002,Chennai DC,18
2024-09-16,SKU-1002,Chennai DC,21
2024-09-17,SKU-1002,Chennai DC,19
2024-09-18,SKU-1002,Chennai DC,19
2024-09-19,SKU-1002,Chennai DC,23
2024-09-20,SKU-1002,Chennai DC,20
2024-09-21,SKU-1002,Chennai DC,22
2024-09-22,SKU-1002,Chennai DC,21
2024-09-23,SKU-1002,Chennai DC,18
2024-09-24,SKU-1002,Chennai DC,23
2024-09-25,SKU-1002,Chennai DC,21
2024-09-26,SKU-1002,Chennai DC,22
2024-09-27,SKU-1002,Chennai DC,23
2024-09-28,SKU-1002,Chennai DC,17
2024-09-29,SKU-1002,Chennai DC,20
2024-09-30,SKU-1002,Chennai DC,21
2024-10-01,SKU-1002,Chennai DC,23
2024-10-02,SKU-1002,Chennai DC,22
2024-10-03,SKU-1002,Chennai DC,21
2024-10-04,SKU-1002,Chennai DC,21
2024-10-05,SKU-1002,Chennai DC,19
2024-10-06,SKU-1002,Chennai DC,21
2024-10-07,SKU-1002,Chennai DC,20
2024-10-08,SKU-1002,Chennai DC,21
2024-10-09,SKU-1002,Chennai DC,20
2024-10-10,SKU-1002,Chennai DC,21
2024-10-11,SKU-1002,Chennai DC,20
2024-10-12,SKU-1002,Chennai DC,23
2024-10-13,SKU-1002,Chennai DC,20
2024-10-14,SKU-1002,Chennai DC,20
2024-10-15,SKU-1002,Chennai DC,22
2024-10-16,SKU-1002,Chennai DC,21
2024-10-17,SKU-1002,Chennai DC,22
2024-10-18,SKU-1002,Chennai DC,17
2024-10-19,SKU-1002,Chennai DC,21
2024-10-20,SKU-1002,Chennai DC,17
2024-10-21,SKU-1002,Chennai DC,20
2024-10-22,SKU-1002,Chennai DC,20
2024-10-23,SKU-1002,Chennai DC,21
2024-10-24,SKU-1002,Chennai DC,22
2024-10-25,SKU-1002,Chennai DC,17
2024-10-26,SKU-1002,Chennai DC,17
2024-10-27,SKU-1002,Chennai DC,20
2024-10-28,SKU-1002,Chennai DC,20
2024-10-29,SKU-1002,Chennai DC,18
2024-10-30,SKU-1002,Chennai DC,20
2024-10-31,SKU-1002,Chennai DC,19
2024-11-01,SKU-1002,Chennai DC,20
2024-11-02,SKU-1002,Chennai DC,17
2024-11-03,SKU-1002,Chennai DC,22
2024-11-04,SKU-1002,Chennai DC,22
2024-11-05,SKU-1002,Chennai DC,19
2024-11-06,SKU-1002,Chennai DC,19
2024-11-07,SKU-1002,Chennai DC,18
2024-11-08,SKU-1002,Chennai DC,17
2024-11-09,SKU-1002,Chennai DC,20
2024-11-10,SKU-1002,Chennai DC,22
2024-11-11,SKU-1002,Chennai DC,23
2024-11-12,SKU-1002,Chennai DC,22
2024-11-13,SKU-1002,Chennai DC,21
2024-11-14,SKU-1002,Chennai DC,21
2024-11-15,SKU-1002,Chennai DC,19
2024-11-16,SKU-1002,Chennai DC,23
2024-11-17,SKU-1002,Chennai DC,19
2024-11-18,SKU-1002,Chennai DC,20
2024-11-19,SKU-1002,Chennai DC,22
2024-11-20,SKU-1002,Chennai DC,17
2024-11-21,SKU-1002,Chennai DC,22
2024-11-22,SKU-1002,Chennai DC,18
2024-11-23,SKU-1002,Chennai DC,20
2024-11-24,SKU-1002,Chennai DC,21
2024-11-25,SKU-1002,Chennai DC,18
2024-11-26,SKU-1002,Chennai DC,21
2024-11-27,SKU-1002,Chennai DC,22
2024-11-28,SKU-1002,Chennai DC,21
2024-11-29,SKU-1002,Chennai DC,19
2024-11-30,SKU-1002,Chennai DC,21
2024-12-01,SKU-1002,Chennai DC,22
2024-12-02,SKU-1002,Chennai DC,22
2024-12-03,SKU-1002,Chennai DC,19
2024-12-04,SKU-1002,Chennai DC,18
2024-12-05,SKU-1002,Chennai DC,23
2024-12-06,SKU-1002,Chennai DC,19
2024-12-07,SKU-1002,Chennai DC,17
2024-12-08,SKU-1002,Chennai DC,21
2024-12-09,SKU-1002,Chennai DC,19
2024-12-10,SKU-1002,Chennai DC,18
2024-12-11,SKU-1002,Chennai DC,20
2024-12-12,SKU-1002,Chennai DC,20
2024-12-13,SKU-1002,Chennai DC,19
2024-12-14,SKU-1002,Chennai DC,18
2024-12-15,SKU-1002,Chennai DC,22
2024-12-16,SKU-1002,Chennai DC,18
2024-12-17,SKU-1002,Chennai DC,23
2024-12-18,SKU-1002,Chennai DC,23
2024-12-19,SKU-1002,Chennai DC,21
2024-12-20,SKU-1002,Chennai DC,20
2024-12-21,SKU-1002,Chennai DC,21
2024-12-22,SKU-1002,Chennai DC,21
2024-12-23,SKU-1002,Chennai DC,18
2024-12-24,SKU-1002,Chennai DC,22
2024-12-25,SKU-1002,Chennai DC,21
2024-12-26,SKU-1002,Chennai DC,20
2024-12-27,SKU-1002,Chennai DC,22
2024-12-28,SKU-1002,Chennai DC,21
2024-12-29,SKU-1002,Chennai DC,17
2024-12-30,SKU-1002,Chennai DC,19
2024-12-31,SKU-1002,Chennai DC,18
2025-01-01,SKU-1002,Chennai DC,20
2025-01-02,SKU-1002,Chennai DC,20
2025-01-03,SKU-1002,Chennai DC,21
2025-01-04,SKU-1002,Chennai DC,22
2025-01-05,SKU-1002,Chennai DC,17
2025-01-06,SKU-1002,Chennai DC,18
2025-01-07,SKU-1002,Chennai DC,22
2025-01-08,SKU-1002,Chennai DC,19
2025-01-09,SKU-1002,Chennai DC,18
2025-01-10,SKU-1002,Chennai DC,20
2025-01-11,SKU-1002,Chennai DC,22
2025-01-12,SKU-1002,Chennai DC,21
2025-01-13,SKU-1002,Chennai DC,17
2025-01-14,SKU-1002,Chennai DC,22
2025-01-15,SKU-1002,Chennai DC,19
2025-01-16,SKU-1002,Chennai DC,22
2025-01-17,SKU-1002,Chennai DC,17
2025-01-18,SKU-1002,Chennai DC,19
2025-01-19,SKU-1002,Chennai DC,22
2025-01-20,SKU-1002,Chennai DC,21
2025-01-21,SKU-1002,Chennai DC,23
2025-01-22,SKU-1002,Chennai DC,22
2025-01-23,SKU-1002,Chennai DC,20
2025-01-24,SKU-1002,Chennai DC,18
2025-01-25,SKU-1002,Chennai DC,20
2025-01-26,SKU-1002,Chennai DC,22
2025-01-27,SKU-1002,Chennai DC,18
2025-01-28,SKU-1002,Chennai DC,20
2025-01-29,SKU-1002,Chennai DC,19
2025-01-30,SKU-1002,Chennai DC,21
2025-01-31,SKU-1002,Chennai DC,20
2025-02-01,SKU-1002,Chennai DC,17
2025-02-02,SKU-1002,Chennai DC,18
2025-02-03,SKU-1002,Chennai DC,21
2025-02-04,SKU-1002,Chennai DC,19
2025-02-05,SKU-1002,Chennai DC,21
2025-02-06,SKU-1002,Chennai DC,19
2025-02-07,SKU-1002,Chennai DC,21
2025-02-08,SKU-1002,Chennai DC,19
2025-02-09,SKU-1002,Chennai DC,21
2025-02-10,SKU-1002,Chennai DC,21
2025-02-11,SKU-1002,Chennai DC,21
2025-02-12,SKU-1002,Chennai DC,17
2025-02-13,SKU-1002,Chennai DC,19
2025-02-14,SKU-1002,Chennai DC,22
2025-02-15,SKU-1002,Chennai DC,19
2025-02-16,SKU-1002,Chennai DC,19
2025-02-17,SKU-1002,Chennai DC,22
2025-02-18,SKU-1002,Chennai DC,19
2025-02-19,SKU-1002,Chennai DC,17
2025-02-20,SKU-1002,Chennai DC,21
2025-02-21,SKU-1002,Chennai DC,19
2025-02-22,SKU-1002,Chennai DC,18
2025-02-23,SKU-1002,Chennai DC,21
2025-02-24,SKU-1002,Chennai DC,17
2025-02-25,SKU-1002,Chennai DC,22
2025-02-26,SKU-1002,Chennai DC,18
2025-02-27,SKU-1002,Chennai DC,18
2025-02-28,SKU-1002,Chennai DC,19
2025-03-01,SKU-1002,Chennai DC,17
2025-03-02,SKU-1002,Chennai DC,19
2025-03-03,SKU-1002,Chennai DC,18
2025-03-04,SKU-1002,Chennai DC,22
2025-03-05,SKU-1002,Chennai DC,19
2025-03-06,SKU-1002,Chennai DC,18
2025-03-07,SKU-1002,Chennai DC,19
2025-03-08,SKU-1002,Chennai DC,20
2025-03-09,SKU-1002,Chennai DC,19
2025-03-10,SKU-1002,Chennai DC,19
2025-03-11,SKU-1002,Chennai DC,18
2025-03-12,SKU-1002,Chennai DC,19
2025-03-13,SKU-1002,Chennai DC,20
2025-03-14,SKU-1002,Chennai DC,18
2025-03-15,SKU-1002,Chennai DC,18
2025-03-16,SKU-1002,Chennai DC,22
2025-03-17,SKU-1002,Chennai DC,18
2025-03-18,SKU-1002,Chennai DC,21
2025-03-19,SKU-1002,Chennai DC,19
2025-03-20,SKU-1002,Chennai DC,21
2025-03-21,SKU-1002,Chennai DC,21
2025-03-22,SKU-1002,Chennai DC,20
2025-03-23,SKU-1002,Chennai DC,20
2025-03-24,SKU-1002,Chennai DC,20
2025-03-25,SKU-1002,Chennai DC,20
2025-03-26,SKU-1002,Chennai DC,22
2025-03-27,SKU-1002,Chennai DC,22
2025-03-28,SKU-1002,Chennai DC,20
2025-03-29,SKU-1002,Chennai DC,22
2025-03-30,SKU-1002,Chennai DC,20
2025-03-31,SKU-1002,Chennai DC,19
2025-04-01,SKU-1002,Chennai DC,20
2025-04-02,SKU-1002,Chennai DC,18
2025-04-03,SKU-1002,Chennai DC,21
2025-04-04,SKU-1002,Chennai DC,18
2025-04-05,SKU-1002,Chennai DC,21
2025-04-06,SKU-1002,Chennai DC,19
2025-04-07,SKU-1002,Chennai DC,20
2025-04-08,SKU-1002,Chennai DC,21
2025-04-09,SKU-1002,Chennai DC,21
2025-04-10,SKU-1002,Chennai DC,23
2025-04-11,SKU-1002,Chennai DC,21
2025-04-12,SKU-1002,Chennai DC,20
2025-04-13,SKU-1002,Chennai DC,22
2025-04-14,SKU-1002,Chennai DC,21
2025-04-15,SKU-1002,Chennai DC,22
2025-04-16,SKU-1002,Chennai DC,21
2025-04-17,SKU-1002,Chennai DC,19
2025-04-18,SKU-1002,Chennai DC,19
2025-04-19,SKU-1002,Chennai DC,19
2025-04-20,SKU-1002,Chennai DC,20
2025-04-21,SKU-1002,Chennai DC,21
2025-04-22,SKU-1002,Chennai DC,18
2025-04-23,SKU-1002,Chennai DC,21
2025-04-24,SKU-1002,Chennai DC,19
2025-04-25,SKU-1002,Chennai DC,18
2025-04-26,SKU-1002,Chennai DC,17
2025-04-27,SKU-1002,Chennai DC,17
2025-04-28,SKU-1002,Chennai DC,19
2025-04-29,SKU-1002,Chennai DC,19
2025-04-30,SKU-1002,Chennai DC,21
2025-05-01,SKU-1002,Chennai DC,22
2025-05-02,SKU-1002,Chennai DC,18
2025-05-03,SKU-1002,Chennai DC,19
2025-05-04,SKU-1002,Chennai DC,22
2025-05-05,SKU-1002,Chennai DC,20
2025-05-06,SKU-1002,Chennai DC,22
2025-05-07,SKU-1002,Chennai DC,21
2025-05-08,SKU-1002,Chennai DC,21
2025-05-09,SKU-1002,Chennai DC,20
2025-05-10,SKU-1002,Chennai DC,18
2025-05-11,SKU-1002,Chennai DC,23
2025-05-12,SKU-1002,Chennai DC,22
2025-05-13,SKU-1002,Chennai DC,18
2025-05-14,SKU-1002,Chennai DC,23
2025-05-15,SKU-1002,Chennai DC,17
2025-05-16,SKU-1002,Chennai DC,20
2025-05-17,SKU-1002,Chennai DC,22
2025-05-18,SKU-1002,Chennai DC,18
2025-05-19,SKU-1002,Chennai DC,17
2025-05-20,SKU-1002,Chennai DC,23
2025-05-21,SKU-1002,Chennai DC,21
2025-05-22,SKU-1002,Chennai DC,22
2025-05-23,SKU-1002,Chennai DC,21
2025-05-24,SKU-1002,Chennai DC,21
2025-05-25,SKU-1002,Chennai DC,22
2025-05-26,SKU-1002,Chennai DC,17
2025-05-27,SKU-1002,Chennai DC,18
2025-05-28,SKU-1002,Chennai DC,18
2025-05-29,SKU-1002,Chennai DC,22
2025-05-30,SKU-1002,Chennai DC,20
2025-05-31,SKU-1002,Chennai DC,19
2025-06-01,SKU-1002,Chennai DC,17
2025-06-02,SKU-1002,Chennai DC,22
2025-06-03,SKU-1002,Chennai DC,22
2025-06-04,SKU-1002,Chennai DC,22
2025-06-05,SKU-1002,Chennai DC,23
2025-06-06,SKU-1002,Chennai DC,19
2025-06-07,SKU-1002,Chennai DC,19
2025-06-08,SKU-1002,Chennai DC,21
2025-06-09,SKU-1002,Chennai DC,20
2025-06-10,SKU-1002,Chennai DC,20
2025-06-11,SKU-1002,Chennai DC,22
2025-06-12,SKU-1002,Chennai DC,18
2025-06-13,SKU-1002,Chennai DC,21
2025-06-14,SKU-1002,Chennai DC,19
2025-06-15,SKU-1002,Chennai DC,19
2025-06-16,SKU-1002,Chennai DC,21
2025-06-17,SKU-1002,Chennai DC,18
2025-06-18,SKU-1002,Chennai DC,23
2025-06-19,SKU-1002,Chennai DC,18
2025-06-20,SKU-1002,Chennai DC,21
2025-06-21,SKU-1002,Chennai DC,18
2025-06-22,SKU-1002,Chennai DC,18
2025-06-23,SKU-1002,Chennai DC,20
2025-06-24,SKU-1002,Chennai DC,18
2025-06-25,SKU-1002,Chennai DC,22
2025-06-26,SKU-1002,Chennai DC,18
2025-06-27,SKU-1002,Chennai DC,18
2025-06-28,SKU-1002,Chennai DC,19
2025-06-29,SKU-1002,Chennai DC,21
2025-06-30,SKU-1002,Chennai DC,20
2025-07-01,SKU-1002,Chennai DC,21
2025-07-02,SKU-1002,Chennai DC,21
2025-07-03,SKU-1002,Chennai DC,18
2025-07-04,SKU-1002,Chennai DC,22
2025-07-05,SKU-1002,Chennai DC,22
2025-07-06,SKU-1002,Chennai DC,21
2025-07-07,SKU-1002,Chennai DC,21
2025-07-08,SKU-1002,Chennai DC,22
2025-07-09,SKU-1002,Chennai DC,22
2025-07-10,SKU-1002,Chennai DC,22
2025-07-11,SKU-1002,Chennai DC,19
2025-07-12,SKU-1002,Chennai DC,19
2025-07-13,SKU-1002,Chennai DC,22
2025-07-14,SKU-1002,Chennai DC,21
2025-07-15,SKU-1002,Chennai DC,20
2025-07-16,SKU-1002,Chennai DC,21
2025-07-17,SKU-1002,Chennai DC,20
2025-07-18,SKU-1002,Chennai DC,20
2025-07-19,SKU-1002,Chennai DC,18
2025-07-20,SKU-1002,Chennai DC,19
2025-07-21,SKU-1002,Chennai DC,23
2025-07-22,SKU-1002,Chennai DC,21
2025-07-23,SKU-1002,Chennai DC,21
2025-07-24,SKU-1002,Chennai DC,20
2025-07-25,SKU-1002,Chennai DC,18
2025-07-26,SKU-1002,Chennai DC,21
2025-07-27,SKU-1002,Chennai DC,18
2025-07-28,SKU-1002,Chennai DC,23
2025-07-29,SKU-1002,Chennai DC,21
2025-07-30,SKU-1002,Chennai DC,19
2025-07-31,SKU-1002,Chennai DC,20
2025-08-01,SKU-1002,Chennai DC,20
2025-08-02,SKU-1002,Chennai DC,21
2025-08-03,SKU-1002,Chennai DC,23
2025-08-04,SKU-1002,Chennai DC,17
2025-08-05,SKU-1002,Chennai DC,20
2025-08-06,SKU-1002,Chennai DC,19
2025-08-07,SKU-1002,Chennai DC,19
2025-08-08,SKU-1002,Chennai DC,21
2025-08-09,SKU-1002,Chennai DC,23
2025-08-10,SKU-1002,Chennai DC,18
2025-08-11,SKU-1002,Chennai DC,21
2025-08-12,SKU-1002,Chennai DC,20
2025-08-13,SKU-1002,Chennai DC,17
2025-08-14,SKU-1002,Chennai DC,21
2025-08-15,SKU-1002,Chennai DC,20
2025-08-16,SKU-1002,Chennai DC,22
2025-08-17,SKU-1002,Chennai DC,18
2025-08-18,SKU-1002,Chennai DC,22
2025-08-19,SKU-1002,Chennai DC,18
2025-08-20,SKU-1002,Chennai DC,17
2025-08-21,SKU-1002,Chennai DC,19
2025-08-22,SKU-1002,Chennai DC,21
2025-08-23,SKU-1002,Chennai DC,17
2025-08-24,SKU-1002,Chennai DC,22
2025-08-25,SKU-1002,Chennai DC,23
2025-08-26,SKU-1002,Chennai DC,19
2025-08-27,SKU-1002,Chennai DC,18
2025-08-28,SKU-1002,Chennai DC,19
2025-08-29,SKU-1002,Chennai DC,18
2025-08-30,SKU-1002,Chennai DC,20
2025-08-31,SKU-1002,Chennai DC,22
2025-09-01,SKU-1002,Chennai DC,22
2025-09-02,SKU-1002,Chennai DC,19
2025-09-03,SKU-1002,Chennai DC,19
2025-09-04,SKU-1002,Chennai DC,19
2025-09-05,SKU-1002,Chennai DC,20
2025-09-06,SKU-1002,Chennai DC,22
2025-09-07,SKU-1002,Chennai DC,22
2025-09-08,SKU-1002,Chennai DC,23
2025-09-09,SKU-1002,Chennai DC,17
2025-09-10,SKU-1002,Chennai DC,21
2025-09-11,SKU-1002,Chennai DC,21
2025-09-12,SKU-1002,Chennai DC,19
2025-09-13,SKU-1002,Chennai DC,21
2025-09-14,SKU-1002,Chennai DC,22
2025-09-15,SKU-1002,Chennai DC,17
2025-09-16,SKU-1002,Chennai DC,22
2025-09-17,SKU-1002,Chennai DC,17
2025-09-18,SKU-1002,Chennai DC,18
2025-09-19,SKU-1002,Chennai DC,22
2025-09-20,SKU-1002,Chennai DC,22
2025-09-21,SKU-1002,Chennai DC,18
2025-09-22,SKU-1002,Chennai DC,19
2025-09-23,SKU-1002,Chennai DC,19
2025-09-24,SKU-1002,Chennai DC,21
2025-09-25,SKU-1002,Chennai DC,20
2025-09-26,SKU-1002,Chennai DC,22
2025-09-27,SKU-1002,Chennai DC,19
2025-09-28,SKU-1002,Chennai DC,17
2025-09-29,SKU-1002,Chennai DC,20
2025-09-30,SKU-1002,Chennai DC,19
2025-10-01,SKU-1002,Chennai DC,19
2025-10-02,SKU-1002,Chennai DC,22
2025-10-03,SKU-1002,Chennai DC,19
2025-10-04,SKU-1002,Chennai DC,21
2025-10-05,SKU-1002,Chennai DC,18
2025-10-06,SKU-1002,Chennai DC,22
2025-10-07,SKU-1002,Chennai DC,20
2025-10-08,SKU-1002,Chennai DC,20
2025-10-09,SKU-1002,Chennai DC,22
2025-10-10,SKU-1002,Chennai DC,22
2025-10-11,SKU-1002,Chennai DC,21
2025-10-12,SKU-1002,Chennai DC,21
2025-10-13,SKU-1002,Chennai DC,20
2025-10-14,SKU-1002,Chennai DC,19
2025-10-15,SKU-1002,Chennai DC,19
2025-10-16,SKU-1002,Chennai DC,23
2025-10-17,SKU-1002,Chennai DC,18
2025-10-18,SKU-1002,Chennai DC,22
2025-10-19,SKU-1002,Chennai DC,18
2025-10-20,SKU-1002,Chennai DC,22
2025-10-21,SKU-1002,Chennai DC,18
2025-10-22,SKU-1002,Chennai DC,20
2025-10-23,SKU-1002,Chennai DC,19
2025-10-24,SKU-1002,Chennai DC,17
2025-10-25,SKU-1002,Chennai DC,20
2025-10-26,SKU-1002,Chennai DC,22
2025-10-27,SKU-1002,Chennai DC,20
2025-10-28,SKU-1002,Chennai DC,22
2025-10-29,SKU-1002,Chennai DC,19
2025-10-30,SKU-1002,Chennai DC,21
2025-10-31,SKU-1002,Chennai DC,22
2025-11-01,SKU-1002,Chennai DC,21
2025-11-02,SKU-1002,Chennai DC,21
2025-11-03,SKU-1002,Chennai DC,19
2025-11-04,SKU-1002,Chennai DC,19
2025-11-05,SKU-1002,Chennai DC,21
2025-11-06,SKU-1002,Chennai DC,22
2025-11-07,SKU-1002,Chennai DC,18
2025-11-08,SKU-1002,Chennai DC,17
2025-11-09,SKU-1002,Chennai DC,18
2025-11-10,SKU-1002,Chennai DC,21
2025-11-11,SKU-1002,Chennai DC,17
2025-11-12,SKU-1002,Chennai DC,19
2025-11-13,SKU-1002,Chennai DC,21
2025-11-14,SKU-1002,Chennai DC,23
2025-11-15,SKU-1002,Chennai DC,21
2025-11-16,SKU-1002,Chennai DC,23
2025-11-17,SKU-1002,Chennai DC,20
2025-11-18,SKU-1002,Chennai DC,21
2025-11-19,SKU-1002,Chennai DC,23
2025-11-20,SKU-1002,Chennai DC,20
2025-11-21,SKU-1002,Chennai DC,18
2025-11-22,SKU-1002,Chennai DC,21
2025-11-23,SKU-1002,Chennai DC,22
2025-11-24,SKU-1002,Chennai DC,22
2025-11-25,SKU-1002,Chennai DC,21
2025-11-26,SKU-1002,Chennai DC,18
2025-11-27,SKU-1002,Chennai DC,19
2025-11-28,SKU-1002,Chennai DC,21
2025-11-29,SKU-1002,Chennai DC,22
2025-11-30,SKU-1002,Chennai DC,19
2025-12-01,SKU-1002,Chennai DC,22
2025-12-02,SKU-1002,Chennai DC,17
2025-12-03,SKU-1002,Chennai DC,19
2025-12-04,SKU-1002,Chennai DC,18
2025-12-05,SKU-1002,Chennai DC,21
2025-12-06,SKU-1002,Chennai DC,17
2025-12-07,SKU-1002,Chennai DC,21
2025-12-08,SKU-1002,Chennai DC,17
2025-12-09,SKU-1002,Chennai DC,21
2025-12-10,SKU-1002,Chennai DC,20
2025-12-11,SKU-1002,Chennai DC,20
2025-12-12,SKU-1002,Chennai DC,17
2025-12-13,SKU-1002,Chennai DC,18
2025-12-14,SKU-1002,Chennai DC,22
2025-12-15,SKU-1002,Chennai DC,20
2025-12-16,SKU-1002,Chennai DC,20
2025-12-17,SKU-1002,Chennai DC,20
2025-12-18,SKU-1002,Chennai DC,18
2025-12-19,SKU-1002,Chennai DC,21
2025-12-20,SKU-1002,Chennai DC,17
2025-12-21,SKU-1002,Chennai DC,23
2025-12-22,SKU-1002,Chennai DC,22
2025-12-23,SKU-1002,Chennai DC,20
2025-12-24,SKU-1002,Chennai DC,22
2025-12-25,SKU-1002,Chennai DC,21
2025-12-26,SKU-1002,Chennai DC,18
2025-12-27,SKU-1002,Chennai DC,22
2025-12-28,SKU-1002,Chennai DC,17
2025-12-29,SKU-1002,Chennai DC,18
2025-12-30,SKU-1002,Chennai DC,20
2025-12-31,SKU-1002,Chennai DC,22
2026-01-01,SKU-1002,Chennai DC,22
2026-01-02,SKU-1002,Chennai DC,21
2026-01-03,SKU-1002,Chennai DC,17
2026-01-04,SKU-1002,Chennai DC,22
2026-01-05,SKU-1002,Chennai DC,21
2026-01-06,SKU-1002,Chennai DC,19
2026-01-07,SKU-1002,Chennai DC,21
2026-01-08,SKU-1002,Chennai DC,22
2026-01-09,SKU-1002,Chennai DC,21
2026-01-10,SKU-1002,Chennai DC,23
2026-01-11,SKU-1002,Chennai DC,22
2026-01-12,SKU-1002,Chennai DC,20
2026-01-13,SKU-1002,Chennai DC,20
2026-01-14,SKU-1002,Chennai DC,19
2026-01-15,SKU-1002,Chennai DC,18
2026-01-16,SKU-1002,Chennai DC,20
2026-01-17,SKU-1002,Chennai DC,20
2026-01-18,SKU-1002,Chennai DC,21
2026-01-19,SKU-1002,Chennai DC,19
2026-01-20,SKU-1002,Chennai DC,21
2026-01-21,SKU-1002,Chennai DC,21
2026-01-22,SKU-1002,Chennai DC,22
2026-01-23,SKU-1002,Chennai DC,22
2026-01-24,SKU-1002,Chennai DC,22
2026-01-25,SKU-1002,Chennai DC,21
2026-01-26,SKU-1002,Chennai DC,21
2026-01-27,SKU-1002,Chennai DC,19
2026-01-28,SKU-1002,Chennai DC,21
2026-01-29,SKU-1002,Chennai DC,22
2026-01-30,SKU-1002,Chennai DC,19
2026-01-31,SKU-1002,Chennai DC,17
2026-02-01,SKU-1002,Chennai DC,22
2026-02-02,SKU-1002,Chennai DC,22
2026-02-03,SKU-1002,Chennai DC,21
2026-02-04,SKU-1002,Chennai DC,18
2026-02-05,SKU-1002,Chennai DC,21
2026-02-06,SKU-1002,Chennai DC,23
2026-02-07,SKU-1002,Chennai DC,17
2026-02-08,SKU-1002,Chennai DC,22
2026-02-09,SKU-1002,Chennai DC,22
2026-02-10,SKU-1002,Chennai DC,22
2026-02-11,SKU-1002,Chennai DC,19
2026-02-12,SKU-1002,Chennai DC,19
2026-02-13,SKU-1002,Chennai DC,17
2026-02-14,SKU-1002,Chennai DC,20
2026-02-15,SKU-1002,Chennai DC,19
2026-02-16,SKU-1002,Chennai DC,21
2026-02-17,SKU-1002,Chennai DC,21
2026-02-18,SKU-1002,Chennai DC,18
2026-02-19,SKU-1002,Chennai DC,22
2026-02-20,SKU-1002,Chennai DC,18
2026-02-21,SKU-1002,Chennai DC,19
2026-02-22,SKU-1002,Chennai DC,21
2026-02-23,SKU-1002,Chennai DC,17
2026-02-24,SKU-1002,Chennai DC,22
2026-02-25,SKU-1002,Chennai DC,22
2026-02-26,SKU-1002,Chennai DC,20
2026-02-27,SKU-1002,Chennai DC,18
2026-02-28,SKU-1002,Chennai DC,18
2026-03-01,SKU-1002,Chennai DC,19
2026-03-02,SKU-1002,Chennai DC,21
2026-03-03,SKU-1002,Chennai DC,20
2026-03-04,SKU-1002,Chennai DC,21
2026-03-05,SKU-1002,Chennai DC,19
2026-03-06,SKU-1002,Chennai DC,21
2026-03-07,SKU-1002,Chennai DC,22
2026-03-08,SKU-1002,Chennai DC,22
2026-03-09,SKU-1002,Chennai DC,19
2026-03-10,SKU-1002,Chennai DC,18
2026-03-11,SKU-1002,Chennai DC,21
2026-03-12,SKU-1002,Chennai DC,22
2026-03-13,SKU-1002,Chennai DC,20
2026-03-14,SKU-1002,Chennai DC,21
2026-03-15,SKU-1002,Chennai DC,19
2026-03-16,SKU-1002,Chennai DC,19
2026-03-17,SKU-1002,Chennai DC,21
2026-03-18,SKU-1002,Chennai DC,19
2026-03-19,SKU-1002,Chennai DC,23
2026-03-20,SKU-1002,Chennai DC,21
2026-03-21,SKU-1002,Chennai DC,18
2026-03-22,SKU-1002,Chennai DC,21
2026-03-23,SKU-1002,Chennai DC,22
2026-03-24,SKU-1002,Chennai DC,19
2026-03-25,SKU-1002,Chennai DC,21
2026-03-26,SKU-1002,Chennai DC,20
2026-03-27,SKU-1002,Chennai DC,21
2026-03-28,SKU-1002,Chennai DC,21
2026-03-29,SKU-1002,Chennai DC,18
2026-03-30,SKU-1002,Chennai DC,21
2026-03-31,SKU-1002,Chennai DC,21
2026-04-01,SKU-1002,Chennai DC,19
2026-04-02,SKU-1002,Chennai DC,20
2026-04-03,SKU-1002,Chennai DC,18
2026-04-04,SKU-1002,Chennai DC,20
2026-04-05,SKU-1002,Chennai DC,18
2026-04-06,SKU-1002,Chennai DC,20
2026-04-07,SKU-1002,Chennai DC,20
2026-04-08,SKU-1002,Chennai DC,17
2026-04-09,SKU-1002,Chennai DC,19
2026-04-10,SKU-1002,Chennai DC,18
2026-04-11,SKU-1002,Chennai DC,20
2026-04-12,SKU-1002,Chennai DC,22
2026-04-13,SKU-1002,Chennai DC,19
2026-04-14,SKU-1002,Chennai DC,21
2026-04-15,SKU-1002,Chennai DC,18
2026-04-16,SKU-1002,Chennai DC,19
2026-04-17,SKU-1002,Chennai DC,22
2026-04-18,SKU-1002,Chennai DC,22
2026-04-19,SKU-1002,Chennai DC,17
2026-04-20,SKU-1002,Chennai DC,23
2026-04-21,SKU-1002,Chennai DC,18
2026-04-22,SKU-1002,Chennai DC,20
2026-04-23,SKU-1002,Chennai DC,20
2026-04-24,SKU-1002,Chennai DC,19
2026-04-25,SKU-1002,Chennai DC,22
2026-04-26,SKU-1002,Chennai DC,18
2026-04-27,SKU-1002,Chennai DC,22
2026-04-28,SKU-1002,Chennai DC,22
2026-04-29,SKU-1002,Chennai DC,20
2026-04-30,SKU-1002,Chennai DC,22
2026-05-01,SKU-1002,Chennai DC,21
2026-05-02,SKU-1002,Chennai DC,20
2026-05-03,SKU-1002,Chennai DC,18
2026-05-04,SKU-1002,Chennai DC,19
2026-05-05,SKU-1002,Chennai DC,20
2026-05-06,SKU-1002,Chennai DC,17
2026-05-07,SKU-1002,Chennai DC,21
2026-05-08,SKU-1002,Chennai DC,20
2026-05-09,SKU-1002,Chennai DC,19
2026-05-10,SKU-1002,Chennai DC,22
2026-05-11,SKU-1002,Chennai DC,23
2026-05-12,SKU-1002,Chennai DC,18
2026-05-13,SKU-1002,Chennai DC,18
2026-05-14,SKU-1002,Chennai DC,22
2026-05-15,SKU-1002,Chennai DC,22
2026-05-16,SKU-1002,Chennai DC,19
2026-05-17,SKU-1002,Chennai DC,20
2026-05-18,SKU-1002,Chennai DC,18
2026-05-19,SKU-1002,Chennai DC,17
2026-05-20,SKU-1002,Chennai DC,21
2026-05-21,SKU-1002,Chennai DC,22
2026-05-22,SKU-1002,Chennai DC,22
2026-05-23,SKU-1002,Chennai DC,22
2026-05-24,SKU-1002,Chennai DC,19
2026-05-25,SKU-1002,Chennai DC,22
2026-05-26,SKU-1002,Chennai DC,23
2026-05-27,SKU-1002,Chennai DC,18
2026-05-28,SKU-1002,Chennai DC,19
2026-05-29,SKU-1002,Chennai DC,20
2026-05-30,SKU-1002,Chennai DC,23
2026-05-31,SKU-1002,Chennai DC,21
2026-06-01,SKU-1002,Chennai DC,20
2026-06-02,SKU-1002,Chennai DC,19
2026-06-03,SKU-1002,Chennai DC,20
2026-06-04,SKU-1002,Chennai DC,17
2026-06-05,SKU-1002,Chennai DC,21
2026-06-06,SKU-1002,Chennai DC,21
2026-06-07,SKU-1002,Chennai DC,20
2026-06-08,SKU-1002,Chennai DC,22
2026-06-09,SKU-1002,Chennai DC,18
2026-06-10,SKU-1002,Chennai DC,20
2026-06-11,SKU-1002,Chennai DC,19
2026-06-12,SKU-1002,Chennai DC,21
2026-06-13,SKU-1002,Chennai DC,22
2026-06-14,SKU-1002,Chennai DC,19
2026-06-15,SKU-1002,Chennai DC,21
2026-06-16,SKU-1002,Chennai DC,23
2026-06-17,SKU-1002,Chennai DC,21
2026-06-18,SKU-1002,Chennai DC,21
2026-06-19,SKU-1002,Chennai DC,20
2026-06-20,SKU-1002,Chennai DC,22
2026-06-21,SKU-1002,Chennai DC,19
2026-06-22,SKU-1002,Chennai DC,19
2026-06-23,SKU-1002,Chennai DC,18
2026-06-24,SKU-1002,Chennai DC,23
2026-06-25,SKU-1002,Chennai DC,21
2026-06-26,SKU-1002,Chennai DC,20
2026-06-27,SKU-1002,Chennai DC,21
2026-06-28,SKU-1002,Chennai DC,17
2026-06-29,SKU-1002,Chennai DC,20
2026-06-30,SKU-1002,Chennai DC,22
2026-07-01,SKU-1002,Chennai DC,21
2026-07-02,SKU-1002,Chennai DC,17
2026-07-03,SKU-1002,Chennai DC,22
2026-07-04,SKU-1002,Chennai DC,19
2026-07-05,SKU-1002,Chennai DC,22
2026-07-06,SKU-1002,Chennai DC,18
2026-07-07,SKU-1002,Chennai DC,19
2026-07-08,SKU-1002,Chennai DC,21
2026-07-09,SKU-1002,Chennai DC,21
2026-07-10,SKU-1002,Chennai DC,23
2026-07-11,SKU-1002,Chennai DC,21
2026-07-12,SKU-1002,Chennai DC,19
2026-07-13,SKU-1002,Chennai DC,21
2026-07-14,SKU-1002,Chennai DC,20
2026-07-15,SKU-1002,Chennai DC,18
2026-07-16,SKU-1002,Chennai DC,23
2026-07-17,SKU-1002,Chennai DC,22
2026-07-18,SKU-1002,Chennai DC,22
2026-07-19,SKU-1002,Chennai DC,19
2026-07-20,SKU-1002,Chennai DC,18
2026-07-21,SKU-1002,Chennai DC,18
2026-07-22,SKU-1002,Chennai DC,19
2026-07-23,SKU-1002,Chennai DC,22
2026-07-24,SKU-1002,Chennai DC,19
2026-07-25,SKU-1002,Chennai DC,21
2026-07-26,SKU-1002,Chennai DC,20
2026-07-27,SKU-1002,Chennai DC,22
2026-07-28,SKU-1002,Chennai DC,17
2026-07-29,SKU-1002,Chennai DC,22
2026-07-30,SKU-1002,Chennai DC,18
2026-07-31,SKU-1002,Chennai DC,20
2026-08-01,SKU-1002,Chennai DC,20
2026-08-02,SKU-1002,Chennai DC,22
2026-08-03,SKU-1002,Chennai DC,22
2026-08-04,SKU-1002,Chennai DC,18
2026-08-05,SKU-1002,Chennai DC,18
2026-08-06,SKU-1002,Chennai DC,20
2026-08-07,SKU-1002,Chennai DC,23
2026-08-08,SKU-1002,Chennai DC,21
2026-08-09,SKU-1002,Chennai DC,17
2026-08-10,SKU-1002,Chennai DC,21
2026-08-11,SKU-1002,Chennai DC,19
2026-08-12,SKU-1002,Chennai DC,19
2026-08-13,SKU-1002,Chennai DC,19
2026-08-14,SKU-1002,Chennai DC,17
2026-08-15,SKU-1002,Chennai DC,22
2026-08-16,SKU-1002,Chennai DC,19
2024-08-17,SKU-1002,Siliguri DC,13
2024-08-18,SKU-1002,Siliguri DC,15
2024-08-19,SKU-1002,Siliguri DC,12
2024-08-20,SKU-1002,Siliguri DC,13
2024-08-21,SKU-1002,Siliguri DC,16
2024-08-22,SKU-1002,Siliguri DC,15
2024-08-23,SKU-1002,Siliguri DC,13
2024-08-24,SKU-1002,Siliguri DC,15
2024-08-25,SKU-1002,Siliguri DC,13
2024-08-26,SKU-1002,Siliguri DC,12
2024-08-27,SKU-1002,Siliguri DC,14
2024-08-28,SKU-1002,Siliguri DC,12
2024-08-29,SKU-1002,Siliguri DC,16
2024-08-30,SKU-1002,Siliguri DC,14
2024-08-31,SKU-1002,Siliguri DC,12
2024-09-01,SKU-1002,Siliguri DC,13
2024-09-02,SKU-1002,Siliguri DC,14
2024-09-03,SKU-1002,Siliguri DC,14
2024-09-04,SKU-1002,Siliguri DC,12
2024-09-05,SKU-1002,Siliguri DC,15
2024-09-06,SKU-1002,Siliguri DC,14
2024-09-07,SKU-1002,Siliguri DC,15
2024-09-08,SKU-1002,Siliguri DC,16
2024-09-09,SKU-1002,Siliguri DC,16
2024-09-10,SKU-1002,Siliguri DC,14
2024-09-11,SKU-1002,Siliguri DC,16
2024-09-12,SKU-1002,Siliguri DC,12
2024-09-13,SKU-1002,Siliguri DC,13
2024-09-14,SKU-1002,Siliguri DC,14
2024-09-15,SKU-1002,Siliguri DC,13
2024-09-16,SKU-1002,Siliguri DC,13
2024-09-17,SKU-1002,Siliguri DC,13
2024-09-18,SKU-1002,Siliguri DC,16
2024-09-19,SKU-1002,Siliguri DC,15
2024-09-20,SKU-1002,Siliguri DC,13
2024-09-21,SKU-1002,Siliguri DC,13
2024-09-22,SKU-1002,Siliguri DC,13
2024-09-23,SKU-1002,Siliguri DC,14
2024-09-24,SKU-1002,Siliguri DC,16
2024-09-25,SKU-1002,Siliguri DC,14
2024-09-26,SKU-1002,Siliguri DC,15
2024-09-27,SKU-1002,Siliguri DC,13
2024-09-28,SKU-1002,Siliguri DC,12
2024-09-29,SKU-1002,Siliguri DC,16
2024-09-30,SKU-1002,Siliguri DC,14
2024-10-01,SKU-1002,Siliguri DC,13
2024-10-02,SKU-1002,Siliguri DC,12
2024-10-03,SKU-1002,Siliguri DC,13
2024-10-04,SKU-1002,Siliguri DC,12
2024-10-05,SKU-1002,Siliguri DC,15
2024-10-06,SKU-1002,Siliguri DC,12
2024-10-07,SKU-1002,Siliguri DC,13
2024-10-08,SKU-1002,Siliguri DC,13
2024-10-09,SKU-1002,Siliguri DC,12
2024-10-10,SKU-1002,Siliguri DC,15
2024-10-11,SKU-1002,Siliguri DC,12
2024-10-12,SKU-1002,Siliguri DC,14
2024-10-13,SKU-1002,Siliguri DC,13
2024-10-14,SKU-1002,Siliguri DC,12
2024-10-15,SKU-1002,Siliguri DC,14
2024-10-16,SKU-1002,Siliguri DC,16
2024-10-17,SKU-1002,Siliguri DC,16
2024-10-18,SKU-1002,Siliguri DC,14
2024-10-19,SKU-1002,Siliguri DC,15
2024-10-20,SKU-1002,Siliguri DC,13
2024-10-21,SKU-1002,Siliguri DC,14
2024-10-22,SKU-1002,Siliguri DC,13
2024-10-23,SKU-1002,Siliguri DC,12
2024-10-24,SKU-1002,Siliguri DC,13
2024-10-25,SKU-1002,Siliguri DC,13
2024-10-26,SKU-1002,Siliguri DC,12
2024-10-27,SKU-1002,Siliguri DC,13
2024-10-28,SKU-1002,Siliguri DC,12
2024-10-29,SKU-1002,Siliguri DC,13
2024-10-30,SKU-1002,Siliguri DC,15
2024-10-31,SKU-1002,Siliguri DC,15
2024-11-01,SKU-1002,Siliguri DC,14
2024-11-02,SKU-1002,Siliguri DC,16
2024-11-03,SKU-1002,Siliguri DC,14
2024-11-04,SKU-1002,Siliguri DC,14
2024-11-05,SKU-1002,Siliguri DC,14
2024-11-06,SKU-1002,Siliguri DC,15
2024-11-07,SKU-1002,Siliguri DC,13
2024-11-08,SKU-1002,Siliguri DC,12
2024-11-09,SKU-1002,Siliguri DC,16
2024-11-10,SKU-1002,Siliguri DC,15
2024-11-11,SKU-1002,Siliguri DC,13
2024-11-12,SKU-1002,Siliguri DC,13
2024-11-13,SKU-1002,Siliguri DC,16
2024-11-14,SKU-1002,Siliguri DC,16
2024-11-15,SKU-1002,Siliguri DC,14
2024-11-16,SKU-1002,Siliguri DC,14
2024-11-17,SKU-1002,Siliguri DC,14
2024-11-18,SKU-1002,Siliguri DC,14
2024-11-19,SKU-1002,Siliguri DC,13
2024-11-20,SKU-1002,Siliguri DC,14
2024-11-21,SKU-1002,Siliguri DC,13
2024-11-22,SKU-1002,Siliguri DC,16
2024-11-23,SKU-1002,Siliguri DC,14
2024-11-24,SKU-1002,Siliguri DC,13
2024-11-25,SKU-1002,Siliguri DC,13
2024-11-26,SKU-1002,Siliguri DC,14
2024-11-27,SKU-1002,Siliguri DC,13
2024-11-28,SKU-1002,Siliguri DC,15
2024-11-29,SKU-1002,Siliguri DC,13
2024-11-30,SKU-1002,Siliguri DC,14
2024-12-01,SKU-1002,Siliguri DC,15
2024-12-02,SKU-1002,Siliguri DC,15
2024-12-03,SKU-1002,Siliguri DC,14
2024-12-04,SKU-1002,Siliguri DC,12
2024-12-05,SKU-1002,Siliguri DC,13
2024-12-06,SKU-1002,Siliguri DC,14
2024-12-07,SKU-1002,Siliguri DC,16
2024-12-08,SKU-1002,Siliguri DC,13
2024-12-09,SKU-1002,Siliguri DC,16
2024-12-10,SKU-1002,Siliguri DC,12
2024-12-11,SKU-1002,Siliguri DC,13
2024-12-12,SKU-1002,Siliguri DC,16
2024-12-13,SKU-1002,Siliguri DC,14
2024-12-14,SKU-1002,Siliguri DC,14
2024-12-15,SKU-1002,Siliguri DC,16
2024-12-16,SKU-1002,Siliguri DC,13
2024-12-17,SKU-1002,Siliguri DC,12
2024-12-18,SKU-1002,Siliguri DC,16
2024-12-19,SKU-1002,Siliguri DC,12
2024-12-20,SKU-1002,Siliguri DC,13
2024-12-21,SKU-1002,Siliguri DC,13
2024-12-22,SKU-1002,Siliguri DC,14
2024-12-23,SKU-1002,Siliguri DC,15
2024-12-24,SKU-1002,Siliguri DC,14
2024-12-25,SKU-1002,Siliguri DC,13
2024-12-26,SKU-1002,Siliguri DC,14
2024-12-27,SKU-1002,Siliguri DC,15
2024-12-28,SKU-1002,Siliguri DC,16
2024-12-29,SKU-1002,Siliguri DC,13
2024-12-30,SKU-1002,Siliguri DC,16
2024-12-31,SKU-1002,Siliguri DC,15
2025-01-01,SKU-1002,Siliguri DC,12
2025-01-02,SKU-1002,Siliguri DC,14
2025-01-03,SKU-1002,Siliguri DC,16
2025-01-04,SKU-1002,Siliguri DC,13
2025-01-05,SKU-1002,Siliguri DC,15
2025-01-06,SKU-1002,Siliguri DC,14
2025-01-07,SKU-1002,Siliguri DC,15
2025-01-08,SKU-1002,Siliguri DC,14
2025-01-09,SKU-1002,Siliguri DC,14
2025-01-10,SKU-1002,Siliguri DC,16
2025-01-11,SKU-1002,Siliguri DC,13
2025-01-12,SKU-1002,Siliguri DC,14
2025-01-13,SKU-1002,Siliguri DC,15
2025-01-14,SKU-1002,Siliguri DC,15
2025-01-15,SKU-1002,Siliguri DC,13
2025-01-16,SKU-1002,Siliguri DC,15
2025-01-17,SKU-1002,Siliguri DC,13
2025-01-18,SKU-1002,Siliguri DC,15
2025-01-19,SKU-1002,Siliguri DC,16
2025-01-20,SKU-1002,Siliguri DC,12
2025-01-21,SKU-1002,Siliguri DC,16
2025-01-22,SKU-1002,Siliguri DC,13
2025-01-23,SKU-1002,Siliguri DC,15
2025-01-24,SKU-1002,Siliguri DC,16
2025-01-25,SKU-1002,Siliguri DC,14
2025-01-26,SKU-1002,Siliguri DC,15
2025-01-27,SKU-1002,Siliguri DC,14
2025-01-28,SKU-1002,Siliguri DC,13
2025-01-29,SKU-1002,Siliguri DC,16
2025-01-30,SKU-1002,Siliguri DC,15
2025-01-31,SKU-1002,Siliguri DC,16
2025-02-01,SKU-1002,Siliguri DC,13
2025-02-02,SKU-1002,Siliguri DC,15
2025-02-03,SKU-1002,Siliguri DC,13
2025-02-04,SKU-1002,Siliguri DC,12
2025-02-05,SKU-1002,Siliguri DC,15
2025-02-06,SKU-1002,Siliguri DC,14
2025-02-07,SKU-1002,Siliguri DC,12
2025-02-08,SKU-1002,Siliguri DC,14
2025-02-09,SKU-1002,Siliguri DC,14
2025-02-10,SKU-1002,Siliguri DC,14
2025-02-11,SKU-1002,Siliguri DC,14
2025-02-12,SKU-1002,Siliguri DC,13
2025-02-13,SKU-1002,Siliguri DC,14
2025-02-14,SKU-1002,Siliguri DC,13
2025-02-15,SKU-1002,Siliguri DC,16
2025-02-16,SKU-1002,Siliguri DC,15
2025-02-17,SKU-1002,Siliguri DC,16
2025-02-18,SKU-1002,Siliguri DC,14
2025-02-19,SKU-1002,Siliguri DC,13
2025-02-20,SKU-1002,Siliguri DC,13
2025-02-21,SKU-1002,Siliguri DC,14
2025-02-22,SKU-1002,Siliguri DC,14
2025-02-23,SKU-1002,Siliguri DC,12
2025-02-24,SKU-1002,Siliguri DC,12
2025-02-25,SKU-1002,Siliguri DC,12
2025-02-26,SKU-1002,Siliguri DC,16
2025-02-27,SKU-1002,Siliguri DC,16
2025-02-28,SKU-1002,Siliguri DC,12
2025-03-01,SKU-1002,Siliguri DC,12
2025-03-02,SKU-1002,Siliguri DC,13
2025-03-03,SKU-1002,Siliguri DC,13
2025-03-04,SKU-1002,Siliguri DC,16
2025-03-05,SKU-1002,Siliguri DC,12
2025-03-06,SKU-1002,Siliguri DC,14
2025-03-07,SKU-1002,Siliguri DC,14
2025-03-08,SKU-1002,Siliguri DC,16
2025-03-09,SKU-1002,Siliguri DC,14
2025-03-10,SKU-1002,Siliguri DC,12
2025-03-11,SKU-1002,Siliguri DC,14
2025-03-12,SKU-1002,Siliguri DC,13
2025-03-13,SKU-1002,Siliguri DC,16
2025-03-14,SKU-1002,Siliguri DC,12
2025-03-15,SKU-1002,Siliguri DC,14
2025-03-16,SKU-1002,Siliguri DC,16
2025-03-17,SKU-1002,Siliguri DC,13
2025-03-18,SKU-1002,Siliguri DC,16
2025-03-19,SKU-1002,Siliguri DC,15
2025-03-20,SKU-1002,Siliguri DC,13
2025-03-21,SKU-1002,Siliguri DC,13
2025-03-22,SKU-1002,Siliguri DC,14
2025-03-23,SKU-1002,Siliguri DC,16
2025-03-24,SKU-1002,Siliguri DC,14
2025-03-25,SKU-1002,Siliguri DC,16
2025-03-26,SKU-1002,Siliguri DC,13
2025-03-27,SKU-1002,Siliguri DC,13
2025-03-28,SKU-1002,Siliguri DC,15
2025-03-29,SKU-1002,Siliguri DC,15
2025-03-30,SKU-1002,Siliguri DC,15
2025-03-31,SKU-1002,Siliguri DC,13
2025-04-01,SKU-1002,Siliguri DC,13
2025-04-02,SKU-1002,Siliguri DC,12
2025-04-03,SKU-1002,Siliguri DC,13
2025-04-04,SKU-1002,Siliguri DC,14
2025-04-05,SKU-1002,Siliguri DC,13
2025-04-06,SKU-1002,Siliguri DC,14
2025-04-07,SKU-1002,Siliguri DC,13
2025-04-08,SKU-1002,Siliguri DC,16
2025-04-09,SKU-1002,Siliguri DC,12
2025-04-10,SKU-1002,Siliguri DC,15
2025-04-11,SKU-1002,Siliguri DC,14
2025-04-12,SKU-1002,Siliguri DC,13
2025-04-13,SKU-1002,Siliguri DC,13
2025-04-14,SKU-1002,Siliguri DC,14
2025-04-15,SKU-1002,Siliguri DC,14
2025-04-16,SKU-1002,Siliguri DC,12
2025-04-17,SKU-1002,Siliguri DC,15
2025-04-18,SKU-1002,Siliguri DC,13
2025-04-19,SKU-1002,Siliguri DC,15
2025-04-20,SKU-1002,Siliguri DC,16
2025-04-21,SKU-1002,Siliguri DC,16
2025-04-22,SKU-1002,Siliguri DC,16
2025-04-23,SKU-1002,Siliguri DC,15
2025-04-24,SKU-1002,Siliguri DC,14
2025-04-25,SKU-1002,Siliguri DC,13
2025-04-26,SKU-1002,Siliguri DC,15
2025-04-27,SKU-1002,Siliguri DC,13
2025-04-28,SKU-1002,Siliguri DC,14
2025-04-29,SKU-1002,Siliguri DC,13
2025-04-30,SKU-1002,Siliguri DC,12
2025-05-01,SKU-1002,Siliguri DC,13
2025-05-02,SKU-1002,Siliguri DC,12
2025-05-03,SKU-1002,Siliguri DC,13
2025-05-04,SKU-1002,Siliguri DC,13
2025-05-05,SKU-1002,Siliguri DC,14
2025-05-06,SKU-1002,Siliguri DC,15
2025-05-07,SKU-1002,Siliguri DC,16
2025-05-08,SKU-1002,Siliguri DC,15
2025-05-09,SKU-1002,Siliguri DC,14
2025-05-10,SKU-1002,Siliguri DC,15
2025-05-11,SKU-1002,Siliguri DC,15
2025-05-12,SKU-1002,Siliguri DC,12
2025-05-13,SKU-1002,Siliguri DC,15
2025-05-14,SKU-1002,Siliguri DC,13
2025-05-15,SKU-1002,Siliguri DC,14
2025-05-16,SKU-1002,Siliguri DC,12
2025-05-17,SKU-1002,Siliguri DC,13
2025-05-18,SKU-1002,Siliguri DC,13
2025-05-19,SKU-1002,Siliguri DC,13
2025-05-20,SKU-1002,Siliguri DC,15
2025-05-21,SKU-1002,Siliguri DC,12
2025-05-22,SKU-1002,Siliguri DC,16
2025-05-23,SKU-1002,Siliguri DC,15
2025-05-24,SKU-1002,Siliguri DC,15
2025-05-25,SKU-1002,Siliguri DC,15
2025-05-26,SKU-1002,Siliguri DC,14
2025-05-27,SKU-1002,Siliguri DC,14
2025-05-28,SKU-1002,Siliguri DC,15
2025-05-29,SKU-1002,Siliguri DC,15
2025-05-30,SKU-1002,Siliguri DC,15
2025-05-31,SKU-1002,Siliguri DC,12
2025-06-01,SKU-1002,Siliguri DC,16
2025-06-02,SKU-1002,Siliguri DC,13
2025-06-03,SKU-1002,Siliguri DC,12
2025-06-04,SKU-1002,Siliguri DC,15
2025-06-05,SKU-1002,Siliguri DC,14
2025-06-06,SKU-1002,Siliguri DC,14
2025-06-07,SKU-1002,Siliguri DC,14
2025-06-08,SKU-1002,Siliguri DC,13
2025-06-09,SKU-1002,Siliguri DC,12
2025-06-10,SKU-1002,Siliguri DC,13
2025-06-11,SKU-1002,Siliguri DC,15
2025-06-12,SKU-1002,Siliguri DC,14
2025-06-13,SKU-1002,Siliguri DC,12
2025-06-14,SKU-1002,Siliguri DC,12
2025-06-15,SKU-1002,Siliguri DC,16
2025-06-16,SKU-1002,Siliguri DC,13
2025-06-17,SKU-1002,Siliguri DC,16
2025-06-18,SKU-1002,Siliguri DC,15
2025-06-19,SKU-1002,Siliguri DC,14
2025-06-20,SKU-1002,Siliguri DC,13
2025-06-21,SKU-1002,Siliguri DC,14
2025-06-22,SKU-1002,Siliguri DC,12
2025-06-23,SKU-1002,Siliguri DC,15
2025-06-24,SKU-1002,Siliguri DC,13
2025-06-25,SKU-1002,Siliguri DC,15
2025-06-26,SKU-1002,Siliguri DC,12
2025-06-27,SKU-1002,Siliguri DC,13
2025-06-28,SKU-1002,Siliguri DC,16
2025-06-29,SKU-1002,Siliguri DC,13
2025-06-30,SKU-1002,Siliguri DC,15
2025-07-01,SKU-1002,Siliguri DC,14
2025-07-02,SKU-1002,Siliguri DC,15
2025-07-03,SKU-1002,Siliguri DC,14
2025-07-04,SKU-1002,Siliguri DC,13
2025-07-05,SKU-1002,Siliguri DC,15
2025-07-06,SKU-1002,Siliguri DC,14
2025-07-07,SKU-1002,Siliguri DC,13
2025-07-08,SKU-1002,Siliguri DC,13
2025-07-09,SKU-1002,Siliguri DC,14
2025-07-10,SKU-1002,Siliguri DC,15
2025-07-11,SKU-1002,Siliguri DC,16
2025-07-12,SKU-1002,Siliguri DC,14
2025-07-13,SKU-1002,Siliguri DC,14
2025-07-14,SKU-1002,Siliguri DC,16
2025-07-15,SKU-1002,Siliguri DC,12
2025-07-16,SKU-1002,Siliguri DC,12
2025-07-17,SKU-1002,Siliguri DC,12
2025-07-18,SKU-1002,Siliguri DC,15
2025-07-19,SKU-1002,Siliguri DC,15
2025-07-20,SKU-1002,Siliguri DC,13
2025-07-21,SKU-1002,Siliguri DC,13
2025-07-22,SKU-1002,Siliguri DC,13
2025-07-23,SKU-1002,Siliguri DC,14
2025-07-24,SKU-1002,Siliguri DC,15
2025-07-25,SKU-1002,Siliguri DC,14
2025-07-26,SKU-1002,Siliguri DC,14
2025-07-27,SKU-1002,Siliguri DC,16
2025-07-28,SKU-1002,Siliguri DC,15
2025-07-29,SKU-1002,Siliguri DC,14
2025-07-30,SKU-1002,Siliguri DC,12
2025-07-31,SKU-1002,Siliguri DC,13
2025-08-01,SKU-1002,Siliguri DC,15
2025-08-02,SKU-1002,Siliguri DC,15
2025-08-03,SKU-1002,Siliguri DC,13
2025-08-04,SKU-1002,Siliguri DC,13
2025-08-05,SKU-1002,Siliguri DC,12
2025-08-06,SKU-1002,Siliguri DC,13
2025-08-07,SKU-1002,Siliguri DC,14
2025-08-08,SKU-1002,Siliguri DC,14
2025-08-09,SKU-1002,Siliguri DC,15
2025-08-10,SKU-1002,Siliguri DC,16
2025-08-11,SKU-1002,Siliguri DC,14
2025-08-12,SKU-1002,Siliguri DC,12
2025-08-13,SKU-1002,Siliguri DC,13
2025-08-14,SKU-1002,Siliguri DC,16
2025-08-15,SKU-1002,Siliguri DC,13
2025-08-16,SKU-1002,Siliguri DC,15
2025-08-17,SKU-1002,Siliguri DC,16
2025-08-18,SKU-1002,Siliguri DC,15
2025-08-19,SKU-1002,Siliguri DC,13
2025-08-20,SKU-1002,Siliguri DC,13
2025-08-21,SKU-1002,Siliguri DC,12
2025-08-22,SKU-1002,Siliguri DC,13
2025-08-23,SKU-1002,Siliguri DC,13
2025-08-24,SKU-1002,Siliguri DC,16
2025-08-25,SKU-1002,Siliguri DC,13
2025-08-26,SKU-1002,Siliguri DC,12
2025-08-27,SKU-1002,Siliguri DC,13
2025-08-28,SKU-1002,Siliguri DC,15
2025-08-29,SKU-1002,Siliguri DC,16
2025-08-30,SKU-1002,Siliguri DC,13
2025-08-31,SKU-1002,Siliguri DC,12
2025-09-01,SKU-1002,Siliguri DC,12
2025-09-02,SKU-1002,Siliguri DC,12
2025-09-03,SKU-1002,Siliguri DC,13
2025-09-04,SKU-1002,Siliguri DC,16
2025-09-05,SKU-1002,Siliguri DC,12
2025-09-06,SKU-1002,Siliguri DC,13
2025-09-07,SKU-1002,Siliguri DC,14
2025-09-08,SKU-1002,Siliguri DC,13
2025-09-09,SKU-1002,Siliguri DC,13
2025-09-10,SKU-1002,Siliguri DC,13
2025-09-11,SKU-1002,Siliguri DC,16
2025-09-12,SKU-1002,Siliguri DC,13
2025-09-13,SKU-1002,Siliguri DC,13
2025-09-14,SKU-1002,Siliguri DC,13
2025-09-15,SKU-1002,Siliguri DC,12
2025-09-16,SKU-1002,Siliguri DC,15
2025-09-17,SKU-1002,Siliguri DC,15
2025-09-18,SKU-1002,Siliguri DC,13
2025-09-19,SKU-1002,Siliguri DC,12
2025-09-20,SKU-1002,Siliguri DC,14
2025-09-21,SKU-1002,Siliguri DC,14
2025-09-22,SKU-1002,Siliguri DC,12
2025-09-23,SKU-1002,Siliguri DC,16
2025-09-24,SKU-1002,Siliguri DC,15
2025-09-25,SKU-1002,Siliguri DC,13
2025-09-26,SKU-1002,Siliguri DC,15
2025-09-27,SKU-1002,Siliguri DC,15
2025-09-28,SKU-1002,Siliguri DC,13
2025-09-29,SKU-1002,Siliguri DC,16
2025-09-30,SKU-1002,Siliguri DC,16
2025-10-01,SKU-1002,Siliguri DC,14
2025-10-02,SKU-1002,Siliguri DC,15
2025-10-03,SKU-1002,Siliguri DC,14
2025-10-04,SKU-1002,Siliguri DC,14
2025-10-05,SKU-1002,Siliguri DC,13
2025-10-06,SKU-1002,Siliguri DC,15
2025-10-07,SKU-1002,Siliguri DC,15
2025-10-08,SKU-1002,Siliguri DC,15
2025-10-09,SKU-1002,Siliguri DC,15
2025-10-10,SKU-1002,Siliguri DC,13
2025-10-11,SKU-1002,Siliguri DC,16
2025-10-12,SKU-1002,Siliguri DC,14
2025-10-13,SKU-1002,Siliguri DC,12
2025-10-14,SKU-1002,Siliguri DC,15
2025-10-15,SKU-1002,Siliguri DC,15
2025-10-16,SKU-1002,Siliguri DC,12
2025-10-17,SKU-1002,Siliguri DC,16
2025-10-18,SKU-1002,Siliguri DC,16
2025-10-19,SKU-1002,Siliguri DC,13
2025-10-20,SKU-1002,Siliguri DC,14
2025-10-21,SKU-1002,Siliguri DC,14
2025-10-22,SKU-1002,Siliguri DC,15
2025-10-23,SKU-1002,Siliguri DC,14
2025-10-24,SKU-1002,Siliguri DC,13
2025-10-25,SKU-1002,Siliguri DC,15
2025-10-26,SKU-1002,Siliguri DC,13
2025-10-27,SKU-1002,Siliguri DC,14
2025-10-28,SKU-1002,Siliguri DC,15
2025-10-29,SKU-1002,Siliguri DC,15
2025-10-30,SKU-1002,Siliguri DC,13
2025-10-31,SKU-1002,Siliguri DC,16
2025-11-01,SKU-1002,Siliguri DC,15
2025-11-02,SKU-1002,Siliguri DC,13
2025-11-03,SKU-1002,Siliguri DC,13
2025-11-04,SKU-1002,Siliguri DC,14
2025-11-05,SKU-1002,Siliguri DC,12
2025-11-06,SKU-1002,Siliguri DC,16
2025-11-07,SKU-1002,Siliguri DC,12
2025-11-08,SKU-1002,Siliguri DC,15
2025-11-09,SKU-1002,Siliguri DC,16
2025-11-10,SKU-1002,Siliguri DC,15
2025-11-11,SKU-1002,Siliguri DC,12
2025-11-12,SKU-1002,Siliguri DC,16
2025-11-13,SKU-1002,Siliguri DC,15
2025-11-14,SKU-1002,Siliguri DC,13
2025-11-15,SKU-1002,Siliguri DC,13
2025-11-16,SKU-1002,Siliguri DC,13
2025-11-17,SKU-1002,Siliguri DC,14
2025-11-18,SKU-1002,Siliguri DC,16
2025-11-19,SKU-1002,Siliguri DC,16
2025-11-20,SKU-1002,Siliguri DC,14
2025-11-21,SKU-1002,Siliguri DC,14
2025-11-22,SKU-1002,Siliguri DC,16
2025-11-23,SKU-1002,Siliguri DC,14
2025-11-24,SKU-1002,Siliguri DC,13
2025-11-25,SKU-1002,Siliguri DC,13
2025-11-26,SKU-1002,Siliguri DC,16
2025-11-27,SKU-1002,Siliguri DC,14
2025-11-28,SKU-1002,Siliguri DC,13
2025-11-29,SKU-1002,Siliguri DC,16
2025-11-30,SKU-1002,Siliguri DC,16
2025-12-01,SKU-1002,Siliguri DC,13
2025-12-02,SKU-1002,Siliguri DC,15
2025-12-03,SKU-1002,Siliguri DC,15
2025-12-04,SKU-1002,Siliguri DC,14
2025-12-05,SKU-1002,Siliguri DC,12
2025-12-06,SKU-1002,Siliguri DC,12
2025-12-07,SKU-1002,Siliguri DC,13
2025-12-08,SKU-1002,Siliguri DC,12
2025-12-09,SKU-1002,Siliguri DC,14
2025-12-10,SKU-1002,Siliguri DC,12
2025-12-11,SKU-1002,Siliguri DC,15
2025-12-12,SKU-1002,Siliguri DC,13
2025-12-13,SKU-1002,Siliguri DC,15
2025-12-14,SKU-1002,Siliguri DC,12
2025-12-15,SKU-1002,Siliguri DC,14
2025-12-16,SKU-1002,Siliguri DC,14
2025-12-17,SKU-1002,Siliguri DC,14
2025-12-18,SKU-1002,Siliguri DC,15
2025-12-19,SKU-1002,Siliguri DC,14
2025-12-20,SKU-1002,Siliguri DC,13
2025-12-21,SKU-1002,Siliguri DC,15
2025-12-22,SKU-1002,Siliguri DC,12
2025-12-23,SKU-1002,Siliguri DC,16
2025-12-24,SKU-1002,Siliguri DC,13
2025-12-25,SKU-1002,Siliguri DC,16
2025-12-26,SKU-1002,Siliguri DC,13
2025-12-27,SKU-1002,Siliguri DC,15
2025-12-28,SKU-1002,Siliguri DC,15
2025-12-29,SKU-1002,Siliguri DC,14
2025-12-30,SKU-1002,Siliguri DC,13
2025-12-31,SKU-1002,Siliguri DC,15
2026-01-01,SKU-1002,Siliguri DC,13
2026-01-02,SKU-1002,Siliguri DC,14
2026-01-03,SKU-1002,Siliguri DC,12
2026-01-04,SKU-1002,Siliguri DC,14
2026-01-05,SKU-1002,Siliguri DC,13
2026-01-06,SKU-1002,Siliguri DC,14
2026-01-07,SKU-1002,Siliguri DC,14
2026-01-08,SKU-1002,Siliguri DC,14
2026-01-09,SKU-1002,Siliguri DC,13
2026-01-10,SKU-1002,Siliguri DC,12
2026-01-11,SKU-1002,Siliguri DC,12
2026-01-12,SKU-1002,Siliguri DC,16
2026-01-13,SKU-1002,Siliguri DC,13
2026-01-14,SKU-1002,Siliguri DC,15
2026-01-15,SKU-1002,Siliguri DC,13
2026-01-16,SKU-1002,Siliguri DC,14
2026-01-17,SKU-1002,Siliguri DC,12
2026-01-18,SKU-1002,Siliguri DC,15
2026-01-19,SKU-1002,Siliguri DC,14
2026-01-20,SKU-1002,Siliguri DC,13
2026-01-21,SKU-1002,Siliguri DC,16
2026-01-22,SKU-1002,Siliguri DC,12
2026-01-23,SKU-1002,Siliguri DC,12
2026-01-24,SKU-1002,Siliguri DC,15
2026-01-25,SKU-1002,Siliguri DC,15
2026-01-26,SKU-1002,Siliguri DC,13
2026-01-27,SKU-1002,Siliguri DC,16
2026-01-28,SKU-1002,Siliguri DC,14
2026-01-29,SKU-1002,Siliguri DC,16
2026-01-30,SKU-1002,Siliguri DC,16
2026-01-31,SKU-1002,Siliguri DC,13
2026-02-01,SKU-1002,Siliguri DC,15
2026-02-02,SKU-1002,Siliguri DC,14
2026-02-03,SKU-1002,Siliguri DC,12
2026-02-04,SKU-1002,Siliguri DC,13
2026-02-05,SKU-1002,Siliguri DC,16
2026-02-06,SKU-1002,Siliguri DC,14
2026-02-07,SKU-1002,Siliguri DC,16
2026-02-08,SKU-1002,Siliguri DC,13
2026-02-09,SKU-1002,Siliguri DC,12
2026-02-10,SKU-1002,Siliguri DC,14
2026-02-11,SKU-1002,Siliguri DC,13
2026-02-12,SKU-1002,Siliguri DC,12
2026-02-13,SKU-1002,Siliguri DC,14
2026-02-14,SKU-1002,Siliguri DC,15
2026-02-15,SKU-1002,Siliguri DC,14
2026-02-16,SKU-1002,Siliguri DC,13
2026-02-17,SKU-1002,Siliguri DC,15
2026-02-18,SKU-1002,Siliguri DC,13
2026-02-19,SKU-1002,Siliguri DC,15
2026-02-20,SKU-1002,Siliguri DC,14
2026-02-21,SKU-1002,Siliguri DC,16
2026-02-22,SKU-1002,Siliguri DC,14
2026-02-23,SKU-1002,Siliguri DC,15
2026-02-24,SKU-1002,Siliguri DC,13
2026-02-25,SKU-1002,Siliguri DC,16
2026-02-26,SKU-1002,Siliguri DC,14
2026-02-27,SKU-1002,Siliguri DC,13
2026-02-28,SKU-1002,Siliguri DC,12
2026-03-01,SKU-1002,Siliguri DC,14
2026-03-02,SKU-1002,Siliguri DC,16
2026-03-03,SKU-1002,Siliguri DC,14
2026-03-04,SKU-1002,Siliguri DC,14
2026-03-05,SKU-1002,Siliguri DC,15
2026-03-06,SKU-1002,Siliguri DC,16
2026-03-07,SKU-1002,Siliguri DC,12
2026-03-08,SKU-1002,Siliguri DC,13
2026-03-09,SKU-1002,Siliguri DC,13
2026-03-10,SKU-1002,Siliguri DC,16
2026-03-11,SKU-1002,Siliguri DC,16
2026-03-12,SKU-1002,Siliguri DC,16
2026-03-13,SKU-1002,Siliguri DC,12
2026-03-14,SKU-1002,Siliguri DC,13
2026-03-15,SKU-1002,Siliguri DC,15
2026-03-16,SKU-1002,Siliguri DC,13
2026-03-17,SKU-1002,Siliguri DC,13
2026-03-18,SKU-1002,Siliguri DC,12
2026-03-19,SKU-1002,Siliguri DC,15
2026-03-20,SKU-1002,Siliguri DC,15
2026-03-21,SKU-1002,Siliguri DC,12
2026-03-22,SKU-1002,Siliguri DC,12
2026-03-23,SKU-1002,Siliguri DC,12
2026-03-24,SKU-1002,Siliguri DC,16
2026-03-25,SKU-1002,Siliguri DC,16
2026-03-26,SKU-1002,Siliguri DC,15
2026-03-27,SKU-1002,Siliguri DC,13
2026-03-28,SKU-1002,Siliguri DC,14
2026-03-29,SKU-1002,Siliguri DC,14
2026-03-30,SKU-1002,Siliguri DC,14
2026-03-31,SKU-1002,Siliguri DC,14
2026-04-01,SKU-1002,Siliguri DC,12
2026-04-02,SKU-1002,Siliguri DC,12
2026-04-03,SKU-1002,Siliguri DC,12
2026-04-04,SKU-1002,Siliguri DC,15
2026-04-05,SKU-1002,Siliguri DC,13
2026-04-06,SKU-1002,Siliguri DC,13
2026-04-07,SKU-1002,Siliguri DC,13
2026-04-08,SKU-1002,Siliguri DC,13
2026-04-09,SKU-1002,Siliguri DC,12
2026-04-10,SKU-1002,Siliguri DC,15
2026-04-11,SKU-1002,Siliguri DC,13
2026-04-12,SKU-1002,Siliguri DC,15
2026-04-13,SKU-1002,Siliguri DC,13
2026-04-14,SKU-1002,Siliguri DC,15
2026-04-15,SKU-1002,Siliguri DC,16
2026-04-16,SKU-1002,Siliguri DC,16
2026-04-17,SKU-1002,Siliguri DC,16
2026-04-18,SKU-1002,Siliguri DC,15
2026-04-19,SKU-1002,Siliguri DC,13
2026-04-20,SKU-1002,Siliguri DC,14
2026-04-21,SKU-1002,Siliguri DC,14
2026-04-22,SKU-1002,Siliguri DC,14
2026-04-23,SKU-1002,Siliguri DC,15
2026-04-24,SKU-1002,Siliguri DC,12
2026-04-25,SKU-1002,Siliguri DC,13
2026-04-26,SKU-1002,Siliguri DC,15
2026-04-27,SKU-1002,Siliguri DC,12
2026-04-28,SKU-1002,Siliguri DC,15
2026-04-29,SKU-1002,Siliguri DC,15
2026-04-30,SKU-1002,Siliguri DC,15
2026-05-01,SKU-1002,Siliguri DC,16
2026-05-02,SKU-1002,Siliguri DC,16
2026-05-03,SKU-1002,Siliguri DC,15
2026-05-04,SKU-1002,Siliguri DC,13
2026-05-05,SKU-1002,Siliguri DC,13
2026-05-06,SKU-1002,Siliguri DC,15
2026-05-07,SKU-1002,Siliguri DC,13
2026-05-08,SKU-1002,Siliguri DC,12
2026-05-09,SKU-1002,Siliguri DC,16
2026-05-10,SKU-1002,Siliguri DC,12
2026-05-11,SKU-1002,Siliguri DC,13
2026-05-12,SKU-1002,Siliguri DC,14
2026-05-13,SKU-1002,Siliguri DC,15
2026-05-14,SKU-1002,Siliguri DC,12
2026-05-15,SKU-1002,Siliguri DC,13
2026-05-16,SKU-1002,Siliguri DC,15
2026-05-17,SKU-1002,Siliguri DC,15
2026-05-18,SKU-1002,Siliguri DC,12
2026-05-19,SKU-1002,Siliguri DC,16
2026-05-20,SKU-1002,Siliguri DC,15
2026-05-21,SKU-1002,Siliguri DC,15
2026-05-22,SKU-1002,Siliguri DC,14
2026-05-23,SKU-1002,Siliguri DC,14
2026-05-24,SKU-1002,Siliguri DC,13
2026-05-25,SKU-1002,Siliguri DC,15
2026-05-26,SKU-1002,Siliguri DC,14
2026-05-27,SKU-1002,Siliguri DC,15
2026-05-28,SKU-1002,Siliguri DC,13
2026-05-29,SKU-1002,Siliguri DC,16
2026-05-30,SKU-1002,Siliguri DC,15
2026-05-31,SKU-1002,Siliguri DC,16
2026-06-01,SKU-1002,Siliguri DC,14
2026-06-02,SKU-1002,Siliguri DC,12
2026-06-03,SKU-1002,Siliguri DC,16
2026-06-04,SKU-1002,Siliguri DC,15
2026-06-05,SKU-1002,Siliguri DC,12
2026-06-06,SKU-1002,Siliguri DC,12
2026-06-07,SKU-1002,Siliguri DC,14
2026-06-08,SKU-1002,Siliguri DC,14
2026-06-09,SKU-1002,Siliguri DC,14
2026-06-10,SKU-1002,Siliguri DC,16
2026-06-11,SKU-1002,Siliguri DC,16
2026-06-12,SKU-1002,Siliguri DC,14
2026-06-13,SKU-1002,Siliguri DC,12
2026-06-14,SKU-1002,Siliguri DC,13
2026-06-15,SKU-1002,Siliguri DC,15
2026-06-16,SKU-1002,Siliguri DC,14
2026-06-17,SKU-1002,Siliguri DC,14
2026-06-18,SKU-1002,Siliguri DC,14
2026-06-19,SKU-1002,Siliguri DC,13
2026-06-20,SKU-1002,Siliguri DC,14
2026-06-21,SKU-1002,Siliguri DC,13
2026-06-22,SKU-1002,Siliguri DC,15
2026-06-23,SKU-1002,Siliguri DC,16
2026-06-24,SKU-1002,Siliguri DC,13
2026-06-25,SKU-1002,Siliguri DC,13
2026-06-26,SKU-1002,Siliguri DC,15
2026-06-27,SKU-1002,Siliguri DC,13
2026-06-28,SKU-1002,Siliguri DC,15
2026-06-29,SKU-1002,Siliguri DC,16
2026-06-30,SKU-1002,Siliguri DC,16
2026-07-01,SKU-1002,Siliguri DC,16
2026-07-02,SKU-1002,Siliguri DC,13
2026-07-03,SKU-1002,Siliguri DC,14
2026-07-04,SKU-1002,Siliguri DC,12
2026-07-05,SKU-1002,Siliguri DC,13
2026-07-06,SKU-1002,Siliguri DC,12
2026-07-07,SKU-1002,Siliguri DC,14
2026-07-08,SKU-1002,Siliguri DC,16
2026-07-09,SKU-1002,Siliguri DC,13
2026-07-10,SKU-1002,Siliguri DC,13
2026-07-11,SKU-1002,Siliguri DC,15
2026-07-12,SKU-1002,Siliguri DC,14
2026-07-13,SKU-1002,Siliguri DC,16
2026-07-14,SKU-1002,Siliguri DC,12
2026-07-15,SKU-1002,Siliguri DC,15
2026-07-16,SKU-1002,Siliguri DC,13
2026-07-17,SKU-1002,Siliguri DC,16
2026-07-18,SKU-1002,Siliguri DC,15
2026-07-19,SKU-1002,Siliguri DC,13
2026-07-20,SKU-1002,Siliguri DC,12
2026-07-21,SKU-1002,Siliguri DC,13
2026-07-22,SKU-1002,Siliguri DC,13
2026-07-23,SKU-1002,Siliguri DC,16
2026-07-24,SKU-1002,Siliguri DC,14
2026-07-25,SKU-1002,Siliguri DC,14
2026-07-26,SKU-1002,Siliguri DC,13
2026-07-27,SKU-1002,Siliguri DC,13
2026-07-28,SKU-1002,Siliguri DC,15
2026-07-29,SKU-1002,Siliguri DC,15
2026-07-30,SKU-1002,Siliguri DC,12
2026-07-31,SKU-1002,Siliguri DC,14
2026-08-01,SKU-1002,Siliguri DC,16
2026-08-02,SKU-1002,Siliguri DC,13
2026-08-03,SKU-1002,Siliguri DC,13
2026-08-04,SKU-1002,Siliguri DC,13
2026-08-05,SKU-1002,Siliguri DC,14
2026-08-06,SKU-1002,Siliguri DC,16
2026-08-07,SKU-1002,Siliguri DC,14
2026-08-08,SKU-1002,Siliguri DC,14
2026-08-09,SKU-1002,Siliguri DC,16
2026-08-10,SKU-1002,Siliguri DC,13
2026-08-11,SKU-1002,Siliguri DC,12
2026-08-12,SKU-1002,Siliguri DC,14
2026-08-13,SKU-1002,Siliguri DC,12
2026-08-14,SKU-1002,Siliguri DC,15
2026-08-15,SKU-1002,Siliguri DC,12
2026-08-16,SKU-1002,Siliguri DC,15
2024-08-17,SKU-1003,Pune DC,34
2024-08-18,SKU-1003,Pune DC,31
2024-08-19,SKU-1003,Pune DC,34
2024-08-20,SKU-1003,Pune DC,29
2024-08-21,SKU-1003,Pune DC,33
2024-08-22,SKU-1003,Pune DC,29
2024-08-23,SKU-1003,Pune DC,27
2024-08-24,SKU-1003,Pune DC,31
2024-08-25,SKU-1003,Pune DC,26
2024-08-26,SKU-1003,Pune DC,26
2024-08-27,SKU-1003,Pune DC,27
2024-08-28,SKU-1003,Pune DC,28
2024-08-29,SKU-1003,Pune DC,34
2024-08-30,SKU-1003,Pune DC,31
2024-08-31,SKU-1003,Pune DC,26
2024-09-01,SKU-1003,Pune DC,29
2024-09-02,SKU-1003,Pune DC,26
2024-09-03,SKU-1003,Pune DC,26
2024-09-04,SKU-1003,Pune DC,33
2024-09-05,SKU-1003,Pune DC,32
2024-09-06,SKU-1003,Pune DC,31
2024-09-07,SKU-1003,Pune DC,33
2024-09-08,SKU-1003,Pune DC,27
2024-09-09,SKU-1003,Pune DC,32
2024-09-10,SKU-1003,Pune DC,31
2024-09-11,SKU-1003,Pune DC,32
2024-09-12,SKU-1003,Pune DC,32
2024-09-13,SKU-1003,Pune DC,28
2024-09-14,SKU-1003,Pune DC,28
2024-09-15,SKU-1003,Pune DC,34
2024-09-16,SKU-1003,Pune DC,28
2024-09-17,SKU-1003,Pune DC,29
2024-09-18,SKU-1003,Pune DC,27
2024-09-19,SKU-1003,Pune DC,27
2024-09-20,SKU-1003,Pune DC,28
2024-09-21,SKU-1003,Pune DC,33
2024-09-22,SKU-1003,Pune DC,31
2024-09-23,SKU-1003,Pune DC,32
2024-09-24,SKU-1003,Pune DC,29
2024-09-25,SKU-1003,Pune DC,34
2024-09-26,SKU-1003,Pune DC,29
2024-09-27,SKU-1003,Pune DC,33
2024-09-28,SKU-1003,Pune DC,30
2024-09-29,SKU-1003,Pune DC,30
2024-09-30,SKU-1003,Pune DC,32
2024-10-01,SKU-1003,Pune DC,30
2024-10-02,SKU-1003,Pune DC,28
2024-10-03,SKU-1003,Pune DC,28
2024-10-04,SKU-1003,Pune DC,31
2024-10-05,SKU-1003,Pune DC,31
2024-10-06,SKU-1003,Pune DC,26
2024-10-07,SKU-1003,Pune DC,28
2024-10-08,SKU-1003,Pune DC,27
2024-10-09,SKU-1003,Pune DC,32
2024-10-10,SKU-1003,Pune DC,29
2024-10-11,SKU-1003,Pune DC,34
2024-10-12,SKU-1003,Pune DC,26
2024-10-13,SKU-1003,Pune DC,26
2024-10-14,SKU-1003,Pune DC,33
2024-10-15,SKU-1003,Pune DC,29
2024-10-16,SKU-1003,Pune DC,32
2024-10-17,SKU-1003,Pune DC,26
2024-10-18,SKU-1003,Pune DC,32
2024-10-19,SKU-1003,Pune DC,27
2024-10-20,SKU-1003,Pune DC,26
2024-10-21,SKU-1003,Pune DC,32
2024-10-22,SKU-1003,Pune DC,30
2024-10-23,SKU-1003,Pune DC,33
2024-10-24,SKU-1003,Pune DC,30
2024-10-25,SKU-1003,Pune DC,28
2024-10-26,SKU-1003,Pune DC,34
2024-10-27,SKU-1003,Pune DC,34
2024-10-28,SKU-1003,Pune DC,34
2024-10-29,SKU-1003,Pune DC,30
2024-10-30,SKU-1003,Pune DC,31
2024-10-31,SKU-1003,Pune DC,29
2024-11-01,SKU-1003,Pune DC,28
2024-11-02,SKU-1003,Pune DC,28
2024-11-03,SKU-1003,Pune DC,34
2024-11-04,SKU-1003,Pune DC,32
2024-11-05,SKU-1003,Pune DC,33
2024-11-06,SKU-1003,Pune DC,26
2024-11-07,SKU-1003,Pune DC,30
2024-11-08,SKU-1003,Pune DC,34
2024-11-09,SKU-1003,Pune DC,29
2024-11-10,SKU-1003,Pune DC,28
2024-11-11,SKU-1003,Pune DC,32
2024-11-12,SKU-1003,Pune DC,26
2024-11-13,SKU-1003,Pune DC,26
2024-11-14,SKU-1003,Pune DC,27
2024-11-15,SKU-1003,Pune DC,32
2024-11-16,SKU-1003,Pune DC,26
2024-11-17,SKU-1003,Pune DC,29
2024-11-18,SKU-1003,Pune DC,26
2024-11-19,SKU-1003,Pune DC,31
2024-11-20,SKU-1003,Pune DC,32
2024-11-21,SKU-1003,Pune DC,31
2024-11-22,SKU-1003,Pune DC,27
2024-11-23,SKU-1003,Pune DC,26
2024-11-24,SKU-1003,Pune DC,26
2024-11-25,SKU-1003,Pune DC,30
2024-11-26,SKU-1003,Pune DC,34
2024-11-27,SKU-1003,Pune DC,26
2024-11-28,SKU-1003,Pune DC,26
2024-11-29,SKU-1003,Pune DC,34
2024-11-30,SKU-1003,Pune DC,31
2024-12-01,SKU-1003,Pune DC,26
2024-12-02,SKU-1003,Pune DC,29
2024-12-03,SKU-1003,Pune DC,33
2024-12-04,SKU-1003,Pune DC,34
2024-12-05,SKU-1003,Pune DC,33
2024-12-06,SKU-1003,Pune DC,33
2024-12-07,SKU-1003,Pune DC,30
2024-12-08,SKU-1003,Pune DC,30
2024-12-09,SKU-1003,Pune DC,27
2024-12-10,SKU-1003,Pune DC,32
2024-12-11,SKU-1003,Pune DC,28
2024-12-12,SKU-1003,Pune DC,27
2024-12-13,SKU-1003,Pune DC,32
2024-12-14,SKU-1003,Pune DC,29
2024-12-15,SKU-1003,Pune DC,27
2024-12-16,SKU-1003,Pune DC,31
2024-12-17,SKU-1003,Pune DC,29
2024-12-18,SKU-1003,Pune DC,32
2024-12-19,SKU-1003,Pune DC,26
2024-12-20,SKU-1003,Pune DC,32
2024-12-21,SKU-1003,Pune DC,32
2024-12-22,SKU-1003,Pune DC,32
2024-12-23,SKU-1003,Pune DC,28
2024-12-24,SKU-1003,Pune DC,34
2024-12-25,SKU-1003,Pune DC,30
2024-12-26,SKU-1003,Pune DC,29
2024-12-27,SKU-1003,Pune DC,30
2024-12-28,SKU-1003,Pune DC,29
2024-12-29,SKU-1003,Pune DC,29
2024-12-30,SKU-1003,Pune DC,31
2024-12-31,SKU-1003,Pune DC,27
2025-01-01,SKU-1003,Pune DC,29
2025-01-02,SKU-1003,Pune DC,29
2025-01-03,SKU-1003,Pune DC,33
2025-01-04,SKU-1003,Pune DC,33
2025-01-05,SKU-1003,Pune DC,29
2025-01-06,SKU-1003,Pune DC,27
2025-01-07,SKU-1003,Pune DC,26
2025-01-08,SKU-1003,Pune DC,34
2025-01-09,SKU-1003,Pune DC,34
2025-01-10,SKU-1003,Pune DC,27
2025-01-11,SKU-1003,Pune DC,29
2025-01-12,SKU-1003,Pune DC,27
2025-01-13,SKU-1003,Pune DC,31
2025-01-14,SKU-1003,Pune DC,28
2025-01-15,SKU-1003,Pune DC,26
2025-01-16,SKU-1003,Pune DC,27
2025-01-17,SKU-1003,Pune DC,33
2025-01-18,SKU-1003,Pune DC,33
2025-01-19,SKU-1003,Pune DC,33
2025-01-20,SKU-1003,Pune DC,33
2025-01-21,SKU-1003,Pune DC,33
2025-01-22,SKU-1003,Pune DC,31
2025-01-23,SKU-1003,Pune DC,26
2025-01-24,SKU-1003,Pune DC,28
2025-01-25,SKU-1003,Pune DC,27
2025-01-26,SKU-1003,Pune DC,27
2025-01-27,SKU-1003,Pune DC,29
2025-01-28,SKU-1003,Pune DC,27
2025-01-29,SKU-1003,Pune DC,26
2025-01-30,SKU-1003,Pune DC,33
2025-01-31,SKU-1003,Pune DC,34
2025-02-01,SKU-1003,Pune DC,30
2025-02-02,SKU-1003,Pune DC,30
2025-02-03,SKU-1003,Pune DC,31
2025-02-04,SKU-1003,Pune DC,34
2025-02-05,SKU-1003,Pune DC,27
2025-02-06,SKU-1003,Pune DC,26
2025-02-07,SKU-1003,Pune DC,30
2025-02-08,SKU-1003,Pune DC,33
2025-02-09,SKU-1003,Pune DC,32
2025-02-10,SKU-1003,Pune DC,34
2025-02-11,SKU-1003,Pune DC,28
2025-02-12,SKU-1003,Pune DC,26
2025-02-13,SKU-1003,Pune DC,33
2025-02-14,SKU-1003,Pune DC,30
2025-02-15,SKU-1003,Pune DC,27
2025-02-16,SKU-1003,Pune DC,34
2025-02-17,SKU-1003,Pune DC,29
2025-02-18,SKU-1003,Pune DC,33
2025-02-19,SKU-1003,Pune DC,28
2025-02-20,SKU-1003,Pune DC,34
2025-02-21,SKU-1003,Pune DC,28
2025-02-22,SKU-1003,Pune DC,33
2025-02-23,SKU-1003,Pune DC,31
2025-02-24,SKU-1003,Pune DC,33
2025-02-25,SKU-1003,Pune DC,32
2025-02-26,SKU-1003,Pune DC,28
2025-02-27,SKU-1003,Pune DC,27
2025-02-28,SKU-1003,Pune DC,34
2025-03-01,SKU-1003,Pune DC,33
2025-03-02,SKU-1003,Pune DC,30
2025-03-03,SKU-1003,Pune DC,30
2025-03-04,SKU-1003,Pune DC,31
2025-03-05,SKU-1003,Pune DC,30
2025-03-06,SKU-1003,Pune DC,28
2025-03-07,SKU-1003,Pune DC,33
2025-03-08,SKU-1003,Pune DC,31
2025-03-09,SKU-1003,Pune DC,28
2025-03-10,SKU-1003,Pune DC,30
2025-03-11,SKU-1003,Pune DC,31
2025-03-12,SKU-1003,Pune DC,32
2025-03-13,SKU-1003,Pune DC,26
2025-03-14,SKU-1003,Pune DC,33
2025-03-15,SKU-1003,Pune DC,28
2025-03-16,SKU-1003,Pune DC,31
2025-03-17,SKU-1003,Pune DC,29
2025-03-18,SKU-1003,Pune DC,26
2025-03-19,SKU-1003,Pune DC,32
2025-03-20,SKU-1003,Pune DC,29
2025-03-21,SKU-1003,Pune DC,33
2025-03-22,SKU-1003,Pune DC,27
2025-03-23,SKU-1003,Pune DC,26
2025-03-24,SKU-1003,Pune DC,30
2025-03-25,SKU-1003,Pune DC,31
2025-03-26,SKU-1003,Pune DC,33
2025-03-27,SKU-1003,Pune DC,29
2025-03-28,SKU-1003,Pune DC,28
2025-03-29,SKU-1003,Pune DC,27
2025-03-30,SKU-1003,Pune DC,33
2025-03-31,SKU-1003,Pune DC,33
2025-04-01,SKU-1003,Pune DC,30
2025-04-02,SKU-1003,Pune DC,30
2025-04-03,SKU-1003,Pune DC,29
2025-04-04,SKU-1003,Pune DC,26
2025-04-05,SKU-1003,Pune DC,27
2025-04-06,SKU-1003,Pune DC,28
2025-04-07,SKU-1003,Pune DC,28
2025-04-08,SKU-1003,Pune DC,26
2025-04-09,SKU-1003,Pune DC,26
2025-04-10,SKU-1003,Pune DC,33
2025-04-11,SKU-1003,Pune DC,27
2025-04-12,SKU-1003,Pune DC,26
2025-04-13,SKU-1003,Pune DC,28
2025-04-14,SKU-1003,Pune DC,28
2025-04-15,SKU-1003,Pune DC,31
2025-04-16,SKU-1003,Pune DC,31
2025-04-17,SKU-1003,Pune DC,27
2025-04-18,SKU-1003,Pune DC,29
2025-04-19,SKU-1003,Pune DC,32
2025-04-20,SKU-1003,Pune DC,26
2025-04-21,SKU-1003,Pune DC,26
2025-04-22,SKU-1003,Pune DC,33
2025-04-23,SKU-1003,Pune DC,26
2025-04-24,SKU-1003,Pune DC,26
2025-04-25,SKU-1003,Pune DC,32
2025-04-26,SKU-1003,Pune DC,33
2025-04-27,SKU-1003,Pune DC,31
2025-04-28,SKU-1003,Pune DC,29
2025-04-29,SKU-1003,Pune DC,31
2025-04-30,SKU-1003,Pune DC,29
2025-05-01,SKU-1003,Pune DC,28
2025-05-02,SKU-1003,Pune DC,34
2025-05-03,SKU-1003,Pune DC,30
2025-05-04,SKU-1003,Pune DC,34
2025-05-05,SKU-1003,Pune DC,32
2025-05-06,SKU-1003,Pune DC,28
2025-05-07,SKU-1003,Pune DC,29
2025-05-08,SKU-1003,Pune DC,27
2025-05-09,SKU-1003,Pune DC,33
2025-05-10,SKU-1003,Pune DC,30
2025-05-11,SKU-1003,Pune DC,28
2025-05-12,SKU-1003,Pune DC,30
2025-05-13,SKU-1003,Pune DC,29
2025-05-14,SKU-1003,Pune DC,29
2025-05-15,SKU-1003,Pune DC,29
2025-05-16,SKU-1003,Pune DC,34
2025-05-17,SKU-1003,Pune DC,28
2025-05-18,SKU-1003,Pune DC,26
2025-05-19,SKU-1003,Pune DC,30
2025-05-20,SKU-1003,Pune DC,29
2025-05-21,SKU-1003,Pune DC,33
2025-05-22,SKU-1003,Pune DC,32
2025-05-23,SKU-1003,Pune DC,27
2025-05-24,SKU-1003,Pune DC,28
2025-05-25,SKU-1003,Pune DC,30
2025-05-26,SKU-1003,Pune DC,31
2025-05-27,SKU-1003,Pune DC,30
2025-05-28,SKU-1003,Pune DC,27
2025-05-29,SKU-1003,Pune DC,30
2025-05-30,SKU-1003,Pune DC,32
2025-05-31,SKU-1003,Pune DC,26
2025-06-01,SKU-1003,Pune DC,30
2025-06-02,SKU-1003,Pune DC,31
2025-06-03,SKU-1003,Pune DC,27
2025-06-04,SKU-1003,Pune DC,34
2025-06-05,SKU-1003,Pune DC,28
2025-06-06,SKU-1003,Pune DC,33
2025-06-07,SKU-1003,Pune DC,33
2025-06-08,SKU-1003,Pune DC,28
2025-06-09,SKU-1003,Pune DC,31
2025-06-10,SKU-1003,Pune DC,32
2025-06-11,SKU-1003,Pune DC,31
2025-06-12,SKU-1003,Pune DC,31
2025-06-13,SKU-1003,Pune DC,28
2025-06-14,SKU-1003,Pune DC,32
2025-06-15,SKU-1003,Pune DC,29
2025-06-16,SKU-1003,Pune DC,27
2025-06-17,SKU-1003,Pune DC,30
2025-06-18,SKU-1003,Pune DC,30
2025-06-19,SKU-1003,Pune DC,34
2025-06-20,SKU-1003,Pune DC,28
2025-06-21,SKU-1003,Pune DC,26
2025-06-22,SKU-1003,Pune DC,33
2025-06-23,SKU-1003,Pune DC,32
2025-06-24,SKU-1003,Pune DC,32
2025-06-25,SKU-1003,Pune DC,26
2025-06-26,SKU-1003,Pune DC,34
2025-06-27,SKU-1003,Pune DC,32
2025-06-28,SKU-1003,Pune DC,26
2025-06-29,SKU-1003,Pune DC,32
2025-06-30,SKU-1003,Pune DC,26
2025-07-01,SKU-1003,Pune DC,29
2025-07-02,SKU-1003,Pune DC,26
2025-07-03,SKU-1003,Pune DC,30
2025-07-04,SKU-1003,Pune DC,27
2025-07-05,SKU-1003,Pune DC,28
2025-07-06,SKU-1003,Pune DC,34
2025-07-07,SKU-1003,Pune DC,33
2025-07-08,SKU-1003,Pune DC,27
2025-07-09,SKU-1003,Pune DC,30
2025-07-10,SKU-1003,Pune DC,27
2025-07-11,SKU-1003,Pune DC,28
2025-07-12,SKU-1003,Pune DC,28
2025-07-13,SKU-1003,Pune DC,26
2025-07-14,SKU-1003,Pune DC,28
2025-07-15,SKU-1003,Pune DC,27
2025-07-16,SKU-1003,Pune DC,34
2025-07-17,SKU-1003,Pune DC,28
2025-07-18,SKU-1003,Pune DC,26
2025-07-19,SKU-1003,Pune DC,32
2025-07-20,SKU-1003,Pune DC,29
2025-07-21,SKU-1003,Pune DC,33
2025-07-22,SKU-1003,Pune DC,31
2025-07-23,SKU-1003,Pune DC,34
2025-07-24,SKU-1003,Pune DC,30
2025-07-25,SKU-1003,Pune DC,31
2025-07-26,SKU-1003,Pune DC,27
2025-07-27,SKU-1003,Pune DC,28
2025-07-28,SKU-1003,Pune DC,30
2025-07-29,SKU-1003,Pune DC,29
2025-07-30,SKU-1003,Pune DC,28
2025-07-31,SKU-1003,Pune DC,34
2025-08-01,SKU-1003,Pune DC,30
2025-08-02,SKU-1003,Pune DC,29
2025-08-03,SKU-1003,Pune DC,29
2025-08-04,SKU-1003,Pune DC,32
2025-08-05,SKU-1003,Pune DC,28
2025-08-06,SKU-1003,Pune DC,32
2025-08-07,SKU-1003,Pune DC,30
2025-08-08,SKU-1003,Pune DC,28
2025-08-09,SKU-1003,Pune DC,34
2025-08-10,SKU-1003,Pune DC,34
2025-08-11,SKU-1003,Pune DC,30
2025-08-12,SKU-1003,Pune DC,34
2025-08-13,SKU-1003,Pune DC,29
2025-08-14,SKU-1003,Pune DC,33
2025-08-15,SKU-1003,Pune DC,34
2025-08-16,SKU-1003,Pune DC,30
2025-08-17,SKU-1003,Pune DC,26
2025-08-18,SKU-1003,Pune DC,30
2025-08-19,SKU-1003,Pune DC,26
2025-08-20,SKU-1003,Pune DC,29
2025-08-21,SKU-1003,Pune DC,28
2025-08-22,SKU-1003,Pune DC,27
2025-08-23,SKU-1003,Pune DC,26
2025-08-24,SKU-1003,Pune DC,26
2025-08-25,SKU-1003,Pune DC,26
2025-08-26,SKU-1003,Pune DC,30
2025-08-27,SKU-1003,Pune DC,32
2025-08-28,SKU-1003,Pune DC,34
2025-08-29,SKU-1003,Pune DC,32
2025-08-30,SKU-1003,Pune DC,27
2025-08-31,SKU-1003,Pune DC,28
2025-09-01,SKU-1003,Pune DC,31
2025-09-02,SKU-1003,Pune DC,29
2025-09-03,SKU-1003,Pune DC,30
2025-09-04,SKU-1003,Pune DC,28
2025-09-05,SKU-1003,Pune DC,33
2025-09-06,SKU-1003,Pune DC,28
2025-09-07,SKU-1003,Pune DC,27
2025-09-08,SKU-1003,Pune DC,29
2025-09-09,SKU-1003,Pune DC,33
2025-09-10,SKU-1003,Pune DC,30
2025-09-11,SKU-1003,Pune DC,29
2025-09-12,SKU-1003,Pune DC,33
2025-09-13,SKU-1003,Pune DC,31
2025-09-14,SKU-1003,Pune DC,32
2025-09-15,SKU-1003,Pune DC,30
2025-09-16,SKU-1003,Pune DC,34
2025-09-17,SKU-1003,Pune DC,31
2025-09-18,SKU-1003,Pune DC,33
2025-09-19,SKU-1003,Pune DC,32
2025-09-20,SKU-1003,Pune DC,31
2025-09-21,SKU-1003,Pune DC,27
2025-09-22,SKU-1003,Pune DC,32
2025-09-23,SKU-1003,Pune DC,26
2025-09-24,SKU-1003,Pune DC,28
2025-09-25,SKU-1003,Pune DC,31
2025-09-26,SKU-1003,Pune DC,32
2025-09-27,SKU-1003,Pune DC,29
2025-09-28,SKU-1003,Pune DC,27
2025-09-29,SKU-1003,Pune DC,33
2025-09-30,SKU-1003,Pune DC,34
2025-10-01,SKU-1003,Pune DC,26
2025-10-02,SKU-1003,Pune DC,29
2025-10-03,SKU-1003,Pune DC,27
2025-10-04,SKU-1003,Pune DC,31
2025-10-05,SKU-1003,Pune DC,32
2025-10-06,SKU-1003,Pune DC,33
2025-10-07,SKU-1003,Pune DC,27
2025-10-08,SKU-1003,Pune DC,30
2025-10-09,SKU-1003,Pune DC,31
2025-10-10,SKU-1003,Pune DC,34
2025-10-11,SKU-1003,Pune DC,30
2025-10-12,SKU-1003,Pune DC,30
2025-10-13,SKU-1003,Pune DC,32
2025-10-14,SKU-1003,Pune DC,32
2025-10-15,SKU-1003,Pune DC,27
2025-10-16,SKU-1003,Pune DC,33
2025-10-17,SKU-1003,Pune DC,30
2025-10-18,SKU-1003,Pune DC,33
2025-10-19,SKU-1003,Pune DC,26
2025-10-20,SKU-1003,Pune DC,28
2025-10-21,SKU-1003,Pune DC,30
2025-10-22,SKU-1003,Pune DC,28
2025-10-23,SKU-1003,Pune DC,28
2025-10-24,SKU-1003,Pune DC,26
2025-10-25,SKU-1003,Pune DC,32
2025-10-26,SKU-1003,Pune DC,26
2025-10-27,SKU-1003,Pune DC,34
2025-10-28,SKU-1003,Pune DC,34
2025-10-29,SKU-1003,Pune DC,30
2025-10-30,SKU-1003,Pune DC,27
2025-10-31,SKU-1003,Pune DC,29
2025-11-01,SKU-1003,Pune DC,33
2025-11-02,SKU-1003,Pune DC,34
2025-11-03,SKU-1003,Pune DC,26
2025-11-04,SKU-1003,Pune DC,32
2025-11-05,SKU-1003,Pune DC,33
2025-11-06,SKU-1003,Pune DC,31
2025-11-07,SKU-1003,Pune DC,27
2025-11-08,SKU-1003,Pune DC,34
2025-11-09,SKU-1003,Pune DC,31
2025-11-10,SKU-1003,Pune DC,27
2025-11-11,SKU-1003,Pune DC,28
2025-11-12,SKU-1003,Pune DC,27
2025-11-13,SKU-1003,Pune DC,34
2025-11-14,SKU-1003,Pune DC,27
2025-11-15,SKU-1003,Pune DC,33
2025-11-16,SKU-1003,Pune DC,26
2025-11-17,SKU-1003,Pune DC,32
2025-11-18,SKU-1003,Pune DC,33
2025-11-19,SKU-1003,Pune DC,32
2025-11-20,SKU-1003,Pune DC,29
2025-11-21,SKU-1003,Pune DC,28
2025-11-22,SKU-1003,Pune DC,32
2025-11-23,SKU-1003,Pune DC,26
2025-11-24,SKU-1003,Pune DC,34
2025-11-25,SKU-1003,Pune DC,27
2025-11-26,SKU-1003,Pune DC,31
2025-11-27,SKU-1003,Pune DC,29
2025-11-28,SKU-1003,Pune DC,34
2025-11-29,SKU-1003,Pune DC,26
2025-11-30,SKU-1003,Pune DC,30
2025-12-01,SKU-1003,Pune DC,34
2025-12-02,SKU-1003,Pune DC,27
2025-12-03,SKU-1003,Pune DC,29
2025-12-04,SKU-1003,Pune DC,26
2025-12-05,SKU-1003,Pune DC,33
2025-12-06,SKU-1003,Pune DC,32
2025-12-07,SKU-1003,Pune DC,28
2025-12-08,SKU-1003,Pune DC,33
2025-12-09,SKU-1003,Pune DC,33
2025-12-10,SKU-1003,Pune DC,32
2025-12-11,SKU-1003,Pune DC,26
2025-12-12,SKU-1003,Pune DC,31
2025-12-13,SKU-1003,Pune DC,27
2025-12-14,SKU-1003,Pune DC,28
2025-12-15,SKU-1003,Pune DC,28
2025-12-16,SKU-1003,Pune DC,27
2025-12-17,SKU-1003,Pune DC,34
2025-12-18,SKU-1003,Pune DC,31
2025-12-19,SKU-1003,Pune DC,29
2025-12-20,SKU-1003,Pune DC,30
2025-12-21,SKU-1003,Pune DC,26
2025-12-22,SKU-1003,Pune DC,28
2025-12-23,SKU-1003,Pune DC,29
2025-12-24,SKU-1003,Pune DC,34
2025-12-25,SKU-1003,Pune DC,28
2025-12-26,SKU-1003,Pune DC,33
2025-12-27,SKU-1003,Pune DC,29
2025-12-28,SKU-1003,Pune DC,29
2025-12-29,SKU-1003,Pune DC,29
2025-12-30,SKU-1003,Pune DC,28
2025-12-31,SKU-1003,Pune DC,28
2026-01-01,SKU-1003,Pune DC,27
2026-01-02,SKU-1003,Pune DC,26
2026-01-03,SKU-1003,Pune DC,28
2026-01-04,SKU-1003,Pune DC,28
2026-01-05,SKU-1003,Pune DC,30
2026-01-06,SKU-1003,Pune DC,29
2026-01-07,SKU-1003,Pune DC,28
2026-01-08,SKU-1003,Pune DC,32
2026-01-09,SKU-1003,Pune DC,32
2026-01-10,SKU-1003,Pune DC,27
2026-01-11,SKU-1003,Pune DC,26
2026-01-12,SKU-1003,Pune DC,29
2026-01-13,SKU-1003,Pune DC,31
2026-01-14,SKU-1003,Pune DC,31
2026-01-15,SKU-1003,Pune DC,30
2026-01-16,SKU-1003,Pune DC,30
2026-01-17,SKU-1003,Pune DC,32
2026-01-18,SKU-1003,Pune DC,31
2026-01-19,SKU-1003,Pune DC,30
2026-01-20,SKU-1003,Pune DC,34
2026-01-21,SKU-1003,Pune DC,26
2026-01-22,SKU-1003,Pune DC,27
2026-01-23,SKU-1003,Pune DC,29
2026-01-24,SKU-1003,Pune DC,34
2026-01-25,SKU-1003,Pune DC,30
2026-01-26,SKU-1003,Pune DC,33
2026-01-27,SKU-1003,Pune DC,27
2026-01-28,SKU-1003,Pune DC,29
2026-01-29,SKU-1003,Pune DC,30
2026-01-30,SKU-1003,Pune DC,34
2026-01-31,SKU-1003,Pune DC,26
2026-02-01,SKU-1003,Pune DC,26
2026-02-02,SKU-1003,Pune DC,33
2026-02-03,SKU-1003,Pune DC,30
2026-02-04,SKU-1003,Pune DC,30
2026-02-05,SKU-1003,Pune DC,28
2026-02-06,SKU-1003,Pune DC,32
2026-02-07,SKU-1003,Pune DC,28
2026-02-08,SKU-1003,Pune DC,33
2026-02-09,SKU-1003,Pune DC,28
2026-02-10,SKU-1003,Pune DC,31
2026-02-11,SKU-1003,Pune DC,29
2026-02-12,SKU-1003,Pune DC,28
2026-02-13,SKU-1003,Pune DC,32
2026-02-14,SKU-1003,Pune DC,27
2026-02-15,SKU-1003,Pune DC,29
2026-02-16,SKU-1003,Pune DC,30
2026-02-17,SKU-1003,Pune DC,31
2026-02-18,SKU-1003,Pune DC,26
2026-02-19,SKU-1003,Pune DC,33
2026-02-20,SKU-1003,Pune DC,27
2026-02-21,SKU-1003,Pune DC,29
2026-02-22,SKU-1003,Pune DC,29
2026-02-23,SKU-1003,Pune DC,26
2026-02-24,SKU-1003,Pune DC,32
2026-02-25,SKU-1003,Pune DC,31
2026-02-26,SKU-1003,Pune DC,32
2026-02-27,SKU-1003,Pune DC,26
2026-02-28,SKU-1003,Pune DC,28
2026-03-01,SKU-1003,Pune DC,30
2026-03-02,SKU-1003,Pune DC,32
2026-03-03,SKU-1003,Pune DC,28
2026-03-04,SKU-1003,Pune DC,34
2026-03-05,SKU-1003,Pune DC,26
2026-03-06,SKU-1003,Pune DC,34
2026-03-07,SKU-1003,Pune DC,33
2026-03-08,SKU-1003,Pune DC,34
2026-03-09,SKU-1003,Pune DC,34
2026-03-10,SKU-1003,Pune DC,27
2026-03-11,SKU-1003,Pune DC,28
2026-03-12,SKU-1003,Pune DC,30
2026-03-13,SKU-1003,Pune DC,34
2026-03-14,SKU-1003,Pune DC,28
2026-03-15,SKU-1003,Pune DC,32
2026-03-16,SKU-1003,Pune DC,34
2026-03-17,SKU-1003,Pune DC,28
2026-03-18,SKU-1003,Pune DC,30
2026-03-19,SKU-1003,Pune DC,27
2026-03-20,SKU-1003,Pune DC,32
2026-03-21,SKU-1003,Pune DC,28
2026-03-22,SKU-1003,Pune DC,30
2026-03-23,SKU-1003,Pune DC,32
2026-03-24,SKU-1003,Pune DC,29
2026-03-25,SKU-1003,Pune DC,27
2026-03-26,SKU-1003,Pune DC,29
2026-03-27,SKU-1003,Pune DC,28
2026-03-28,SKU-1003,Pune DC,27
2026-03-29,SKU-1003,Pune DC,33
2026-03-30,SKU-1003,Pune DC,34
2026-03-31,SKU-1003,Pune DC,34
2026-04-01,SKU-1003,Pune DC,28
2026-04-02,SKU-1003,Pune DC,30
2026-04-03,SKU-1003,Pune DC,27
2026-04-04,SKU-1003,Pune DC,30
2026-04-05,SKU-1003,Pune DC,29
2026-04-06,SKU-1003,Pune DC,27
2026-04-07,SKU-1003,Pune DC,33
2026-04-08,SKU-1003,Pune DC,32
2026-04-09,SKU-1003,Pune DC,31
2026-04-10,SKU-1003,Pune DC,27
2026-04-11,SKU-1003,Pune DC,32
2026-04-12,SKU-1003,Pune DC,33
2026-04-13,SKU-1003,Pune DC,26
2026-04-14,SKU-1003,Pune DC,28
2026-04-15,SKU-1003,Pune DC,34
2026-04-16,SKU-1003,Pune DC,27
2026-04-17,SKU-1003,Pune DC,31
2026-04-18,SKU-1003,Pune DC,30
2026-04-19,SKU-1003,Pune DC,28
2026-04-20,SKU-1003,Pune DC,34
2026-04-21,SKU-1003,Pune DC,30
2026-04-22,SKU-1003,Pune DC,32
2026-04-23,SKU-1003,Pune DC,33
2026-04-24,SKU-1003,Pune DC,33
2026-04-25,SKU-1003,Pune DC,33
2026-04-26,SKU-1003,Pune DC,31
2026-04-27,SKU-1003,Pune DC,33
2026-04-28,SKU-1003,Pune DC,31
2026-04-29,SKU-1003,Pune DC,26
2026-04-30,SKU-1003,Pune DC,29
2026-05-01,SKU-1003,Pune DC,33
2026-05-02,SKU-1003,Pune DC,30
2026-05-03,SKU-1003,Pune DC,29
2026-05-04,SKU-1003,Pune DC,29
2026-05-05,SKU-1003,Pune DC,34
2026-05-06,SKU-1003,Pune DC,29
2026-05-07,SKU-1003,Pune DC,29
2026-05-08,SKU-1003,Pune DC,29
2026-05-09,SKU-1003,Pune DC,32
2026-05-10,SKU-1003,Pune DC,32
2026-05-11,SKU-1003,Pune DC,30
2026-05-12,SKU-1003,Pune DC,27
2026-05-13,SKU-1003,Pune DC,32
2026-05-14,SKU-1003,Pune DC,33
2026-05-15,SKU-1003,Pune DC,32
2026-05-16,SKU-1003,Pune DC,33
2026-05-17,SKU-1003,Pune DC,29
2026-05-18,SKU-1003,Pune DC,33
2026-05-19,SKU-1003,Pune DC,27
2026-05-20,SKU-1003,Pune DC,33
2026-05-21,SKU-1003,Pune DC,26
2026-05-22,SKU-1003,Pune DC,26
2026-05-23,SKU-1003,Pune DC,34
2026-05-24,SKU-1003,Pune DC,34
2026-05-25,SKU-1003,Pune DC,29
2026-05-26,SKU-1003,Pune DC,26
2026-05-27,SKU-1003,Pune DC,33
2026-05-28,SKU-1003,Pune DC,26
2026-05-29,SKU-1003,Pune DC,34
2026-05-30,SKU-1003,Pune DC,32
2026-05-31,SKU-1003,Pune DC,30
2026-06-01,SKU-1003,Pune DC,34
2026-06-02,SKU-1003,Pune DC,33
2026-06-03,SKU-1003,Pune DC,32
2026-06-04,SKU-1003,Pune DC,32
2026-06-05,SKU-1003,Pune DC,31
2026-06-06,SKU-1003,Pune DC,32
2026-06-07,SKU-1003,Pune DC,33
2026-06-08,SKU-1003,Pune DC,28
2026-06-09,SKU-1003,Pune DC,29
2026-06-10,SKU-1003,Pune DC,34
2026-06-11,SKU-1003,Pune DC,28
2026-06-12,SKU-1003,Pune DC,32
2026-06-13,SKU-1003,Pune DC,28
2026-06-14,SKU-1003,Pune DC,26
2026-06-15,SKU-1003,Pune DC,29
2026-06-16,SKU-1003,Pune DC,32
2026-06-17,SKU-1003,Pune DC,29
2026-06-18,SKU-1003,Pune DC,29
2026-06-19,SKU-1003,Pune DC,33
2026-06-20,SKU-1003,Pune DC,32
2026-06-21,SKU-1003,Pune DC,34
2026-06-22,SKU-1003,Pune DC,32
2026-06-23,SKU-1003,Pune DC,30
2026-06-24,SKU-1003,Pune DC,30
2026-06-25,SKU-1003,Pune DC,33
2026-06-26,SKU-1003,Pune DC,31
2026-06-27,SKU-1003,Pune DC,26
2026-06-28,SKU-1003,Pune DC,34
2026-06-29,SKU-1003,Pune DC,26
2026-06-30,SKU-1003,Pune DC,32
2026-07-01,SKU-1003,Pune DC,28
2026-07-02,SKU-1003,Pune DC,31
2026-07-03,SKU-1003,Pune DC,29
2026-07-04,SKU-1003,Pune DC,29
2026-07-05,SKU-1003,Pune DC,33
2026-07-06,SKU-1003,Pune DC,30
2026-07-07,SKU-1003,Pune DC,29
2026-07-08,SKU-1003,Pune DC,32
2026-07-09,SKU-1003,Pune DC,32
2026-07-10,SKU-1003,Pune DC,27
2026-07-11,SKU-1003,Pune DC,32
2026-07-12,SKU-1003,Pune DC,28
2026-07-13,SKU-1003,Pune DC,27
2026-07-14,SKU-1003,Pune DC,28
2026-07-15,SKU-1003,Pune DC,28
2026-07-16,SKU-1003,Pune DC,27
2026-07-17,SKU-1003,Pune DC,32
2026-07-18,SKU-1003,Pune DC,26
2026-07-19,SKU-1003,Pune DC,28
2026-07-20,SKU-1003,Pune DC,27
2026-07-21,SKU-1003,Pune DC,26
2026-07-22,SKU-1003,Pune DC,29
2026-07-23,SKU-1003,Pune DC,28
2026-07-24,SKU-1003,Pune DC,30
2026-07-25,SKU-1003,Pune DC,27
2026-07-26,SKU-1003,Pune DC,27
2026-07-27,SKU-1003,Pune DC,31
2026-07-28,SKU-1003,Pune DC,26
2026-07-29,SKU-1003,Pune DC,32
2026-07-30,SKU-1003,Pune DC,31
2026-07-31,SKU-1003,Pune DC,31
2026-08-01,SKU-1003,Pune DC,26
2026-08-02,SKU-1003,Pune DC,31
2026-08-03,SKU-1003,Pune DC,29
2026-08-04,SKU-1003,Pune DC,27
2026-08-05,SKU-1003,Pune DC,26
2026-08-06,SKU-1003,Pune DC,33
2026-08-07,SKU-1003,Pune DC,28
2026-08-08,SKU-1003,Pune DC,26
2026-08-09,SKU-1003,Pune DC,31
2026-08-10,SKU-1003,Pune DC,29
2026-08-11,SKU-1003,Pune DC,31
2026-08-12,SKU-1003,Pune DC,31
2026-08-13,SKU-1003,Pune DC,34
2026-08-14,SKU-1003,Pune DC,32
2026-08-15,SKU-1003,Pune DC,34
2026-08-16,SKU-1003,Pune DC,30
2024-08-17,SKU-1003,Chennai DC,29
2024-08-18,SKU-1003,Chennai DC,27
2024-08-19,SKU-1003,Chennai DC,28
2024-08-20,SKU-1003,Chennai DC,25
2024-08-21,SKU-1003,Chennai DC,27
2024-08-22,SKU-1003,Chennai DC,23
2024-08-23,SKU-1003,Chennai DC,25
2024-08-24,SKU-1003,Chennai DC,22
2024-08-25,SKU-1003,Chennai DC,22
2024-08-26,SKU-1003,Chennai DC,23
2024-08-27,SKU-1003,Chennai DC,26
2024-08-28,SKU-1003,Chennai DC,28
2024-08-29,SKU-1003,Chennai DC,22
2024-08-30,SKU-1003,Chennai DC,21
2024-08-31,SKU-1003,Chennai DC,27
2024-09-01,SKU-1003,Chennai DC,26
2024-09-02,SKU-1003,Chennai DC,28
2024-09-03,SKU-1003,Chennai DC,27
2024-09-04,SKU-1003,Chennai DC,26
2024-09-05,SKU-1003,Chennai DC,29
2024-09-06,SKU-1003,Chennai DC,24
2024-09-07,SKU-1003,Chennai DC,26
2024-09-08,SKU-1003,Chennai DC,26
2024-09-09,SKU-1003,Chennai DC,25
2024-09-10,SKU-1003,Chennai DC,26
2024-09-11,SKU-1003,Chennai DC,26
2024-09-12,SKU-1003,Chennai DC,25
2024-09-13,SKU-1003,Chennai DC,29
2024-09-14,SKU-1003,Chennai DC,24
2024-09-15,SKU-1003,Chennai DC,24
2024-09-16,SKU-1003,Chennai DC,26
2024-09-17,SKU-1003,Chennai DC,25
2024-09-18,SKU-1003,Chennai DC,24
2024-09-19,SKU-1003,Chennai DC,24
2024-09-20,SKU-1003,Chennai DC,25
2024-09-21,SKU-1003,Chennai DC,22
2024-09-22,SKU-1003,Chennai DC,26
2024-09-23,SKU-1003,Chennai DC,24
2024-09-24,SKU-1003,Chennai DC,28
2024-09-25,SKU-1003,Chennai DC,22
2024-09-26,SKU-1003,Chennai DC,23
2024-09-27,SKU-1003,Chennai DC,29
2024-09-28,SKU-1003,Chennai DC,22
2024-09-29,SKU-1003,Chennai DC,28
2024-09-30,SKU-1003,Chennai DC,28
2024-10-01,SKU-1003,Chennai DC,26
2024-10-02,SKU-1003,Chennai DC,24
2024-10-03,SKU-1003,Chennai DC,22
2024-10-04,SKU-1003,Chennai DC,26
2024-10-05,SKU-1003,Chennai DC,26
2024-10-06,SKU-1003,Chennai DC,24
2024-10-07,SKU-1003,Chennai DC,28
2024-10-08,SKU-1003,Chennai DC,23
2024-10-09,SKU-1003,Chennai DC,26
2024-10-10,SKU-1003,Chennai DC,23
2024-10-11,SKU-1003,Chennai DC,23
2024-10-12,SKU-1003,Chennai DC,25
2024-10-13,SKU-1003,Chennai DC,26
2024-10-14,SKU-1003,Chennai DC,23
2024-10-15,SKU-1003,Chennai DC,22
2024-10-16,SKU-1003,Chennai DC,24
2024-10-17,SKU-1003,Chennai DC,24
2024-10-18,SKU-1003,Chennai DC,28
2024-10-19,SKU-1003,Chennai DC,28
2024-10-20,SKU-1003,Chennai DC,26
2024-10-21,SKU-1003,Chennai DC,21
2024-10-22,SKU-1003,Chennai DC,25
2024-10-23,SKU-1003,Chennai DC,22
2024-10-24,SKU-1003,Chennai DC,25
2024-10-25,SKU-1003,Chennai DC,26
2024-10-26,SKU-1003,Chennai DC,26
2024-10-27,SKU-1003,Chennai DC,22
2024-10-28,SKU-1003,Chennai DC,26
2024-10-29,SKU-1003,Chennai DC,26
2024-10-30,SKU-1003,Chennai DC,25
2024-10-31,SKU-1003,Chennai DC,28
2024-11-01,SKU-1003,Chennai DC,23
2024-11-02,SKU-1003,Chennai DC,27
2024-11-03,SKU-1003,Chennai DC,27
2024-11-04,SKU-1003,Chennai DC,28
2024-11-05,SKU-1003,Chennai DC,26
2024-11-06,SKU-1003,Chennai DC,27
2024-11-07,SKU-1003,Chennai DC,23
2024-11-08,SKU-1003,Chennai DC,27
2024-11-09,SKU-1003,Chennai DC,25
2024-11-10,SKU-1003,Chennai DC,25
2024-11-11,SKU-1003,Chennai DC,26
2024-11-12,SKU-1003,Chennai DC,23
2024-11-13,SKU-1003,Chennai DC,22
2024-11-14,SKU-1003,Chennai DC,26
2024-11-15,SKU-1003,Chennai DC,21
2024-11-16,SKU-1003,Chennai DC,25
2024-11-17,SKU-1003,Chennai DC,26
2024-11-18,SKU-1003,Chennai DC,23
2024-11-19,SKU-1003,Chennai DC,21
2024-11-20,SKU-1003,Chennai DC,27
2024-11-21,SKU-1003,Chennai DC,26
2024-11-22,SKU-1003,Chennai DC,24
2024-11-23,SKU-1003,Chennai DC,22
2024-11-24,SKU-1003,Chennai DC,21
2024-11-25,SKU-1003,Chennai DC,27
2024-11-26,SKU-1003,Chennai DC,21
2024-11-27,SKU-1003,Chennai DC,27
2024-11-28,SKU-1003,Chennai DC,25
2024-11-29,SKU-1003,Chennai DC,23
2024-11-30,SKU-1003,Chennai DC,22
2024-12-01,SKU-1003,Chennai DC,25
2024-12-02,SKU-1003,Chennai DC,22
2024-12-03,SKU-1003,Chennai DC,26
2024-12-04,SKU-1003,Chennai DC,21
2024-12-05,SKU-1003,Chennai DC,28
2024-12-06,SKU-1003,Chennai DC,29
2024-12-07,SKU-1003,Chennai DC,28
2024-12-08,SKU-1003,Chennai DC,24
2024-12-09,SKU-1003,Chennai DC,25
2024-12-10,SKU-1003,Chennai DC,22
2024-12-11,SKU-1003,Chennai DC,25
2024-12-12,SKU-1003,Chennai DC,25
2024-12-13,SKU-1003,Chennai DC,28
2024-12-14,SKU-1003,Chennai DC,23
2024-12-15,SKU-1003,Chennai DC,22
2024-12-16,SKU-1003,Chennai DC,25
2024-12-17,SKU-1003,Chennai DC,28
2024-12-18,SKU-1003,Chennai DC,22
2024-12-19,SKU-1003,Chennai DC,27
2024-12-20,SKU-1003,Chennai DC,23
2024-12-21,SKU-1003,Chennai DC,25
2024-12-22,SKU-1003,Chennai DC,25
2024-12-23,SKU-1003,Chennai DC,23
2024-12-24,SKU-1003,Chennai DC,27
2024-12-25,SKU-1003,Chennai DC,26
2024-12-26,SKU-1003,Chennai DC,27
2024-12-27,SKU-1003,Chennai DC,24
2024-12-28,SKU-1003,Chennai DC,23
2024-12-29,SKU-1003,Chennai DC,28
2024-12-30,SKU-1003,Chennai DC,24
2024-12-31,SKU-1003,Chennai DC,23
2025-01-01,SKU-1003,Chennai DC,22
2025-01-02,SKU-1003,Chennai DC,28
2025-01-03,SKU-1003,Chennai DC,23
2025-01-04,SKU-1003,Chennai DC,22
2025-01-05,SKU-1003,Chennai DC,24
2025-01-06,SKU-1003,Chennai DC,27
2025-01-07,SKU-1003,Chennai DC,28
2025-01-08,SKU-1003,Chennai DC,21
2025-01-09,SKU-1003,Chennai DC,25
2025-01-10,SKU-1003,Chennai DC,24
2025-01-11,SKU-1003,Chennai DC,23
2025-01-12,SKU-1003,Chennai DC,24
2025-01-13,SKU-1003,Chennai DC,26
2025-01-14,SKU-1003,Chennai DC,26
2025-01-15,SKU-1003,Chennai DC,22
2025-01-16,SKU-1003,Chennai DC,25
2025-01-17,SKU-1003,Chennai DC,25
2025-01-18,SKU-1003,Chennai DC,28
2025-01-19,SKU-1003,Chennai DC,25
2025-01-20,SKU-1003,Chennai DC,21
2025-01-21,SKU-1003,Chennai DC,22
2025-01-22,SKU-1003,Chennai DC,24
2025-01-23,SKU-1003,Chennai DC,22
2025-01-24,SKU-1003,Chennai DC,27
2025-01-25,SKU-1003,Chennai DC,24
2025-01-26,SKU-1003,Chennai DC,26
2025-01-27,SKU-1003,Chennai DC,24
2025-01-28,SKU-1003,Chennai DC,27
2025-01-29,SKU-1003,Chennai DC,25
2025-01-30,SKU-1003,Chennai DC,24
2025-01-31,SKU-1003,Chennai DC,26
2025-02-01,SKU-1003,Chennai DC,26
2025-02-02,SKU-1003,Chennai DC,24
2025-02-03,SKU-1003,Chennai DC,25
2025-02-04,SKU-1003,Chennai DC,24
2025-02-05,SKU-1003,Chennai DC,22
2025-02-06,SKU-1003,Chennai DC,28
2025-02-07,SKU-1003,Chennai DC,26
2025-02-08,SKU-1003,Chennai DC,25
2025-02-09,SKU-1003,Chennai DC,26
2025-02-10,SKU-1003,Chennai DC,23
2025-02-11,SKU-1003,Chennai DC,27
2025-02-12,SKU-1003,Chennai DC,22
2025-02-13,SKU-1003,Chennai DC,25
2025-02-14,SKU-1003,Chennai DC,24
2025-02-15,SKU-1003,Chennai DC,25
2025-02-16,SKU-1003,Chennai DC,28
2025-02-17,SKU-1003,Chennai DC,23
2025-02-18,SKU-1003,Chennai DC,24
2025-02-19,SKU-1003,Chennai DC,28
2025-02-20,SKU-1003,Chennai DC,22
2025-02-21,SKU-1003,Chennai DC,23
2025-02-22,SKU-1003,Chennai DC,26
2025-02-23,SKU-1003,Chennai DC,29
2025-02-24,SKU-1003,Chennai DC,27
2025-02-25,SKU-1003,Chennai DC,27
2025-02-26,SKU-1003,Chennai DC,25
2025-02-27,SKU-1003,Chennai DC,26
2025-02-28,SKU-1003,Chennai DC,29
2025-03-01,SKU-1003,Chennai DC,22
2025-03-02,SKU-1003,Chennai DC,25
2025-03-03,SKU-1003,Chennai DC,27
2025-03-04,SKU-1003,Chennai DC,26
2025-03-05,SKU-1003,Chennai DC,27
2025-03-06,SKU-1003,Chennai DC,22
2025-03-07,SKU-1003,Chennai DC,25
2025-03-08,SKU-1003,Chennai DC,25
2025-03-09,SKU-1003,Chennai DC,27
2025-03-10,SKU-1003,Chennai DC,22
2025-03-11,SKU-1003,Chennai DC,26
2025-03-12,SKU-1003,Chennai DC,28
2025-03-13,SKU-1003,Chennai DC,28
2025-03-14,SKU-1003,Chennai DC,23
2025-03-15,SKU-1003,Chennai DC,26
2025-03-16,SKU-1003,Chennai DC,25
2025-03-17,SKU-1003,Chennai DC,22
2025-03-18,SKU-1003,Chennai DC,28
2025-03-19,SKU-1003,Chennai DC,23
2025-03-20,SKU-1003,Chennai DC,27
2025-03-21,SKU-1003,Chennai DC,25
2025-03-22,SKU-1003,Chennai DC,25
2025-03-23,SKU-1003,Chennai DC,25
2025-03-24,SKU-1003,Chennai DC,23
2025-03-25,SKU-1003,Chennai DC,24
2025-03-26,SKU-1003,Chennai DC,22
2025-03-27,SKU-1003,Chennai DC,23
2025-03-28,SKU-1003,Chennai DC,26
2025-03-29,SKU-1003,Chennai DC,26
2025-03-30,SKU-1003,Chennai DC,25
2025-03-31,SKU-1003,Chennai DC,25
2025-04-01,SKU-1003,Chennai DC,28
2025-04-02,SKU-1003,Chennai DC,27
2025-04-03,SKU-1003,Chennai DC,26
2025-04-04,SKU-1003,Chennai DC,28
2025-04-05,SKU-1003,Chennai DC,28
2025-04-06,SKU-1003,Chennai DC,25
2025-04-07,SKU-1003,Chennai DC,24
2025-04-08,SKU-1003,Chennai DC,25
2025-04-09,SKU-1003,Chennai DC,24
2025-04-10,SKU-1003,Chennai DC,23
2025-04-11,SKU-1003,Chennai DC,26
2025-04-12,SKU-1003,Chennai DC,26
2025-04-13,SKU-1003,Chennai DC,22
2025-04-14,SKU-1003,Chennai DC,28
2025-04-15,SKU-1003,Chennai DC,26
2025-04-16,SKU-1003,Chennai DC,27
2025-04-17,SKU-1003,Chennai DC,26
2025-04-18,SKU-1003,Chennai DC,29
2025-04-19,SKU-1003,Chennai DC,22
2025-04-20,SKU-1003,Chennai DC,27
2025-04-21,SKU-1003,Chennai DC,25
2025-04-22,SKU-1003,Chennai DC,28
2025-04-23,SKU-1003,Chennai DC,29
2025-04-24,SKU-1003,Chennai DC,22
2025-04-25,SKU-1003,Chennai DC,29
2025-04-26,SKU-1003,Chennai DC,24
2025-04-27,SKU-1003,Chennai DC,24
2025-04-28,SKU-1003,Chennai DC,22
2025-04-29,SKU-1003,Chennai DC,25
2025-04-30,SKU-1003,Chennai DC,25
2025-05-01,SKU-1003,Chennai DC,22
2025-05-02,SKU-1003,Chennai DC,22
2025-05-03,SKU-1003,Chennai DC,27
2025-05-04,SKU-1003,Chennai DC,28
2025-05-05,SKU-1003,Chennai DC,22
2025-05-06,SKU-1003,Chennai DC,23
2025-05-07,SKU-1003,Chennai DC,22
2025-05-08,SKU-1003,Chennai DC,22
2025-05-09,SKU-1003,Chennai DC,27
2025-05-10,SKU-1003,Chennai DC,22
2025-05-11,SKU-1003,Chennai DC,27
2025-05-12,SKU-1003,Chennai DC,24
2025-05-13,SKU-1003,Chennai DC,26
2025-05-14,SKU-1003,Chennai DC,22
2025-05-15,SKU-1003,Chennai DC,25
2025-05-16,SKU-1003,Chennai DC,27
2025-05-17,SKU-1003,Chennai DC,22
2025-05-18,SKU-1003,Chennai DC,22
2025-05-19,SKU-1003,Chennai DC,27
2025-05-20,SKU-1003,Chennai DC,21
2025-05-21,SKU-1003,Chennai DC,28
2025-05-22,SKU-1003,Chennai DC,22
2025-05-23,SKU-1003,Chennai DC,25
2025-05-24,SKU-1003,Chennai DC,25
2025-05-25,SKU-1003,Chennai DC,26
2025-05-26,SKU-1003,Chennai DC,27
2025-05-27,SKU-1003,Chennai DC,28
2025-05-28,SKU-1003,Chennai DC,23
2025-05-29,SKU-1003,Chennai DC,22
2025-05-30,SKU-1003,Chennai DC,21
2025-05-31,SKU-1003,Chennai DC,22
2025-06-01,SKU-1003,Chennai DC,22
2025-06-02,SKU-1003,Chennai DC,24
2025-06-03,SKU-1003,Chennai DC,23
2025-06-04,SKU-1003,Chennai DC,27
2025-06-05,SKU-1003,Chennai DC,24
2025-06-06,SKU-1003,Chennai DC,26
2025-06-07,SKU-1003,Chennai DC,25
2025-06-08,SKU-1003,Chennai DC,27
2025-06-09,SKU-1003,Chennai DC,22
2025-06-10,SKU-1003,Chennai DC,26
2025-06-11,SKU-1003,Chennai DC,27
2025-06-12,SKU-1003,Chennai DC,29
2025-06-13,SKU-1003,Chennai DC,24
2025-06-14,SKU-1003,Chennai DC,23
2025-06-15,SKU-1003,Chennai DC,28
2025-06-16,SKU-1003,Chennai DC,25
2025-06-17,SKU-1003,Chennai DC,27
2025-06-18,SKU-1003,Chennai DC,25
2025-06-19,SKU-1003,Chennai DC,24
2025-06-20,SKU-1003,Chennai DC,26
2025-06-21,SKU-1003,Chennai DC,25
2025-06-22,SKU-1003,Chennai DC,27
2025-06-23,SKU-1003,Chennai DC,23
2025-06-24,SKU-1003,Chennai DC,26
2025-06-25,SKU-1003,Chennai DC,24
2025-06-26,SKU-1003,Chennai DC,27
2025-06-27,SKU-1003,Chennai DC,24
2025-06-28,SKU-1003,Chennai DC,26
2025-06-29,SKU-1003,Chennai DC,24
2025-06-30,SKU-1003,Chennai DC,23
2025-07-01,SKU-1003,Chennai DC,25
2025-07-02,SKU-1003,Chennai DC,23
2025-07-03,SKU-1003,Chennai DC,22
2025-07-04,SKU-1003,Chennai DC,22
2025-07-05,SKU-1003,Chennai DC,26
2025-07-06,SKU-1003,Chennai DC,28
2025-07-07,SKU-1003,Chennai DC,23
2025-07-08,SKU-1003,Chennai DC,25
2025-07-09,SKU-1003,Chennai DC,26
2025-07-10,SKU-1003,Chennai DC,26
2025-07-11,SKU-1003,Chennai DC,22
2025-07-12,SKU-1003,Chennai DC,25
2025-07-13,SKU-1003,Chennai DC,22
2025-07-14,SKU-1003,Chennai DC,24
2025-07-15,SKU-1003,Chennai DC,23
2025-07-16,SKU-1003,Chennai DC,23
2025-07-17,SKU-1003,Chennai DC,29
2025-07-18,SKU-1003,Chennai DC,25
2025-07-19,SKU-1003,Chennai DC,28
2025-07-20,SKU-1003,Chennai DC,24
2025-07-21,SKU-1003,Chennai DC,23
2025-07-22,SKU-1003,Chennai DC,27
2025-07-23,SKU-1003,Chennai DC,29
2025-07-24,SKU-1003,Chennai DC,25
2025-07-25,SKU-1003,Chennai DC,26
2025-07-26,SKU-1003,Chennai DC,24
2025-07-27,SKU-1003,Chennai DC,23
2025-07-28,SKU-1003,Chennai DC,27
2025-07-29,SKU-1003,Chennai DC,28
2025-07-30,SKU-1003,Chennai DC,25
2025-07-31,SKU-1003,Chennai DC,27
2025-08-01,SKU-1003,Chennai DC,22
2025-08-02,SKU-1003,Chennai DC,24
2025-08-03,SKU-1003,Chennai DC,22
2025-08-04,SKU-1003,Chennai DC,27
2025-08-05,SKU-1003,Chennai DC,25
2025-08-06,SKU-1003,Chennai DC,26
2025-08-07,SKU-1003,Chennai DC,22
2025-08-08,SKU-1003,Chennai DC,28
2025-08-09,SKU-1003,Chennai DC,29
2025-08-10,SKU-1003,Chennai DC,26
2025-08-11,SKU-1003,Chennai DC,28
2025-08-12,SKU-1003,Chennai DC,28
2025-08-13,SKU-1003,Chennai DC,28
2025-08-14,SKU-1003,Chennai DC,27
2025-08-15,SKU-1003,Chennai DC,27
2025-08-16,SKU-1003,Chennai DC,27
2025-08-17,SKU-1003,Chennai DC,28
2025-08-18,SKU-1003,Chennai DC,26
2025-08-19,SKU-1003,Chennai DC,22
2025-08-20,SKU-1003,Chennai DC,28
2025-08-21,SKU-1003,Chennai DC,22
2025-08-22,SKU-1003,Chennai DC,23
2025-08-23,SKU-1003,Chennai DC,23
2025-08-24,SKU-1003,Chennai DC,26
2025-08-25,SKU-1003,Chennai DC,23
2025-08-26,SKU-1003,Chennai DC,27
2025-08-27,SKU-1003,Chennai DC,24
2025-08-28,SKU-1003,Chennai DC,21
2025-08-29,SKU-1003,Chennai DC,25
2025-08-30,SKU-1003,Chennai DC,22
2025-08-31,SKU-1003,Chennai DC,28
2025-09-01,SKU-1003,Chennai DC,26
2025-09-02,SKU-1003,Chennai DC,25
2025-09-03,SKU-1003,Chennai DC,23
2025-09-04,SKU-1003,Chennai DC,24
2025-09-05,SKU-1003,Chennai DC,26
2025-09-06,SKU-1003,Chennai DC,24
2025-09-07,SKU-1003,Chennai DC,29
2025-09-08,SKU-1003,Chennai DC,23
2025-09-09,SKU-1003,Chennai DC,22
2025-09-10,SKU-1003,Chennai DC,22
2025-09-11,SKU-1003,Chennai DC,26
2025-09-12,SKU-1003,Chennai DC,21
2025-09-13,SKU-1003,Chennai DC,26
2025-09-14,SKU-1003,Chennai DC,26
2025-09-15,SKU-1003,Chennai DC,27
2025-09-16,SKU-1003,Chennai DC,24
2025-09-17,SKU-1003,Chennai DC,24
2025-09-18,SKU-1003,Chennai DC,26
2025-09-19,SKU-1003,Chennai DC,27
2025-09-20,SKU-1003,Chennai DC,22
2025-09-21,SKU-1003,Chennai DC,22
2025-09-22,SKU-1003,Chennai DC,27
2025-09-23,SKU-1003,Chennai DC,22
2025-09-24,SKU-1003,Chennai DC,28
2025-09-25,SKU-1003,Chennai DC,22
2025-09-26,SKU-1003,Chennai DC,27
2025-09-27,SKU-1003,Chennai DC,29
2025-09-28,SKU-1003,Chennai DC,28
2025-09-29,SKU-1003,Chennai DC,29
2025-09-30,SKU-1003,Chennai DC,26
2025-10-01,SKU-1003,Chennai DC,25
2025-10-02,SKU-1003,Chennai DC,29
2025-10-03,SKU-1003,Chennai DC,22
2025-10-04,SKU-1003,Chennai DC,27
2025-10-05,SKU-1003,Chennai DC,24
2025-10-06,SKU-1003,Chennai DC,24
2025-10-07,SKU-1003,Chennai DC,24
2025-10-08,SKU-1003,Chennai DC,28
2025-10-09,SKU-1003,Chennai DC,28
2025-10-10,SKU-1003,Chennai DC,23
2025-10-11,SKU-1003,Chennai DC,23
2025-10-12,SKU-1003,Chennai DC,22
2025-10-13,SKU-1003,Chennai DC,29
2025-10-14,SKU-1003,Chennai DC,22
2025-10-15,SKU-1003,Chennai DC,27
2025-10-16,SKU-1003,Chennai DC,23
2025-10-17,SKU-1003,Chennai DC,27
2025-10-18,SKU-1003,Chennai DC,27
2025-10-19,SKU-1003,Chennai DC,26
2025-10-20,SKU-1003,Chennai DC,28
2025-10-21,SKU-1003,Chennai DC,28
2025-10-22,SKU-1003,Chennai DC,21
2025-10-23,SKU-1003,Chennai DC,22
2025-10-24,SKU-1003,Chennai DC,25
2025-10-25,SKU-1003,Chennai DC,26
2025-10-26,SKU-1003,Chennai DC,22
2025-10-27,SKU-1003,Chennai DC,22
2025-10-28,SKU-1003,Chennai DC,26
2025-10-29,SKU-1003,Chennai DC,25
2025-10-30,SKU-1003,Chennai DC,27
2025-10-31,SKU-1003,Chennai DC,27
2025-11-01,SKU-1003,Chennai DC,28
2025-11-02,SKU-1003,Chennai DC,27
2025-11-03,SKU-1003,Chennai DC,22
2025-11-04,SKU-1003,Chennai DC,26
2025-11-05,SKU-1003,Chennai DC,28
2025-11-06,SKU-1003,Chennai DC,22
2025-11-07,SKU-1003,Chennai DC,23
2025-11-08,SKU-1003,Chennai DC,25
2025-11-09,SKU-1003,Chennai DC,25
2025-11-10,SKU-1003,Chennai DC,27
2025-11-11,SKU-1003,Chennai DC,25
2025-11-12,SKU-1003,Chennai DC,23
2025-11-13,SKU-1003,Chennai DC,23
2025-11-14,SKU-1003,Chennai DC,24
2025-11-15,SKU-1003,Chennai DC,27
2025-11-16,SKU-1003,Chennai DC,29
2025-11-17,SKU-1003,Chennai DC,27
2025-11-18,SKU-1003,Chennai DC,26
2025-11-19,SKU-1003,Chennai DC,28
2025-11-20,SKU-1003,Chennai DC,25
2025-11-21,SKU-1003,Chennai DC,22
2025-11-22,SKU-1003,Chennai DC,24
2025-11-23,SKU-1003,Chennai DC,27
2025-11-24,SKU-1003,Chennai DC,27
2025-11-25,SKU-1003,Chennai DC,23
2025-11-26,SKU-1003,Chennai DC,22
2025-11-27,SKU-1003,Chennai DC,28
2025-11-28,SKU-1003,Chennai DC,28
2025-11-29,SKU-1003,Chennai DC,23
2025-11-30,SKU-1003,Chennai DC,22
2025-12-01,SKU-1003,Chennai DC,23
2025-12-02,SKU-1003,Chennai DC,27
2025-12-03,SKU-1003,Chennai DC,22
2025-12-04,SKU-1003,Chennai DC,28
2025-12-05,SKU-1003,Chennai DC,23
2025-12-06,SKU-1003,Chennai DC,23
2025-12-07,SKU-1003,Chennai DC,24
2025-12-08,SKU-1003,Chennai DC,24
2025-12-09,SKU-1003,Chennai DC,25
2025-12-10,SKU-1003,Chennai DC,21
2025-12-11,SKU-1003,Chennai DC,24
2025-12-12,SKU-1003,Chennai DC,25
2025-12-13,SKU-1003,Chennai DC,28
2025-12-14,SKU-1003,Chennai DC,27
2025-12-15,SKU-1003,Chennai DC,28
2025-12-16,SKU-1003,Chennai DC,25
2025-12-17,SKU-1003,Chennai DC,26
2025-12-18,SKU-1003,Chennai DC,26
2025-12-19,SKU-1003,Chennai DC,22
2025-12-20,SKU-1003,Chennai DC,26
2025-12-21,SKU-1003,Chennai DC,25
2025-12-22,SKU-1003,Chennai DC,26
2025-12-23,SKU-1003,Chennai DC,25
2025-12-24,SKU-1003,Chennai DC,29
2025-12-25,SKU-1003,Chennai DC,24
2025-12-26,SKU-1003,Chennai DC,23
2025-12-27,SKU-1003,Chennai DC,22
2025-12-28,SKU-1003,Chennai DC,22
2025-12-29,SKU-1003,Chennai DC,26
2025-12-30,SKU-1003,Chennai DC,26
2025-12-31,SKU-1003,Chennai DC,23
2026-01-01,SKU-1003,Chennai DC,28
2026-01-02,SKU-1003,Chennai DC,23
2026-01-03,SKU-1003,Chennai DC,25
2026-01-04,SKU-1003,Chennai DC,26
2026-01-05,SKU-1003,Chennai DC,28
2026-01-06,SKU-1003,Chennai DC,27
2026-01-07,SKU-1003,Chennai DC,26
2026-01-08,SKU-1003,Chennai DC,24
2026-01-09,SKU-1003,Chennai DC,24
2026-01-10,SKU-1003,Chennai DC,24
2026-01-11,SKU-1003,Chennai DC,24
2026-01-12,SKU-1003,Chennai DC,22
2026-01-13,SKU-1003,Chennai DC,27
2026-01-14,SKU-1003,Chennai DC,27
2026-01-15,SKU-1003,Chennai DC,28
2026-01-16,SKU-1003,Chennai DC,24
2026-01-17,SKU-1003,Chennai DC,22
2026-01-18,SKU-1003,Chennai DC,28
2026-01-19,SKU-1003,Chennai DC,24
2026-01-20,SKU-1003,Chennai DC,27
2026-01-21,SKU-1003,Chennai DC,28
2026-01-22,SKU-1003,Chennai DC,27
2026-01-23,SKU-1003,Chennai DC,24
2026-01-24,SKU-1003,Chennai DC,28
2026-01-25,SKU-1003,Chennai DC,27
2026-01-26,SKU-1003,Chennai DC,24
2026-01-27,SKU-1003,Chennai DC,27
2026-01-28,SKU-1003,Chennai DC,25
2026-01-29,SKU-1003,Chennai DC,25
2026-01-30,SKU-1003,Chennai DC,23
2026-01-31,SKU-1003,Chennai DC,28
2026-02-01,SKU-1003,Chennai DC,28
2026-02-02,SKU-1003,Chennai DC,22
2026-02-03,SKU-1003,Chennai DC,26
2026-02-04,SKU-1003,Chennai DC,27
2026-02-05,SKU-1003,Chennai DC,28
2026-02-06,SKU-1003,Chennai DC,29
2026-02-07,SKU-1003,Chennai DC,28
2026-02-08,SKU-1003,Chennai DC,26
2026-02-09,SKU-1003,Chennai DC,29
2026-02-10,SKU-1003,Chennai DC,26
2026-02-11,SKU-1003,Chennai DC,22
2026-02-12,SKU-1003,Chennai DC,24
2026-02-13,SKU-1003,Chennai DC,28
2026-02-14,SKU-1003,Chennai DC,24
2026-02-15,SKU-1003,Chennai DC,22
2026-02-16,SKU-1003,Chennai DC,23
2026-02-17,SKU-1003,Chennai DC,22
2026-02-18,SKU-1003,Chennai DC,28
2026-02-19,SKU-1003,Chennai DC,27
2026-02-20,SKU-1003,Chennai DC,27
2026-02-21,SKU-1003,Chennai DC,27
2026-02-22,SKU-1003,Chennai DC,23
2026-02-23,SKU-1003,Chennai DC,26
2026-02-24,SKU-1003,Chennai DC,24
2026-02-25,SKU-1003,Chennai DC,25
2026-02-26,SKU-1003,Chennai DC,27
2026-02-27,SKU-1003,Chennai DC,24
2026-02-28,SKU-1003,Chennai DC,28
2026-03-01,SKU-1003,Chennai DC,25
2026-03-02,SKU-1003,Chennai DC,23
2026-03-03,SKU-1003,Chennai DC,23
2026-03-04,SKU-1003,Chennai DC,23
2026-03-05,SKU-1003,Chennai DC,25
2026-03-06,SKU-1003,Chennai DC,24
2026-03-07,SKU-1003,Chennai DC,27
2026-03-08,SKU-1003,Chennai DC,25
2026-03-09,SKU-1003,Chennai DC,29
2026-03-10,SKU-1003,Chennai DC,26
2026-03-11,SKU-1003,Chennai DC,24
2026-03-12,SKU-1003,Chennai DC,25
2026-03-13,SKU-1003,Chennai DC,23
2026-03-14,SKU-1003,Chennai DC,23
2026-03-15,SKU-1003,Chennai DC,23
2026-03-16,SKU-1003,Chennai DC,23
2026-03-17,SKU-1003,Chennai DC,24
2026-03-18,SKU-1003,Chennai DC,27
2026-03-19,SKU-1003,Chennai DC,28
2026-03-20,SKU-1003,Chennai DC,22
2026-03-21,SKU-1003,Chennai DC,24
2026-03-22,SKU-1003,Chennai DC,28
2026-03-23,SKU-1003,Chennai DC,27
2026-03-24,SKU-1003,Chennai DC,25
2026-03-25,SKU-1003,Chennai DC,28
2026-03-26,SKU-1003,Chennai DC,22
2026-03-27,SKU-1003,Chennai DC,27
2026-03-28,SKU-1003,Chennai DC,29
2026-03-29,SKU-1003,Chennai DC,29
2026-03-30,SKU-1003,Chennai DC,26
2026-03-31,SKU-1003,Chennai DC,26
2026-04-01,SKU-1003,Chennai DC,22
2026-04-02,SKU-1003,Chennai DC,25
2026-04-03,SKU-1003,Chennai DC,22
2026-04-04,SKU-1003,Chennai DC,23
2026-04-05,SKU-1003,Chennai DC,22
2026-04-06,SKU-1003,Chennai DC,23
2026-04-07,SKU-1003,Chennai DC,24
2026-04-08,SKU-1003,Chennai DC,21
2026-04-09,SKU-1003,Chennai DC,28
2026-04-10,SKU-1003,Chennai DC,25
2026-04-11,SKU-1003,Chennai DC,23
2026-04-12,SKU-1003,Chennai DC,22
2026-04-13,SKU-1003,Chennai DC,27
2026-04-14,SKU-1003,Chennai DC,27
2026-04-15,SKU-1003,Chennai DC,26
2026-04-16,SKU-1003,Chennai DC,27
2026-04-17,SKU-1003,Chennai DC,25
2026-04-18,SKU-1003,Chennai DC,28
2026-04-19,SKU-1003,Chennai DC,26
2026-04-20,SKU-1003,Chennai DC,24
2026-04-21,SKU-1003,Chennai DC,26
2026-04-22,SKU-1003,Chennai DC,26
2026-04-23,SKU-1003,Chennai DC,27
2026-04-24,SKU-1003,Chennai DC,24
2026-04-25,SKU-1003,Chennai DC,28
2026-04-26,SKU-1003,Chennai DC,23
2026-04-27,SKU-1003,Chennai DC,24
2026-04-28,SKU-1003,Chennai DC,28
2026-04-29,SKU-1003,Chennai DC,27
2026-04-30,SKU-1003,Chennai DC,27
2026-05-01,SKU-1003,Chennai DC,24
2026-05-02,SKU-1003,Chennai DC,25
2026-05-03,SKU-1003,Chennai DC,28
2026-05-04,SKU-1003,Chennai DC,21
2026-05-05,SKU-1003,Chennai DC,22
2026-05-06,SKU-1003,Chennai DC,24
2026-05-07,SKU-1003,Chennai DC,27
2026-05-08,SKU-1003,Chennai DC,22
2026-05-09,SKU-1003,Chennai DC,28
2026-05-10,SKU-1003,Chennai DC,27
2026-05-11,SKU-1003,Chennai DC,28
2026-05-12,SKU-1003,Chennai DC,24
2026-05-13,SKU-1003,Chennai DC,27
2026-05-14,SKU-1003,Chennai DC,25
2026-05-15,SKU-1003,Chennai DC,27
2026-05-16,SKU-1003,Chennai DC,26
2026-05-17,SKU-1003,Chennai DC,21
2026-05-18,SKU-1003,Chennai DC,25
2026-05-19,SKU-1003,Chennai DC,25
2026-05-20,SKU-1003,Chennai DC,22
2026-05-21,SKU-1003,Chennai DC,28
2026-05-22,SKU-1003,Chennai DC,27
2026-05-23,SKU-1003,Chennai DC,28
2026-05-24,SKU-1003,Chennai DC,28
2026-05-25,SKU-1003,Chennai DC,23
2026-05-26,SKU-1003,Chennai DC,22
2026-05-27,SKU-1003,Chennai DC,23
2026-05-28,SKU-1003,Chennai DC,23
2026-05-29,SKU-1003,Chennai DC,24
2026-05-30,SKU-1003,Chennai DC,28
2026-05-31,SKU-1003,Chennai DC,27
2026-06-01,SKU-1003,Chennai DC,23
2026-06-02,SKU-1003,Chennai DC,23
2026-06-03,SKU-1003,Chennai DC,24
2026-06-04,SKU-1003,Chennai DC,28
2026-06-05,SKU-1003,Chennai DC,26
2026-06-06,SKU-1003,Chennai DC,25
2026-06-07,SKU-1003,Chennai DC,27
2026-06-08,SKU-1003,Chennai DC,23
2026-06-09,SKU-1003,Chennai DC,24
2026-06-10,SKU-1003,Chennai DC,27
2026-06-11,SKU-1003,Chennai DC,23
2026-06-12,SKU-1003,Chennai DC,27
2026-06-13,SKU-1003,Chennai DC,23
2026-06-14,SKU-1003,Chennai DC,22
2026-06-15,SKU-1003,Chennai DC,22
2026-06-16,SKU-1003,Chennai DC,22
2026-06-17,SKU-1003,Chennai DC,22
2026-06-18,SKU-1003,Chennai DC,28
2026-06-19,SKU-1003,Chennai DC,22
2026-06-20,SKU-1003,Chennai DC,24
2026-06-21,SKU-1003,Chennai DC,22
2026-06-22,SKU-1003,Chennai DC,25
2026-06-23,SKU-1003,Chennai DC,28
2026-06-24,SKU-1003,Chennai DC,27
2026-06-25,SKU-1003,Chennai DC,25
2026-06-26,SKU-1003,Chennai DC,28
2026-06-27,SKU-1003,Chennai DC,24
2026-06-28,SKU-1003,Chennai DC,25
2026-06-29,SKU-1003,Chennai DC,25
2026-06-30,SKU-1003,Chennai DC,23
2026-07-01,SKU-1003,Chennai DC,28
2026-07-02,SKU-1003,Chennai DC,21
2026-07-03,SKU-1003,Chennai DC,23
2026-07-04,SKU-1003,Chennai DC,22
2026-07-05,SKU-1003,Chennai DC,27
2026-07-06,SKU-1003,Chennai DC,22
2026-07-07,SKU-1003,Chennai DC,25
2026-07-08,SKU-1003,Chennai DC,26
2026-07-09,SKU-1003,Chennai DC,23
2026-07-10,SKU-1003,Chennai DC,22
2026-07-11,SKU-1003,Chennai DC,25
2026-07-12,SKU-1003,Chennai DC,22
2026-07-13,SKU-1003,Chennai DC,28
2026-07-14,SKU-1003,Chennai DC,25
2026-07-15,SKU-1003,Chennai DC,23
2026-07-16,SKU-1003,Chennai DC,25
2026-07-17,SKU-1003,Chennai DC,26
2026-07-18,SKU-1003,Chennai DC,27
2026-07-19,SKU-1003,Chennai DC,24
2026-07-20,SKU-1003,Chennai DC,22
2026-07-21,SKU-1003,Chennai DC,24
2026-07-22,SKU-1003,Chennai DC,24
2026-07-23,SKU-1003,Chennai DC,26
2026-07-24,SKU-1003,Chennai DC,27
2026-07-25,SKU-1003,Chennai DC,24
2026-07-26,SKU-1003,Chennai DC,22
2026-07-27,SKU-1003,Chennai DC,22
2026-07-28,SKU-1003,Chennai DC,24
2026-07-29,SKU-1003,Chennai DC,25
2026-07-30,SKU-1003,Chennai DC,25
2026-07-31,SKU-1003,Chennai DC,24
2026-08-01,SKU-1003,Chennai DC,24
2026-08-02,SKU-1003,Chennai DC,25
2026-08-03,SKU-1003,Chennai DC,28
2026-08-04,SKU-1003,Chennai DC,28
2026-08-05,SKU-1003,Chennai DC,24
2026-08-06,SKU-1003,Chennai DC,28
2026-08-07,SKU-1003,Chennai DC,22
2026-08-08,SKU-1003,Chennai DC,25
2026-08-09,SKU-1003,Chennai DC,27
2026-08-10,SKU-1003,Chennai DC,23
2026-08-11,SKU-1003,Chennai DC,25
2026-08-12,SKU-1003,Chennai DC,22
2026-08-13,SKU-1003,Chennai DC,22
2026-08-14,SKU-1003,Chennai DC,26
2026-08-15,SKU-1003,Chennai DC,26
2026-08-16,SKU-1003,Chennai DC,22
2024-08-17,SKU-1003,Siliguri DC,19
2024-08-18,SKU-1003,Siliguri DC,20
2024-08-19,SKU-1003,Siliguri DC,16
2024-08-20,SKU-1003,Siliguri DC,16
2024-08-21,SKU-1003,Siliguri DC,15
2024-08-22,SKU-1003,Siliguri DC,16
2024-08-23,SKU-1003,Siliguri DC,17
2024-08-24,SKU-1003,Siliguri DC,15
2024-08-25,SKU-1003,Siliguri DC,19
2024-08-26,SKU-1003,Siliguri DC,17
2024-08-27,SKU-1003,Siliguri DC,20
2024-08-28,SKU-1003,Siliguri DC,17
2024-08-29,SKU-1003,Siliguri DC,16
2024-08-30,SKU-1003,Siliguri DC,20
2024-08-31,SKU-1003,Siliguri DC,20
2024-09-01,SKU-1003,Siliguri DC,15
2024-09-02,SKU-1003,Siliguri DC,17
2024-09-03,SKU-1003,Siliguri DC,20
2024-09-04,SKU-1003,Siliguri DC,16
2024-09-05,SKU-1003,Siliguri DC,18
2024-09-06,SKU-1003,Siliguri DC,19
2024-09-07,SKU-1003,Siliguri DC,19
2024-09-08,SKU-1003,Siliguri DC,20
2024-09-09,SKU-1003,Siliguri DC,18
2024-09-10,SKU-1003,Siliguri DC,19
2024-09-11,SKU-1003,Siliguri DC,18
2024-09-12,SKU-1003,Siliguri DC,18
2024-09-13,SKU-1003,Siliguri DC,20
2024-09-14,SKU-1003,Siliguri DC,18
2024-09-15,SKU-1003,Siliguri DC,19
2024-09-16,SKU-1003,Siliguri DC,15
2024-09-17,SKU-1003,Siliguri DC,15
2024-09-18,SKU-1003,Siliguri DC,20
2024-09-19,SKU-1003,Siliguri DC,20
2024-09-20,SKU-1003,Siliguri DC,16
2024-09-21,SKU-1003,Siliguri DC,15
2024-09-22,SKU-1003,Siliguri DC,17
2024-09-23,SKU-1003,Siliguri DC,20
2024-09-24,SKU-1003,Siliguri DC,18
2024-09-25,SKU-1003,Siliguri DC,16
2024-09-26,SKU-1003,Siliguri DC,16
2024-09-27,SKU-1003,Siliguri DC,20
2024-09-28,SKU-1003,Siliguri DC,16
2024-09-29,SKU-1003,Siliguri DC,16
2024-09-30,SKU-1003,Siliguri DC,17
2024-10-01,SKU-1003,Siliguri DC,20
2024-10-02,SKU-1003,Siliguri DC,16
2024-10-03,SKU-1003,Siliguri DC,17
2024-10-04,SKU-1003,Siliguri DC,16
2024-10-05,SKU-1003,Siliguri DC,18
2024-10-06,SKU-1003,Siliguri DC,18
2024-10-07,SKU-1003,Siliguri DC,18
2024-10-08,SKU-1003,Siliguri DC,19
2024-10-09,SKU-1003,Siliguri DC,16
2024-10-10,SKU-1003,Siliguri DC,18
2024-10-11,SKU-1003,Siliguri DC,16
2024-10-12,SKU-1003,Siliguri DC,18
2024-10-13,SKU-1003,Siliguri DC,18
2024-10-14,SKU-1003,Siliguri DC,17
2024-10-15,SKU-1003,Siliguri DC,15
2024-10-16,SKU-1003,Siliguri DC,16
2024-10-17,SKU-1003,Siliguri DC,16
2024-10-18,SKU-1003,Siliguri DC,17
2024-10-19,SKU-1003,Siliguri DC,20
2024-10-20,SKU-1003,Siliguri DC,16
2024-10-21,SKU-1003,Siliguri DC,16
2024-10-22,SKU-1003,Siliguri DC,19
2024-10-23,SKU-1003,Siliguri DC,17
2024-10-24,SKU-1003,Siliguri DC,19
2024-10-25,SKU-1003,Siliguri DC,20
2024-10-26,SKU-1003,Siliguri DC,19
2024-10-27,SKU-1003,Siliguri DC,16
2024-10-28,SKU-1003,Siliguri DC,18
2024-10-29,SKU-1003,Siliguri DC,18
2024-10-30,SKU-1003,Siliguri DC,15
2024-10-31,SKU-1003,Siliguri DC,17
2024-11-01,SKU-1003,Siliguri DC,20
2024-11-02,SKU-1003,Siliguri DC,18
2024-11-03,SKU-1003,Siliguri DC,18
2024-11-04,SKU-1003,Siliguri DC,16
2024-11-05,SKU-1003,Siliguri DC,20
2024-11-06,SKU-1003,Siliguri DC,17
2024-11-07,SKU-1003,Siliguri DC,15
2024-11-08,SKU-1003,Siliguri DC,17
2024-11-09,SKU-1003,Siliguri DC,18
2024-11-10,SKU-1003,Siliguri DC,17
2024-11-11,SKU-1003,Siliguri DC,15
2024-11-12,SKU-1003,Siliguri DC,20
2024-11-13,SKU-1003,Siliguri DC,18
2024-11-14,SKU-1003,Siliguri DC,15
2024-11-15,SKU-1003,Siliguri DC,15
2024-11-16,SKU-1003,Siliguri DC,18
2024-11-17,SKU-1003,Siliguri DC,17
2024-11-18,SKU-1003,Siliguri DC,19
2024-11-19,SKU-1003,Siliguri DC,16
2024-11-20,SKU-1003,Siliguri DC,16
2024-11-21,SKU-1003,Siliguri DC,18
2024-11-22,SKU-1003,Siliguri DC,16
2024-11-23,SKU-1003,Siliguri DC,17
2024-11-24,SKU-1003,Siliguri DC,20
2024-11-25,SKU-1003,Siliguri DC,17
2024-11-26,SKU-1003,Siliguri DC,19
2024-11-27,SKU-1003,Siliguri DC,18
2024-11-28,SKU-1003,Siliguri DC,18
2024-11-29,SKU-1003,Siliguri DC,18
2024-11-30,SKU-1003,Siliguri DC,16
2024-12-01,SKU-1003,Siliguri DC,16
2024-12-02,SKU-1003,Siliguri DC,15
2024-12-03,SKU-1003,Siliguri DC,18
2024-12-04,SKU-1003,Siliguri DC,19
2024-12-05,SKU-1003,Siliguri DC,16
2024-12-06,SKU-1003,Siliguri DC,19
2024-12-07,SKU-1003,Siliguri DC,16
2024-12-08,SKU-1003,Siliguri DC,18
2024-12-09,SKU-1003,Siliguri DC,15
2024-12-10,SKU-1003,Siliguri DC,18
2024-12-11,SKU-1003,Siliguri DC,17
2024-12-12,SKU-1003,Siliguri DC,18
2024-12-13,SKU-1003,Siliguri DC,20
2024-12-14,SKU-1003,Siliguri DC,16
2024-12-15,SKU-1003,Siliguri DC,20
2024-12-16,SKU-1003,Siliguri DC,18
2024-12-17,SKU-1003,Siliguri DC,20
2024-12-18,SKU-1003,Siliguri DC,18
2024-12-19,SKU-1003,Siliguri DC,16
2024-12-20,SKU-1003,Siliguri DC,17
2024-12-21,SKU-1003,Siliguri DC,15
2024-12-22,SKU-1003,Siliguri DC,20
2024-12-23,SKU-1003,Siliguri DC,18
2024-12-24,SKU-1003,Siliguri DC,17
2024-12-25,SKU-1003,Siliguri DC,18
2024-12-26,SKU-1003,Siliguri DC,16
2024-12-27,SKU-1003,Siliguri DC,15
2024-12-28,SKU-1003,Siliguri DC,19
2024-12-29,SKU-1003,Siliguri DC,15
2024-12-30,SKU-1003,Siliguri DC,17
2024-12-31,SKU-1003,Siliguri DC,20
2025-01-01,SKU-1003,Siliguri DC,16
2025-01-02,SKU-1003,Siliguri DC,17
2025-01-03,SKU-1003,Siliguri DC,18
2025-01-04,SKU-1003,Siliguri DC,17
2025-01-05,SKU-1003,Siliguri DC,19
2025-01-06,SKU-1003,Siliguri DC,20
2025-01-07,SKU-1003,Siliguri DC,19
2025-01-08,SKU-1003,Siliguri DC,18
2025-01-09,SKU-1003,Siliguri DC,19
2025-01-10,SKU-1003,Siliguri DC,18
2025-01-11,SKU-1003,Siliguri DC,16
2025-01-12,SKU-1003,Siliguri DC,16
2025-01-13,SKU-1003,Siliguri DC,19
2025-01-14,SKU-1003,Siliguri DC,17
2025-01-15,SKU-1003,Siliguri DC,18
2025-01-16,SKU-1003,Siliguri DC,16
2025-01-17,SKU-1003,Siliguri DC,16
2025-01-18,SKU-1003,Siliguri DC,17
2025-01-19,SKU-1003,Siliguri DC,18
2025-01-20,SKU-1003,Siliguri DC,17
2025-01-21,SKU-1003,Siliguri DC,19
2025-01-22,SKU-1003,Siliguri DC,16
2025-01-23,SKU-1003,Siliguri DC,17
2025-01-24,SKU-1003,Siliguri DC,19
2025-01-25,SKU-1003,Siliguri DC,18
2025-01-26,SKU-1003,Siliguri DC,18
2025-01-27,SKU-1003,Siliguri DC,15
2025-01-28,SKU-1003,Siliguri DC,19
2025-01-29,SKU-1003,Siliguri DC,18
2025-01-30,SKU-1003,Siliguri DC,19
2025-01-31,SKU-1003,Siliguri DC,17
2025-02-01,SKU-1003,Siliguri DC,19
2025-02-02,SKU-1003,Siliguri DC,17
2025-02-03,SKU-1003,Siliguri DC,16
2025-02-04,SKU-1003,Siliguri DC,19
2025-02-05,SKU-1003,Siliguri DC,16
2025-02-06,SKU-1003,Siliguri DC,16
2025-02-07,SKU-1003,Siliguri DC,16
2025-02-08,SKU-1003,Siliguri DC,15
2025-02-09,SKU-1003,Siliguri DC,18
2025-02-10,SKU-1003,Siliguri DC,19
2025-02-11,SKU-1003,Siliguri DC,15
2025-02-12,SKU-1003,Siliguri DC,19
2025-02-13,SKU-1003,Siliguri DC,16
2025-02-14,SKU-1003,Siliguri DC,20
2025-02-15,SKU-1003,Siliguri DC,18
2025-02-16,SKU-1003,Siliguri DC,17
2025-02-17,SKU-1003,Siliguri DC,20
2025-02-18,SKU-1003,Siliguri DC,18
2025-02-19,SKU-1003,Siliguri DC,18
2025-02-20,SKU-1003,Siliguri DC,15
2025-02-21,SKU-1003,Siliguri DC,17
2025-02-22,SKU-1003,Siliguri DC,17
2025-02-23,SKU-1003,Siliguri DC,18
2025-02-24,SKU-1003,Siliguri DC,17
2025-02-25,SKU-1003,Siliguri DC,16
2025-02-26,SKU-1003,Siliguri DC,20
2025-02-27,SKU-1003,Siliguri DC,20
2025-02-28,SKU-1003,Siliguri DC,18
2025-03-01,SKU-1003,Siliguri DC,19
2025-03-02,SKU-1003,Siliguri DC,18
2025-03-03,SKU-1003,Siliguri DC,16
2025-03-04,SKU-1003,Siliguri DC,20
2025-03-05,SKU-1003,Siliguri DC,18
2025-03-06,SKU-1003,Siliguri DC,19
2025-03-07,SKU-1003,Siliguri DC,18
2025-03-08,SKU-1003,Siliguri DC,17
2025-03-09,SKU-1003,Siliguri DC,18
2025-03-10,SKU-1003,Siliguri DC,16
2025-03-11,SKU-1003,Siliguri DC,16
2025-03-12,SKU-1003,Siliguri DC,16
2025-03-13,SKU-1003,Siliguri DC,15
2025-03-14,SKU-1003,Siliguri DC,16
2025-03-15,SKU-1003,Siliguri DC,17
2025-03-16,SKU-1003,Siliguri DC,15
2025-03-17,SKU-1003,Siliguri DC,17
2025-03-18,SKU-1003,Siliguri DC,16
2025-03-19,SKU-1003,Siliguri DC,18
2025-03-20,SKU-1003,Siliguri DC,19
2025-03-21,SKU-1003,Siliguri DC,20
2025-03-22,SKU-1003,Siliguri DC,18
2025-03-23,SKU-1003,Siliguri DC,17
2025-03-24,SKU-1003,Siliguri DC,20
2025-03-25,SKU-1003,Siliguri DC,20
2025-03-26,SKU-1003,Siliguri DC,15
2025-03-27,SKU-1003,Siliguri DC,16
2025-03-28,SKU-1003,Siliguri DC,18
2025-03-29,SKU-1003,Siliguri DC,17
2025-03-30,SKU-1003,Siliguri DC,17
2025-03-31,SKU-1003,Siliguri DC,15
2025-04-01,SKU-1003,Siliguri DC,18
2025-04-02,SKU-1003,Siliguri DC,17
2025-04-03,SKU-1003,Siliguri DC,19
2025-04-04,SKU-1003,Siliguri DC,16
2025-04-05,SKU-1003,Siliguri DC,19
2025-04-06,SKU-1003,Siliguri DC,15
2025-04-07,SKU-1003,Siliguri DC,19
2025-04-08,SKU-1003,Siliguri DC,15
2025-04-09,SKU-1003,Siliguri DC,16
2025-04-10,SKU-1003,Siliguri DC,20
2025-04-11,SKU-1003,Siliguri DC,19
2025-04-12,SKU-1003,Siliguri DC,20
2025-04-13,SKU-1003,Siliguri DC,16
2025-04-14,SKU-1003,Siliguri DC,17
2025-04-15,SKU-1003,Siliguri DC,17
2025-04-16,SKU-1003,Siliguri DC,18
2025-04-17,SKU-1003,Siliguri DC,19
2025-04-18,SKU-1003,Siliguri DC,15
2025-04-19,SKU-1003,Siliguri DC,18
2025-04-20,SKU-1003,Siliguri DC,20
2025-04-21,SKU-1003,Siliguri DC,17
2025-04-22,SKU-1003,Siliguri DC,17
2025-04-23,SKU-1003,Siliguri DC,18
2025-04-24,SKU-1003,Siliguri DC,19
2025-04-25,SKU-1003,Siliguri DC,18
2025-04-26,SKU-1003,Siliguri DC,20
2025-04-27,SKU-1003,Siliguri DC,18
2025-04-28,SKU-1003,Siliguri DC,17
2025-04-29,SKU-1003,Siliguri DC,16
2025-04-30,SKU-1003,Siliguri DC,19
2025-05-01,SKU-1003,Siliguri DC,17
2025-05-02,SKU-1003,Siliguri DC,15
2025-05-03,SKU-1003,Siliguri DC,15
2025-05-04,SKU-1003,Siliguri DC,16
2025-05-05,SKU-1003,Siliguri DC,15
2025-05-06,SKU-1003,Siliguri DC,18
2025-05-07,SKU-1003,Siliguri DC,18
2025-05-08,SKU-1003,Siliguri DC,19
2025-05-09,SKU-1003,Siliguri DC,18
2025-05-10,SKU-1003,Siliguri DC,15
2025-05-11,SKU-1003,Siliguri DC,18
2025-05-12,SKU-1003,Siliguri DC,16
2025-05-13,SKU-1003,Siliguri DC,20
2025-05-14,SKU-1003,Siliguri DC,19
2025-05-15,SKU-1003,Siliguri DC,20
2025-05-16,SKU-1003,Siliguri DC,16
2025-05-17,SKU-1003,Siliguri DC,17
2025-05-18,SKU-1003,Siliguri DC,17
2025-05-19,SKU-1003,Siliguri DC,18
2025-05-20,SKU-1003,Siliguri DC,19
2025-05-21,SKU-1003,Siliguri DC,20
2025-05-22,SKU-1003,Siliguri DC,19
2025-05-23,SKU-1003,Siliguri DC,16
2025-05-24,SKU-1003,Siliguri DC,18
2025-05-25,SKU-1003,Siliguri DC,19
2025-05-26,SKU-1003,Siliguri DC,16
2025-05-27,SKU-1003,Siliguri DC,18
2025-05-28,SKU-1003,Siliguri DC,20
2025-05-29,SKU-1003,Siliguri DC,15
2025-05-30,SKU-1003,Siliguri DC,15
2025-05-31,SKU-1003,Siliguri DC,20
2025-06-01,SKU-1003,Siliguri DC,19
2025-06-02,SKU-1003,Siliguri DC,17
2025-06-03,SKU-1003,Siliguri DC,19
2025-06-04,SKU-1003,Siliguri DC,17
2025-06-05,SKU-1003,Siliguri DC,20
2025-06-06,SKU-1003,Siliguri DC,19
2025-06-07,SKU-1003,Siliguri DC,19
2025-06-08,SKU-1003,Siliguri DC,20
2025-06-09,SKU-1003,Siliguri DC,20
2025-06-10,SKU-1003,Siliguri DC,16
2025-06-11,SKU-1003,Siliguri DC,16
2025-06-12,SKU-1003,Siliguri DC,17
2025-06-13,SKU-1003,Siliguri DC,18
2025-06-14,SKU-1003,Siliguri DC,19
2025-06-15,SKU-1003,Siliguri DC,18
2025-06-16,SKU-1003,Siliguri DC,16
2025-06-17,SKU-1003,Siliguri DC,19
2025-06-18,SKU-1003,Siliguri DC,20
2025-06-19,SKU-1003,Siliguri DC,16
2025-06-20,SKU-1003,Siliguri DC,17
2025-06-21,SKU-1003,Siliguri DC,15
2025-06-22,SKU-1003,Siliguri DC,15
2025-06-23,SKU-1003,Siliguri DC,20
2025-06-24,SKU-1003,Siliguri DC,19
2025-06-25,SKU-1003,Siliguri DC,19
2025-06-26,SKU-1003,Siliguri DC,15
2025-06-27,SKU-1003,Siliguri DC,20
2025-06-28,SKU-1003,Siliguri DC,17
2025-06-29,SKU-1003,Siliguri DC,18
2025-06-30,SKU-1003,Siliguri DC,18
2025-07-01,SKU-1003,Siliguri DC,18
2025-07-02,SKU-1003,Siliguri DC,18
2025-07-03,SKU-1003,Siliguri DC,19
2025-07-04,SKU-1003,Siliguri DC,16
2025-07-05,SKU-1003,Siliguri DC,17
2025-07-06,SKU-1003,Siliguri DC,16
2025-07-07,SKU-1003,Siliguri DC,16
2025-07-08,SKU-1003,Siliguri DC,18
2025-07-09,SKU-1003,Siliguri DC,20
2025-07-10,SKU-1003,Siliguri DC,18
2025-07-11,SKU-1003,Siliguri DC,17
2025-07-12,SKU-1003,Siliguri DC,15
2025-07-13,SKU-1003,Siliguri DC,16
2025-07-14,SKU-1003,Siliguri DC,15
2025-07-15,SKU-1003,Siliguri DC,18
2025-07-16,SKU-1003,Siliguri DC,15
2025-07-17,SKU-1003,Siliguri DC,19
2025-07-18,SKU-1003,Siliguri DC,15
2025-07-19,SKU-1003,Siliguri DC,19
2025-07-20,SKU-1003,Siliguri DC,18
2025-07-21,SKU-1003,Siliguri DC,20
2025-07-22,SKU-1003,Siliguri DC,15
2025-07-23,SKU-1003,Siliguri DC,17
2025-07-24,SKU-1003,Siliguri DC,15
2025-07-25,SKU-1003,Siliguri DC,17
2025-07-26,SKU-1003,Siliguri DC,17
2025-07-27,SKU-1003,Siliguri DC,16
2025-07-28,SKU-1003,Siliguri DC,15
2025-07-29,SKU-1003,Siliguri DC,17
2025-07-30,SKU-1003,Siliguri DC,18
2025-07-31,SKU-1003,Siliguri DC,20
2025-08-01,SKU-1003,Siliguri DC,18
2025-08-02,SKU-1003,Siliguri DC,17
2025-08-03,SKU-1003,Siliguri DC,15
2025-08-04,SKU-1003,Siliguri DC,17
2025-08-05,SKU-1003,Siliguri DC,17
2025-08-06,SKU-1003,Siliguri DC,17
2025-08-07,SKU-1003,Siliguri DC,19
2025-08-08,SKU-1003,Siliguri DC,18
2025-08-09,SKU-1003,Siliguri DC,15
2025-08-10,SKU-1003,Siliguri DC,18
2025-08-11,SKU-1003,Siliguri DC,19
2025-08-12,SKU-1003,Siliguri DC,17
2025-08-13,SKU-1003,Siliguri DC,15
2025-08-14,SKU-1003,Siliguri DC,16
2025-08-15,SKU-1003,Siliguri DC,15
2025-08-16,SKU-1003,Siliguri DC,18
2025-08-17,SKU-1003,Siliguri DC,18
2025-08-18,SKU-1003,Siliguri DC,19
2025-08-19,SKU-1003,Siliguri DC,15
2025-08-20,SKU-1003,Siliguri DC,15
2025-08-21,SKU-1003,Siliguri DC,16
2025-08-22,SKU-1003,Siliguri DC,18
2025-08-23,SKU-1003,Siliguri DC,19
2025-08-24,SKU-1003,Siliguri DC,18
2025-08-25,SKU-1003,Siliguri DC,18
2025-08-26,SKU-1003,Siliguri DC,19
2025-08-27,SKU-1003,Siliguri DC,19
2025-08-28,SKU-1003,Siliguri DC,17
2025-08-29,SKU-1003,Siliguri DC,20
2025-08-30,SKU-1003,Siliguri DC,19
2025-08-31,SKU-1003,Siliguri DC,19
2025-09-01,SKU-1003,Siliguri DC,15
2025-09-02,SKU-1003,Siliguri DC,20
2025-09-03,SKU-1003,Siliguri DC,17
2025-09-04,SKU-1003,Siliguri DC,20
2025-09-05,SKU-1003,Siliguri DC,17
2025-09-06,SKU-1003,Siliguri DC,18
2025-09-07,SKU-1003,Siliguri DC,15
2025-09-08,SKU-1003,Siliguri DC,15
2025-09-09,SKU-1003,Siliguri DC,15
2025-09-10,SKU-1003,Siliguri DC,19
2025-09-11,SKU-1003,Siliguri DC,16
2025-09-12,SKU-1003,Siliguri DC,15
2025-09-13,SKU-1003,Siliguri DC,19
2025-09-14,SKU-1003,Siliguri DC,20
2025-09-15,SKU-1003,Siliguri DC,16
2025-09-16,SKU-1003,Siliguri DC,20
2025-09-17,SKU-1003,Siliguri DC,18
2025-09-18,SKU-1003,Siliguri DC,16
2025-09-19,SKU-1003,Siliguri DC,19
2025-09-20,SKU-1003,Siliguri DC,18
2025-09-21,SKU-1003,Siliguri DC,18
2025-09-22,SKU-1003,Siliguri DC,17
2025-09-23,SKU-1003,Siliguri DC,19
2025-09-24,SKU-1003,Siliguri DC,17
2025-09-25,SKU-1003,Siliguri DC,16
2025-09-26,SKU-1003,Siliguri DC,16
2025-09-27,SKU-1003,Siliguri DC,19
2025-09-28,SKU-1003,Siliguri DC,19
2025-09-29,SKU-1003,Siliguri DC,19
2025-09-30,SKU-1003,Siliguri DC,20
2025-10-01,SKU-1003,Siliguri DC,19
2025-10-02,SKU-1003,Siliguri DC,19
2025-10-03,SKU-1003,Siliguri DC,16
2025-10-04,SKU-1003,Siliguri DC,16
2025-10-05,SKU-1003,Siliguri DC,20
2025-10-06,SKU-1003,Siliguri DC,16
2025-10-07,SKU-1003,Siliguri DC,18
2025-10-08,SKU-1003,Siliguri DC,19
2025-10-09,SKU-1003,Siliguri DC,15
2025-10-10,SKU-1003,Siliguri DC,17
2025-10-11,SKU-1003,Siliguri DC,17
2025-10-12,SKU-1003,Siliguri DC,18
2025-10-13,SKU-1003,Siliguri DC,16
2025-10-14,SKU-1003,Siliguri DC,20
2025-10-15,SKU-1003,Siliguri DC,19
2025-10-16,SKU-1003,Siliguri DC,18
2025-10-17,SKU-1003,Siliguri DC,19
2025-10-18,SKU-1003,Siliguri DC,17
2025-10-19,SKU-1003,Siliguri DC,19
2025-10-20,SKU-1003,Siliguri DC,15
2025-10-21,SKU-1003,Siliguri DC,15
2025-10-22,SKU-1003,Siliguri DC,19
2025-10-23,SKU-1003,Siliguri DC,19
2025-10-24,SKU-1003,Siliguri DC,16
2025-10-25,SKU-1003,Siliguri DC,16
2025-10-26,SKU-1003,Siliguri DC,19
2025-10-27,SKU-1003,Siliguri DC,17
2025-10-28,SKU-1003,Siliguri DC,15
2025-10-29,SKU-1003,Siliguri DC,15
2025-10-30,SKU-1003,Siliguri DC,17
2025-10-31,SKU-1003,Siliguri DC,16
2025-11-01,SKU-1003,Siliguri DC,18
2025-11-02,SKU-1003,Siliguri DC,19
2025-11-03,SKU-1003,Siliguri DC,20
2025-11-04,SKU-1003,Siliguri DC,15
2025-11-05,SKU-1003,Siliguri DC,19
2025-11-06,SKU-1003,Siliguri DC,17
2025-11-07,SKU-1003,Siliguri DC,17
2025-11-08,SKU-1003,Siliguri DC,17
2025-11-09,SKU-1003,Siliguri DC,19
2025-11-10,SKU-1003,Siliguri DC,17
2025-11-11,SKU-1003,Siliguri DC,15
2025-11-12,SKU-1003,Siliguri DC,19
2025-11-13,SKU-1003,Siliguri DC,17
2025-11-14,SKU-1003,Siliguri DC,19
2025-11-15,SKU-1003,Siliguri DC,16
2025-11-16,SKU-1003,Siliguri DC,19
2025-11-17,SKU-1003,Siliguri DC,17
2025-11-18,SKU-1003,Siliguri DC,20
2025-11-19,SKU-1003,Siliguri DC,19
2025-11-20,SKU-1003,Siliguri DC,17
2025-11-21,SKU-1003,Siliguri DC,19
2025-11-22,SKU-1003,Siliguri DC,16
2025-11-23,SKU-1003,Siliguri DC,17
2025-11-24,SKU-1003,Siliguri DC,18
2025-11-25,SKU-1003,Siliguri DC,19
2025-11-26,SKU-1003,Siliguri DC,18
2025-11-27,SKU-1003,Siliguri DC,19
2025-11-28,SKU-1003,Siliguri DC,17
2025-11-29,SKU-1003,Siliguri DC,17
2025-11-30,SKU-1003,Siliguri DC,16
2025-12-01,SKU-1003,Siliguri DC,18
2025-12-02,SKU-1003,Siliguri DC,17
2025-12-03,SKU-1003,Siliguri DC,18
2025-12-04,SKU-1003,Siliguri DC,18
2025-12-05,SKU-1003,Siliguri DC,16
2025-12-06,SKU-1003,Siliguri DC,16
2025-12-07,SKU-1003,Siliguri DC,17
2025-12-08,SKU-1003,Siliguri DC,19
2025-12-09,SKU-1003,Siliguri DC,19
2025-12-10,SKU-1003,Siliguri DC,17
2025-12-11,SKU-1003,Siliguri DC,17
2025-12-12,SKU-1003,Siliguri DC,16
2025-12-13,SKU-1003,Siliguri DC,15
2025-12-14,SKU-1003,Siliguri DC,18
2025-12-15,SKU-1003,Siliguri DC,17
2025-12-16,SKU-1003,Siliguri DC,16
2025-12-17,SKU-1003,Siliguri DC,16
2025-12-18,SKU-1003,Siliguri DC,15
2025-12-19,SKU-1003,Siliguri DC,18
2025-12-20,SKU-1003,Siliguri DC,17
2025-12-21,SKU-1003,Siliguri DC,20
2025-12-22,SKU-1003,Siliguri DC,20
2025-12-23,SKU-1003,Siliguri DC,20
2025-12-24,SKU-1003,Siliguri DC,18
2025-12-25,SKU-1003,Siliguri DC,17
2025-12-26,SKU-1003,Siliguri DC,19
2025-12-27,SKU-1003,Siliguri DC,19
2025-12-28,SKU-1003,Siliguri DC,17
2025-12-29,SKU-1003,Siliguri DC,17
2025-12-30,SKU-1003,Siliguri DC,15
2025-12-31,SKU-1003,Siliguri DC,17
2026-01-01,SKU-1003,Siliguri DC,17
2026-01-02,SKU-1003,Siliguri DC,16
2026-01-03,SKU-1003,Siliguri DC,16
2026-01-04,SKU-1003,Siliguri DC,18
2026-01-05,SKU-1003,Siliguri DC,18
2026-01-06,SKU-1003,Siliguri DC,19
2026-01-07,SKU-1003,Siliguri DC,16
2026-01-08,SKU-1003,Siliguri DC,19
2026-01-09,SKU-1003,Siliguri DC,15
2026-01-10,SKU-1003,Siliguri DC,15
2026-01-11,SKU-1003,Siliguri DC,18
2026-01-12,SKU-1003,Siliguri DC,16
2026-01-13,SKU-1003,Siliguri DC,20
2026-01-14,SKU-1003,Siliguri DC,19
2026-01-15,SKU-1003,Siliguri DC,16
2026-01-16,SKU-1003,Siliguri DC,18
2026-01-17,SKU-1003,Siliguri DC,17
2026-01-18,SKU-1003,Siliguri DC,16
2026-01-19,SKU-1003,Siliguri DC,17
2026-01-20,SKU-1003,Siliguri DC,19
2026-01-21,SKU-1003,Siliguri DC,19
2026-01-22,SKU-1003,Siliguri DC,20
2026-01-23,SKU-1003,Siliguri DC,20
2026-01-24,SKU-1003,Siliguri DC,16
2026-01-25,SKU-1003,Siliguri DC,16
2026-01-26,SKU-1003,Siliguri DC,19
2026-01-27,SKU-1003,Siliguri DC,16
2026-01-28,SKU-1003,Siliguri DC,17
2026-01-29,SKU-1003,Siliguri DC,20
2026-01-30,SKU-1003,Siliguri DC,16
2026-01-31,SKU-1003,Siliguri DC,16
2026-02-01,SKU-1003,Siliguri DC,18
2026-02-02,SKU-1003,Siliguri DC,16
2026-02-03,SKU-1003,Siliguri DC,18
2026-02-04,SKU-1003,Siliguri DC,18
2026-02-05,SKU-1003,Siliguri DC,15
2026-02-06,SKU-1003,Siliguri DC,19
2026-02-07,SKU-1003,Siliguri DC,18
2026-02-08,SKU-1003,Siliguri DC,20
2026-02-09,SKU-1003,Siliguri DC,18
2026-02-10,SKU-1003,Siliguri DC,18
2026-02-11,SKU-1003,Siliguri DC,17
2026-02-12,SKU-1003,Siliguri DC,16
2026-02-13,SKU-1003,Siliguri DC,20
2026-02-14,SKU-1003,Siliguri DC,18
2026-02-15,SKU-1003,Siliguri DC,19
2026-02-16,SKU-1003,Siliguri DC,18
2026-02-17,SKU-1003,Siliguri DC,19
2026-02-18,SKU-1003,Siliguri DC,19
2026-02-19,SKU-1003,Siliguri DC,15
2026-02-20,SKU-1003,Siliguri DC,15
2026-02-21,SKU-1003,Siliguri DC,15
2026-02-22,SKU-1003,Siliguri DC,19
2026-02-23,SKU-1003,Siliguri DC,15
2026-02-24,SKU-1003,Siliguri DC,19
2026-02-25,SKU-1003,Siliguri DC,19
2026-02-26,SKU-1003,Siliguri DC,17
2026-02-27,SKU-1003,Siliguri DC,15
2026-02-28,SKU-1003,Siliguri DC,16
2026-03-01,SKU-1003,Siliguri DC,20
2026-03-02,SKU-1003,Siliguri DC,16
2026-03-03,SKU-1003,Siliguri DC,18
2026-03-04,SKU-1003,Siliguri DC,19
2026-03-05,SKU-1003,Siliguri DC,20
2026-03-06,SKU-1003,Siliguri DC,17
2026-03-07,SKU-1003,Siliguri DC,18
2026-03-08,SKU-1003,Siliguri DC,16
2026-03-09,SKU-1003,Siliguri DC,19
2026-03-10,SKU-1003,Siliguri DC,15
2026-03-11,SKU-1003,Siliguri DC,17
2026-03-12,SKU-1003,Siliguri DC,19
2026-03-13,SKU-1003,Siliguri DC,18
2026-03-14,SKU-1003,Siliguri DC,17
2026-03-15,SKU-1003,Siliguri DC,16
2026-03-16,SKU-1003,Siliguri DC,17
2026-03-17,SKU-1003,Siliguri DC,15
2026-03-18,SKU-1003,Siliguri DC,16
2026-03-19,SKU-1003,Siliguri DC,15
2026-03-20,SKU-1003,Siliguri DC,19
2026-03-21,SKU-1003,Siliguri DC,19
2026-03-22,SKU-1003,Siliguri DC,19
2026-03-23,SKU-1003,Siliguri DC,18
2026-03-24,SKU-1003,Siliguri DC,16
2026-03-25,SKU-1003,Siliguri DC,15
2026-03-26,SKU-1003,Siliguri DC,18
2026-03-27,SKU-1003,Siliguri DC,16
2026-03-28,SKU-1003,Siliguri DC,19
2026-03-29,SKU-1003,Siliguri DC,16
2026-03-30,SKU-1003,Siliguri DC,16
2026-03-31,SKU-1003,Siliguri DC,17
2026-04-01,SKU-1003,Siliguri DC,19
2026-04-02,SKU-1003,Siliguri DC,17
2026-04-03,SKU-1003,Siliguri DC,15
2026-04-04,SKU-1003,Siliguri DC,16
2026-04-05,SKU-1003,Siliguri DC,20
2026-04-06,SKU-1003,Siliguri DC,17
2026-04-07,SKU-1003,Siliguri DC,17
2026-04-08,SKU-1003,Siliguri DC,19
2026-04-09,SKU-1003,Siliguri DC,20
2026-04-10,SKU-1003,Siliguri DC,16
2026-04-11,SKU-1003,Siliguri DC,15
2026-04-12,SKU-1003,Siliguri DC,19
2026-04-13,SKU-1003,Siliguri DC,17
2026-04-14,SKU-1003,Siliguri DC,15
2026-04-15,SKU-1003,Siliguri DC,19
2026-04-16,SKU-1003,Siliguri DC,15
2026-04-17,SKU-1003,Siliguri DC,16
2026-04-18,SKU-1003,Siliguri DC,18
2026-04-19,SKU-1003,Siliguri DC,16
2026-04-20,SKU-1003,Siliguri DC,18
2026-04-21,SKU-1003,Siliguri DC,18
2026-04-22,SKU-1003,Siliguri DC,16
2026-04-23,SKU-1003,Siliguri DC,15
2026-04-24,SKU-1003,Siliguri DC,19
2026-04-25,SKU-1003,Siliguri DC,20
2026-04-26,SKU-1003,Siliguri DC,17
2026-04-27,SKU-1003,Siliguri DC,18
2026-04-28,SKU-1003,Siliguri DC,18
2026-04-29,SKU-1003,Siliguri DC,15
2026-04-30,SKU-1003,Siliguri DC,19
2026-05-01,SKU-1003,Siliguri DC,16
2026-05-02,SKU-1003,Siliguri DC,19
2026-05-03,SKU-1003,Siliguri DC,18
2026-05-04,SKU-1003,Siliguri DC,17
2026-05-05,SKU-1003,Siliguri DC,19
2026-05-06,SKU-1003,Siliguri DC,18
2026-05-07,SKU-1003,Siliguri DC,19
2026-05-08,SKU-1003,Siliguri DC,18
2026-05-09,SKU-1003,Siliguri DC,18
2026-05-10,SKU-1003,Siliguri DC,19
2026-05-11,SKU-1003,Siliguri DC,15
2026-05-12,SKU-1003,Siliguri DC,16
2026-05-13,SKU-1003,Siliguri DC,20
2026-05-14,SKU-1003,Siliguri DC,17
2026-05-15,SKU-1003,Siliguri DC,18
2026-05-16,SKU-1003,Siliguri DC,19
2026-05-17,SKU-1003,Siliguri DC,17
2026-05-18,SKU-1003,Siliguri DC,16
2026-05-19,SKU-1003,Siliguri DC,15
2026-05-20,SKU-1003,Siliguri DC,16
2026-05-21,SKU-1003,Siliguri DC,17
2026-05-22,SKU-1003,Siliguri DC,16
2026-05-23,SKU-1003,Siliguri DC,17
2026-05-24,SKU-1003,Siliguri DC,17
2026-05-25,SKU-1003,Siliguri DC,18
2026-05-26,SKU-1003,Siliguri DC,20
2026-05-27,SKU-1003,Siliguri DC,16
2026-05-28,SKU-1003,Siliguri DC,18
2026-05-29,SKU-1003,Siliguri DC,18
2026-05-30,SKU-1003,Siliguri DC,18
2026-05-31,SKU-1003,Siliguri DC,20
2026-06-01,SKU-1003,Siliguri DC,16
2026-06-02,SKU-1003,Siliguri DC,18
2026-06-03,SKU-1003,Siliguri DC,20
2026-06-04,SKU-1003,Siliguri DC,19
2026-06-05,SKU-1003,Siliguri DC,16
2026-06-06,SKU-1003,Siliguri DC,19
2026-06-07,SKU-1003,Siliguri DC,19
2026-06-08,SKU-1003,Siliguri DC,15
2026-06-09,SKU-1003,Siliguri DC,16
2026-06-10,SKU-1003,Siliguri DC,19
2026-06-11,SKU-1003,Siliguri DC,20
2026-06-12,SKU-1003,Siliguri DC,18
2026-06-13,SKU-1003,Siliguri DC,17
2026-06-14,SKU-1003,Siliguri DC,16
2026-06-15,SKU-1003,Siliguri DC,18
2026-06-16,SKU-1003,Siliguri DC,20
2026-06-17,SKU-1003,Siliguri DC,15
2026-06-18,SKU-1003,Siliguri DC,19
2026-06-19,SKU-1003,Siliguri DC,17
2026-06-20,SKU-1003,Siliguri DC,19
2026-06-21,SKU-1003,Siliguri DC,16
2026-06-22,SKU-1003,Siliguri DC,17
2026-06-23,SKU-1003,Siliguri DC,15
2026-06-24,SKU-1003,Siliguri DC,18
2026-06-25,SKU-1003,Siliguri DC,19
2026-06-26,SKU-1003,Siliguri DC,15
2026-06-27,SKU-1003,Siliguri DC,17
2026-06-28,SKU-1003,Siliguri DC,19
2026-06-29,SKU-1003,Siliguri DC,15
2026-06-30,SKU-1003,Siliguri DC,15
2026-07-01,SKU-1003,Siliguri DC,17
2026-07-02,SKU-1003,Siliguri DC,20
2026-07-03,SKU-1003,Siliguri DC,19
2026-07-04,SKU-1003,Siliguri DC,17
2026-07-05,SKU-1003,Siliguri DC,16
2026-07-06,SKU-1003,Siliguri DC,16
2026-07-07,SKU-1003,Siliguri DC,18
2026-07-08,SKU-1003,Siliguri DC,15
2026-07-09,SKU-1003,Siliguri DC,17
2026-07-10,SKU-1003,Siliguri DC,16
2026-07-11,SKU-1003,Siliguri DC,18
2026-07-12,SKU-1003,Siliguri DC,19
2026-07-13,SKU-1003,Siliguri DC,17
2026-07-14,SKU-1003,Siliguri DC,16
2026-07-15,SKU-1003,Siliguri DC,20
2026-07-16,SKU-1003,Siliguri DC,17
2026-07-17,SKU-1003,Siliguri DC,20
2026-07-18,SKU-1003,Siliguri DC,16
2026-07-19,SKU-1003,Siliguri DC,19
2026-07-20,SKU-1003,Siliguri DC,17
2026-07-21,SKU-1003,Siliguri DC,19
2026-07-22,SKU-1003,Siliguri DC,17
2026-07-23,SKU-1003,Siliguri DC,20
2026-07-24,SKU-1003,Siliguri DC,17
2026-07-25,SKU-1003,Siliguri DC,20
2026-07-26,SKU-1003,Siliguri DC,15
2026-07-27,SKU-1003,Siliguri DC,15
2026-07-28,SKU-1003,Siliguri DC,16
2026-07-29,SKU-1003,Siliguri DC,19
2026-07-30,SKU-1003,Siliguri DC,19
2026-07-31,SKU-1003,Siliguri DC,19
2026-08-01,SKU-1003,Siliguri DC,19
2026-08-02,SKU-1003,Siliguri DC,20
2026-08-03,SKU-1003,Siliguri DC,16
2026-08-04,SKU-1003,Siliguri DC,15
2026-08-05,SKU-1003,Siliguri DC,17
2026-08-06,SKU-1003,Siliguri DC,19
2026-08-07,SKU-1003,Siliguri DC,20
2026-08-08,SKU-1003,Siliguri DC,15
2026-08-09,SKU-1003,Siliguri DC,15
2026-08-10,SKU-1003,Siliguri DC,20
2026-08-11,SKU-1003,Siliguri DC,16
2026-08-12,SKU-1003,Siliguri DC,17
2026-08-13,SKU-1003,Siliguri DC,19
2026-08-14,SKU-1003,Siliguri DC,18
2026-08-15,SKU-1003,Siliguri DC,20
2026-08-16,SKU-1003,Siliguri DC,18
2024-08-17,SKU-1007,Pune DC,33
2024-08-18,SKU-1007,Pune DC,32
2024-08-19,SKU-1007,Pune DC,32
2024-08-20,SKU-1007,Pune DC,38
2024-08-21,SKU-1007,Pune DC,34
2024-08-22,SKU-1007,Pune DC,33
2024-08-23,SKU-1007,Pune DC,40
2024-08-24,SKU-1007,Pune DC,32
2024-08-25,SKU-1007,Pune DC,34
2024-08-26,SKU-1007,Pune DC,39
2024-08-27,SKU-1007,Pune DC,36
2024-08-28,SKU-1007,Pune DC,32
2024-08-29,SKU-1007,Pune DC,31
2024-08-30,SKU-1007,Pune DC,31
2024-08-31,SKU-1007,Pune DC,39
2024-09-01,SKU-1007,Pune DC,41
2024-09-02,SKU-1007,Pune DC,37
2024-09-03,SKU-1007,Pune DC,37
2024-09-04,SKU-1007,Pune DC,35
2024-09-05,SKU-1007,Pune DC,40
2024-09-06,SKU-1007,Pune DC,31
2024-09-07,SKU-1007,Pune DC,32
2024-09-08,SKU-1007,Pune DC,34
2024-09-09,SKU-1007,Pune DC,36
2024-09-10,SKU-1007,Pune DC,35
2024-09-11,SKU-1007,Pune DC,35
2024-09-12,SKU-1007,Pune DC,36
2024-09-13,SKU-1007,Pune DC,35
2024-09-14,SKU-1007,Pune DC,37
2024-09-15,SKU-1007,Pune DC,40
2024-09-16,SKU-1007,Pune DC,39
2024-09-17,SKU-1007,Pune DC,36
2024-09-18,SKU-1007,Pune DC,39
2024-09-19,SKU-1007,Pune DC,37
2024-09-20,SKU-1007,Pune DC,39
2024-09-21,SKU-1007,Pune DC,33
2024-09-22,SKU-1007,Pune DC,36
2024-09-23,SKU-1007,Pune DC,31
2024-09-24,SKU-1007,Pune DC,38
2024-09-25,SKU-1007,Pune DC,34
2024-09-26,SKU-1007,Pune DC,39
2024-09-27,SKU-1007,Pune DC,32
2024-09-28,SKU-1007,Pune DC,41
2024-09-29,SKU-1007,Pune DC,32
2024-09-30,SKU-1007,Pune DC,37
2024-10-01,SKU-1007,Pune DC,40
2024-10-02,SKU-1007,Pune DC,31
2024-10-03,SKU-1007,Pune DC,41
2024-10-04,SKU-1007,Pune DC,36
2024-10-05,SKU-1007,Pune DC,34
2024-10-06,SKU-1007,Pune DC,38
2024-10-07,SKU-1007,Pune DC,34
2024-10-08,SKU-1007,Pune DC,37
2024-10-09,SKU-1007,Pune DC,41
2024-10-10,SKU-1007,Pune DC,32
2024-10-11,SKU-1007,Pune DC,35
2024-10-12,SKU-1007,Pune DC,34
2024-10-13,SKU-1007,Pune DC,31
2024-10-14,SKU-1007,Pune DC,34
2024-10-15,SKU-1007,Pune DC,38
2024-10-16,SKU-1007,Pune DC,40
2024-10-17,SKU-1007,Pune DC,32
2024-10-18,SKU-1007,Pune DC,34
2024-10-19,SKU-1007,Pune DC,34
2024-10-20,SKU-1007,Pune DC,32
2024-10-21,SKU-1007,Pune DC,40
2024-10-22,SKU-1007,Pune DC,32
2024-10-23,SKU-1007,Pune DC,36
2024-10-24,SKU-1007,Pune DC,31
2024-10-25,SKU-1007,Pune DC,34
2024-10-26,SKU-1007,Pune DC,40
2024-10-27,SKU-1007,Pune DC,41
2024-10-28,SKU-1007,Pune DC,35
2024-10-29,SKU-1007,Pune DC,40
2024-10-30,SKU-1007,Pune DC,32
2024-10-31,SKU-1007,Pune DC,31
2024-11-01,SKU-1007,Pune DC,36
2024-11-02,SKU-1007,Pune DC,33
2024-11-03,SKU-1007,Pune DC,37
2024-11-04,SKU-1007,Pune DC,32
2024-11-05,SKU-1007,Pune DC,34
2024-11-06,SKU-1007,Pune DC,36
2024-11-07,SKU-1007,Pune DC,34
2024-11-08,SKU-1007,Pune DC,40
2024-11-09,SKU-1007,Pune DC,37
2024-11-10,SKU-1007,Pune DC,41
2024-11-11,SKU-1007,Pune DC,34
2024-11-12,SKU-1007,Pune DC,35
2024-11-13,SKU-1007,Pune DC,32
2024-11-14,SKU-1007,Pune DC,40
2024-11-15,SKU-1007,Pune DC,35
2024-11-16,SKU-1007,Pune DC,40
2024-11-17,SKU-1007,Pune DC,35
2024-11-18,SKU-1007,Pune DC,32
2024-11-19,SKU-1007,Pune DC,31
2024-11-20,SKU-1007,Pune DC,41
2024-11-21,SKU-1007,Pune DC,36
2024-11-22,SKU-1007,Pune DC,34
2024-11-23,SKU-1007,Pune DC,39
2024-11-24,SKU-1007,Pune DC,41
2024-11-25,SKU-1007,Pune DC,31
2024-11-26,SKU-1007,Pune DC,40
2024-11-27,SKU-1007,Pune DC,34
2024-11-28,SKU-1007,Pune DC,35
2024-11-29,SKU-1007,Pune DC,31
2024-11-30,SKU-1007,Pune DC,41
2024-12-01,SKU-1007,Pune DC,33
2024-12-02,SKU-1007,Pune DC,35
2024-12-03,SKU-1007,Pune DC,34
2024-12-04,SKU-1007,Pune DC,39
2024-12-05,SKU-1007,Pune DC,38
2024-12-06,SKU-1007,Pune DC,35
2024-12-07,SKU-1007,Pune DC,37
2024-12-08,SKU-1007,Pune DC,39
2024-12-09,SKU-1007,Pune DC,34
2024-12-10,SKU-1007,Pune DC,37
2024-12-11,SKU-1007,Pune DC,38
2024-12-12,SKU-1007,Pune DC,35
2024-12-13,SKU-1007,Pune DC,35
2024-12-14,SKU-1007,Pune DC,32
2024-12-15,SKU-1007,Pune DC,37
2024-12-16,SKU-1007,Pune DC,33
2024-12-17,SKU-1007,Pune DC,37
2024-12-18,SKU-1007,Pune DC,41
2024-12-19,SKU-1007,Pune DC,39
2024-12-20,SKU-1007,Pune DC,39
2024-12-21,SKU-1007,Pune DC,40
2024-12-22,SKU-1007,Pune DC,40
2024-12-23,SKU-1007,Pune DC,31
2024-12-24,SKU-1007,Pune DC,41
2024-12-25,SKU-1007,Pune DC,36
2024-12-26,SKU-1007,Pune DC,41
2024-12-27,SKU-1007,Pune DC,41
2024-12-28,SKU-1007,Pune DC,31
2024-12-29,SKU-1007,Pune DC,35
2024-12-30,SKU-1007,Pune DC,32
2024-12-31,SKU-1007,Pune DC,36
2025-01-01,SKU-1007,Pune DC,33
2025-01-02,SKU-1007,Pune DC,31
2025-01-03,SKU-1007,Pune DC,39
2025-01-04,SKU-1007,Pune DC,35
2025-01-05,SKU-1007,Pune DC,33
2025-01-06,SKU-1007,Pune DC,34
2025-01-07,SKU-1007,Pune DC,39
2025-01-08,SKU-1007,Pune DC,35
2025-01-09,SKU-1007,Pune DC,40
2025-01-10,SKU-1007,Pune DC,32
2025-01-11,SKU-1007,Pune DC,31
2025-01-12,SKU-1007,Pune DC,33
2025-01-13,SKU-1007,Pune DC,35
2025-01-14,SKU-1007,Pune DC,32
2025-01-15,SKU-1007,Pune DC,34
2025-01-16,SKU-1007,Pune DC,40
2025-01-17,SKU-1007,Pune DC,35
2025-01-18,SKU-1007,Pune DC,38
2025-01-19,SKU-1007,Pune DC,32
2025-01-20,SKU-1007,Pune DC,36
2025-01-21,SKU-1007,Pune DC,34
2025-01-22,SKU-1007,Pune DC,35
2025-01-23,SKU-1007,Pune DC,36
2025-01-24,SKU-1007,Pune DC,38
2025-01-25,SKU-1007,Pune DC,37
2025-01-26,SKU-1007,Pune DC,39
2025-01-27,SKU-1007,Pune DC,33
2025-01-28,SKU-1007,Pune DC,32
2025-01-29,SKU-1007,Pune DC,34
2025-01-30,SKU-1007,Pune DC,33
2025-01-31,SKU-1007,Pune DC,33
2025-02-01,SKU-1007,Pune DC,39
2025-02-02,SKU-1007,Pune DC,37
2025-02-03,SKU-1007,Pune DC,39
2025-02-04,SKU-1007,Pune DC,32
2025-02-05,SKU-1007,Pune DC,31
2025-02-06,SKU-1007,Pune DC,37
2025-02-07,SKU-1007,Pune DC,34
2025-02-08,SKU-1007,Pune DC,41
2025-02-09,SKU-1007,Pune DC,39
2025-02-10,SKU-1007,Pune DC,41
2025-02-11,SKU-1007,Pune DC,34
2025-02-12,SKU-1007,Pune DC,37
2025-02-13,SKU-1007,Pune DC,32
2025-02-14,SKU-1007,Pune DC,31
2025-02-15,SKU-1007,Pune DC,33
2025-02-16,SKU-1007,Pune DC,38
2025-02-17,SKU-1007,Pune DC,40
2025-02-18,SKU-1007,Pune DC,35
2025-02-19,SKU-1007,Pune DC,37
2025-02-20,SKU-1007,Pune DC,38
2025-02-21,SKU-1007,Pune DC,35
2025-02-22,SKU-1007,Pune DC,40
2025-02-23,SKU-1007,Pune DC,33
2025-02-24,SKU-1007,Pune DC,31
2025-02-25,SKU-1007,Pune DC,38
2025-02-26,SKU-1007,Pune DC,38
2025-02-27,SKU-1007,Pune DC,40
2025-02-28,SKU-1007,Pune DC,33
2025-03-01,SKU-1007,Pune DC,37
2025-03-02,SKU-1007,Pune DC,31
2025-03-03,SKU-1007,Pune DC,41
2025-03-04,SKU-1007,Pune DC,40
2025-03-05,SKU-1007,Pune DC,32
2025-03-06,SKU-1007,Pune DC,39
2025-03-07,SKU-1007,Pune DC,33
2025-03-08,SKU-1007,Pune DC,39
2025-03-09,SKU-1007,Pune DC,33
2025-03-10,SKU-1007,Pune DC,37
2025-03-11,SKU-1007,Pune DC,40
2025-03-12,SKU-1007,Pune DC,32
2025-03-13,SKU-1007,Pune DC,40
2025-03-14,SKU-1007,Pune DC,35
2025-03-15,SKU-1007,Pune DC,41
2025-03-16,SKU-1007,Pune DC,36
2025-03-17,SKU-1007,Pune DC,34
2025-03-18,SKU-1007,Pune DC,39
2025-03-19,SKU-1007,Pune DC,33
2025-03-20,SKU-1007,Pune DC,40
2025-03-21,SKU-1007,Pune DC,31
2025-03-22,SKU-1007,Pune DC,38
2025-03-23,SKU-1007,Pune DC,31
2025-03-24,SKU-1007,Pune DC,33
2025-03-25,SKU-1007,Pune DC,34
2025-03-26,SKU-1007,Pune DC,38
2025-03-27,SKU-1007,Pune DC,39
2025-03-28,SKU-1007,Pune DC,32
2025-03-29,SKU-1007,Pune DC,40
2025-03-30,SKU-1007,Pune DC,33
2025-03-31,SKU-1007,Pune DC,36
2025-04-01,SKU-1007,Pune DC,39
2025-04-02,SKU-1007,Pune DC,33
2025-04-03,SKU-1007,Pune DC,32
2025-04-04,SKU-1007,Pune DC,38
2025-04-05,SKU-1007,Pune DC,40
2025-04-06,SKU-1007,Pune DC,40
2025-04-07,SKU-1007,Pune DC,41
2025-04-08,SKU-1007,Pune DC,33
2025-04-09,SKU-1007,Pune DC,36
2025-04-10,SKU-1007,Pune DC,31
2025-04-11,SKU-1007,Pune DC,36
2025-04-12,SKU-1007,Pune DC,41
2025-04-13,SKU-1007,Pune DC,31
2025-04-14,SKU-1007,Pune DC,33
2025-04-15,SKU-1007,Pune DC,34
2025-04-16,SKU-1007,Pune DC,32
2025-04-17,SKU-1007,Pune DC,38
2025-04-18,SKU-1007,Pune DC,41
2025-04-19,SKU-1007,Pune DC,39
2025-04-20,SKU-1007,Pune DC,36
2025-04-21,SKU-1007,Pune DC,35
2025-04-22,SKU-1007,Pune DC,33
2025-04-23,SKU-1007,Pune DC,37
2025-04-24,SKU-1007,Pune DC,35
2025-04-25,SKU-1007,Pune DC,38
2025-04-26,SKU-1007,Pune DC,37
2025-04-27,SKU-1007,Pune DC,39
2025-04-28,SKU-1007,Pune DC,37
2025-04-29,SKU-1007,Pune DC,41
2025-04-30,SKU-1007,Pune DC,33
2025-05-01,SKU-1007,Pune DC,41
2025-05-02,SKU-1007,Pune DC,36
2025-05-03,SKU-1007,Pune DC,31
2025-05-04,SKU-1007,Pune DC,38
2025-05-05,SKU-1007,Pune DC,32
2025-05-06,SKU-1007,Pune DC,40
2025-05-07,SKU-1007,Pune DC,35
2025-05-08,SKU-1007,Pune DC,33
2025-05-09,SKU-1007,Pune DC,31
2025-05-10,SKU-1007,Pune DC,33
2025-05-11,SKU-1007,Pune DC,36
2025-05-12,SKU-1007,Pune DC,32
2025-05-13,SKU-1007,Pune DC,35
2025-05-14,SKU-1007,Pune DC,37
2025-05-15,SKU-1007,Pune DC,35
2025-05-16,SKU-1007,Pune DC,41
2025-05-17,SKU-1007,Pune DC,39
2025-05-18,SKU-1007,Pune DC,31
2025-05-19,SKU-1007,Pune DC,40
2025-05-20,SKU-1007,Pune DC,38
2025-05-21,SKU-1007,Pune DC,34
2025-05-22,SKU-1007,Pune DC,34
2025-05-23,SKU-1007,Pune DC,34
2025-05-24,SKU-1007,Pune DC,32
2025-05-25,SKU-1007,Pune DC,41
2025-05-26,SKU-1007,Pune DC,41
2025-05-27,SKU-1007,Pune DC,34
2025-05-28,SKU-1007,Pune DC,33
2025-05-29,SKU-1007,Pune DC,31
2025-05-30,SKU-1007,Pune DC,37
2025-05-31,SKU-1007,Pune DC,35
2025-06-01,SKU-1007,Pune DC,39
2025-06-02,SKU-1007,Pune DC,34
2025-06-03,SKU-1007,Pune DC,31
2025-06-04,SKU-1007,Pune DC,33
2025-06-05,SKU-1007,Pune DC,35
2025-06-06,SKU-1007,Pune DC,33
2025-06-07,SKU-1007,Pune DC,33
2025-06-08,SKU-1007,Pune DC,33
2025-06-09,SKU-1007,Pune DC,36
2025-06-10,SKU-1007,Pune DC,37
2025-06-11,SKU-1007,Pune DC,31
2025-06-12,SKU-1007,Pune DC,34
2025-06-13,SKU-1007,Pune DC,35
2025-06-14,SKU-1007,Pune DC,39
2025-06-15,SKU-1007,Pune DC,31
2025-06-16,SKU-1007,Pune DC,33
2025-06-17,SKU-1007,Pune DC,41
2025-06-18,SKU-1007,Pune DC,34
2025-06-19,SKU-1007,Pune DC,35
2025-06-20,SKU-1007,Pune DC,34
2025-06-21,SKU-1007,Pune DC,40
2025-06-22,SKU-1007,Pune DC,41
2025-06-23,SKU-1007,Pune DC,31
2025-06-24,SKU-1007,Pune DC,32
2025-06-25,SKU-1007,Pune DC,38
2025-06-26,SKU-1007,Pune DC,33
2025-06-27,SKU-1007,Pune DC,31
2025-06-28,SKU-1007,Pune DC,34
2025-06-29,SKU-1007,Pune DC,40
2025-06-30,SKU-1007,Pune DC,32
2025-07-01,SKU-1007,Pune DC,37
2025-07-02,SKU-1007,Pune DC,32
2025-07-03,SKU-1007,Pune DC,36
2025-07-04,SKU-1007,Pune DC,34
2025-07-05,SKU-1007,Pune DC,32
2025-07-06,SKU-1007,Pune DC,33
2025-07-07,SKU-1007,Pune DC,36
2025-07-08,SKU-1007,Pune DC,33
2025-07-09,SKU-1007,Pune DC,31
2025-07-10,SKU-1007,Pune DC,40
2025-07-11,SKU-1007,Pune DC,39
2025-07-12,SKU-1007,Pune DC,35
2025-07-13,SKU-1007,Pune DC,41
2025-07-14,SKU-1007,Pune DC,36
2025-07-15,SKU-1007,Pune DC,38
2025-07-16,SKU-1007,Pune DC,40
2025-07-17,SKU-1007,Pune DC,35
2025-07-18,SKU-1007,Pune DC,36
2025-07-19,SKU-1007,Pune DC,39
2025-07-20,SKU-1007,Pune DC,36
2025-07-21,SKU-1007,Pune DC,41
2025-07-22,SKU-1007,Pune DC,36
2025-07-23,SKU-1007,Pune DC,32
2025-07-24,SKU-1007,Pune DC,37
2025-07-25,SKU-1007,Pune DC,36
2025-07-26,SKU-1007,Pune DC,32
2025-07-27,SKU-1007,Pune DC,31
2025-07-28,SKU-1007,Pune DC,34
2025-07-29,SKU-1007,Pune DC,40
2025-07-30,SKU-1007,Pune DC,31
2025-07-31,SKU-1007,Pune DC,39
2025-08-01,SKU-1007,Pune DC,33
2025-08-02,SKU-1007,Pune DC,37
2025-08-03,SKU-1007,Pune DC,34
2025-08-04,SKU-1007,Pune DC,33
2025-08-05,SKU-1007,Pune DC,32
2025-08-06,SKU-1007,Pune DC,38
2025-08-07,SKU-1007,Pune DC,33
2025-08-08,SKU-1007,Pune DC,34
2025-08-09,SKU-1007,Pune DC,32
2025-08-10,SKU-1007,Pune DC,41
2025-08-11,SKU-1007,Pune DC,34
2025-08-12,SKU-1007,Pune DC,37
2025-08-13,SKU-1007,Pune DC,39
2025-08-14,SKU-1007,Pune DC,33
2025-08-15,SKU-1007,Pune DC,39
2025-08-16,SKU-1007,Pune DC,32
2025-08-17,SKU-1007,Pune DC,41
2025-08-18,SKU-1007,Pune DC,41
2025-08-19,SKU-1007,Pune DC,36
2025-08-20,SKU-1007,Pune DC,41
2025-08-21,SKU-1007,Pune DC,39
2025-08-22,SKU-1007,Pune DC,41
2025-08-23,SKU-1007,Pune DC,32
2025-08-24,SKU-1007,Pune DC,33
2025-08-25,SKU-1007,Pune DC,37
2025-08-26,SKU-1007,Pune DC,31
2025-08-27,SKU-1007,Pune DC,41
2025-08-28,SKU-1007,Pune DC,37
2025-08-29,SKU-1007,Pune DC,41
2025-08-30,SKU-1007,Pune DC,34
2025-08-31,SKU-1007,Pune DC,41
2025-09-01,SKU-1007,Pune DC,33
2025-09-02,SKU-1007,Pune DC,36
2025-09-03,SKU-1007,Pune DC,38
2025-09-04,SKU-1007,Pune DC,40
2025-09-05,SKU-1007,Pune DC,37
2025-09-06,SKU-1007,Pune DC,36
2025-09-07,SKU-1007,Pune DC,35
2025-09-08,SKU-1007,Pune DC,40
2025-09-09,SKU-1007,Pune DC,40
2025-09-10,SKU-1007,Pune DC,33
2025-09-11,SKU-1007,Pune DC,31
2025-09-12,SKU-1007,Pune DC,33
2025-09-13,SKU-1007,Pune DC,36
2025-09-14,SKU-1007,Pune DC,41
2025-09-15,SKU-1007,Pune DC,35
2025-09-16,SKU-1007,Pune DC,41
2025-09-17,SKU-1007,Pune DC,37
2025-09-18,SKU-1007,Pune DC,36
2025-09-19,SKU-1007,Pune DC,41
2025-09-20,SKU-1007,Pune DC,39
2025-09-21,SKU-1007,Pune DC,35
2025-09-22,SKU-1007,Pune DC,31
2025-09-23,SKU-1007,Pune DC,37
2025-09-24,SKU-1007,Pune DC,36
2025-09-25,SKU-1007,Pune DC,36
2025-09-26,SKU-1007,Pune DC,34
2025-09-27,SKU-1007,Pune DC,36
2025-09-28,SKU-1007,Pune DC,33
2025-09-29,SKU-1007,Pune DC,39
2025-09-30,SKU-1007,Pune DC,38
2025-10-01,SKU-1007,Pune DC,35
2025-10-02,SKU-1007,Pune DC,36
2025-10-03,SKU-1007,Pune DC,37
2025-10-04,SKU-1007,Pune DC,34
2025-10-05,SKU-1007,Pune DC,39
2025-10-06,SKU-1007,Pune DC,40
2025-10-07,SKU-1007,Pune DC,36
2025-10-08,SKU-1007,Pune DC,36
2025-10-09,SKU-1007,Pune DC,39
2025-10-10,SKU-1007,Pune DC,33
2025-10-11,SKU-1007,Pune DC,33
2025-10-12,SKU-1007,Pune DC,40
2025-10-13,SKU-1007,Pune DC,36
2025-10-14,SKU-1007,Pune DC,41
2025-10-15,SKU-1007,Pune DC,39
2025-10-16,SKU-1007,Pune DC,36
2025-10-17,SKU-1007,Pune DC,32
2025-10-18,SKU-1007,Pune DC,39
2025-10-19,SKU-1007,Pune DC,32
2025-10-20,SKU-1007,Pune DC,38
2025-10-21,SKU-1007,Pune DC,37
2025-10-22,SKU-1007,Pune DC,35
2025-10-23,SKU-1007,Pune DC,34
2025-10-24,SKU-1007,Pune DC,34
2025-10-25,SKU-1007,Pune DC,33
2025-10-26,SKU-1007,Pune DC,40
2025-10-27,SKU-1007,Pune DC,34
2025-10-28,SKU-1007,Pune DC,35
2025-10-29,SKU-1007,Pune DC,36
2025-10-30,SKU-1007,Pune DC,33
2025-10-31,SKU-1007,Pune DC,39
2025-11-01,SKU-1007,Pune DC,37
2025-11-02,SKU-1007,Pune DC,35
2025-11-03,SKU-1007,Pune DC,32
2025-11-04,SKU-1007,Pune DC,41
2025-11-05,SKU-1007,Pune DC,33
2025-11-06,SKU-1007,Pune DC,33
2025-11-07,SKU-1007,Pune DC,32
2025-11-08,SKU-1007,Pune DC,36
2025-11-09,SKU-1007,Pune DC,39
2025-11-10,SKU-1007,Pune DC,37
2025-11-11,SKU-1007,Pune DC,40
2025-11-12,SKU-1007,Pune DC,41
2025-11-13,SKU-1007,Pune DC,35
2025-11-14,SKU-1007,Pune DC,34
2025-11-15,SKU-1007,Pune DC,36
2025-11-16,SKU-1007,Pune DC,38
2025-11-17,SKU-1007,Pune DC,40
2025-11-18,SKU-1007,Pune DC,35
2025-11-19,SKU-1007,Pune DC,33
2025-11-20,SKU-1007,Pune DC,38
2025-11-21,SKU-1007,Pune DC,37
2025-11-22,SKU-1007,Pune DC,41
2025-11-23,SKU-1007,Pune DC,34
2025-11-24,SKU-1007,Pune DC,37
2025-11-25,SKU-1007,Pune DC,33
2025-11-26,SKU-1007,Pune DC,32
2025-11-27,SKU-1007,Pune DC,35
2025-11-28,SKU-1007,Pune DC,39
2025-11-29,SKU-1007,Pune DC,40
2025-11-30,SKU-1007,Pune DC,38
2025-12-01,SKU-1007,Pune DC,38
2025-12-02,SKU-1007,Pune DC,41
2025-12-03,SKU-1007,Pune DC,36
2025-12-04,SKU-1007,Pune DC,37
2025-12-05,SKU-1007,Pune DC,34
2025-12-06,SKU-1007,Pune DC,34
2025-12-07,SKU-1007,Pune DC,41
2025-12-08,SKU-1007,Pune DC,33
2025-12-09,SKU-1007,Pune DC,35
2025-12-10,SKU-1007,Pune DC,37
2025-12-11,SKU-1007,Pune DC,37
2025-12-12,SKU-1007,Pune DC,35
2025-12-13,SKU-1007,Pune DC,39
2025-12-14,SKU-1007,Pune DC,41
2025-12-15,SKU-1007,Pune DC,36
2025-12-16,SKU-1007,Pune DC,35
2025-12-17,SKU-1007,Pune DC,39
2025-12-18,SKU-1007,Pune DC,34
2025-12-19,SKU-1007,Pune DC,39
2025-12-20,SKU-1007,Pune DC,38
2025-12-21,SKU-1007,Pune DC,38
2025-12-22,SKU-1007,Pune DC,37
2025-12-23,SKU-1007,Pune DC,34
2025-12-24,SKU-1007,Pune DC,34
2025-12-25,SKU-1007,Pune DC,39
2025-12-26,SKU-1007,Pune DC,40
2025-12-27,SKU-1007,Pune DC,38
2025-12-28,SKU-1007,Pune DC,35
2025-12-29,SKU-1007,Pune DC,32
2025-12-30,SKU-1007,Pune DC,33
2025-12-31,SKU-1007,Pune DC,38
2026-01-01,SKU-1007,Pune DC,41
2026-01-02,SKU-1007,Pune DC,39
2026-01-03,SKU-1007,Pune DC,36
2026-01-04,SKU-1007,Pune DC,41
2026-01-05,SKU-1007,Pune DC,36
2026-01-06,SKU-1007,Pune DC,35
2026-01-07,SKU-1007,Pune DC,40
2026-01-08,SKU-1007,Pune DC,32
2026-01-09,SKU-1007,Pune DC,34
2026-01-10,SKU-1007,Pune DC,35
2026-01-11,SKU-1007,Pune DC,34
2026-01-12,SKU-1007,Pune DC,38
2026-01-13,SKU-1007,Pune DC,35
2026-01-14,SKU-1007,Pune DC,34
2026-01-15,SKU-1007,Pune DC,39
2026-01-16,SKU-1007,Pune DC,34
2026-01-17,SKU-1007,Pune DC,36
2026-01-18,SKU-1007,Pune DC,36
2026-01-19,SKU-1007,Pune DC,41
2026-01-20,SKU-1007,Pune DC,33
2026-01-21,SKU-1007,Pune DC,38
2026-01-22,SKU-1007,Pune DC,32
2026-01-23,SKU-1007,Pune DC,35
2026-01-24,SKU-1007,Pune DC,36
2026-01-25,SKU-1007,Pune DC,41
2026-01-26,SKU-1007,Pune DC,32
2026-01-27,SKU-1007,Pune DC,33
2026-01-28,SKU-1007,Pune DC,33
2026-01-29,SKU-1007,Pune DC,36
2026-01-30,SKU-1007,Pune DC,34
2026-01-31,SKU-1007,Pune DC,31
2026-02-01,SKU-1007,Pune DC,36
2026-02-02,SKU-1007,Pune DC,32
2026-02-03,SKU-1007,Pune DC,35
2026-02-04,SKU-1007,Pune DC,35
2026-02-05,SKU-1007,Pune DC,35
2026-02-06,SKU-1007,Pune DC,40
2026-02-07,SKU-1007,Pune DC,33
2026-02-08,SKU-1007,Pune DC,31
2026-02-09,SKU-1007,Pune DC,37
2026-02-10,SKU-1007,Pune DC,40
2026-02-11,SKU-1007,Pune DC,36
2026-02-12,SKU-1007,Pune DC,37
2026-02-13,SKU-1007,Pune DC,40
2026-02-14,SKU-1007,Pune DC,38
2026-02-15,SKU-1007,Pune DC,41
2026-02-16,SKU-1007,Pune DC,34
2026-02-17,SKU-1007,Pune DC,35
2026-02-18,SKU-1007,Pune DC,38
2026-02-19,SKU-1007,Pune DC,36
2026-02-20,SKU-1007,Pune DC,39
2026-02-21,SKU-1007,Pune DC,39
2026-02-22,SKU-1007,Pune DC,38
2026-02-23,SKU-1007,Pune DC,37
2026-02-24,SKU-1007,Pune DC,32
2026-02-25,SKU-1007,Pune DC,34
2026-02-26,SKU-1007,Pune DC,34
2026-02-27,SKU-1007,Pune DC,33
2026-02-28,SKU-1007,Pune DC,33
2026-03-01,SKU-1007,Pune DC,34
2026-03-02,SKU-1007,Pune DC,33
2026-03-03,SKU-1007,Pune DC,33
2026-03-04,SKU-1007,Pune DC,34
2026-03-05,SKU-1007,Pune DC,34
2026-03-06,SKU-1007,Pune DC,35
2026-03-07,SKU-1007,Pune DC,33
2026-03-08,SKU-1007,Pune DC,38
2026-03-09,SKU-1007,Pune DC,35
2026-03-10,SKU-1007,Pune DC,39
2026-03-11,SKU-1007,Pune DC,39
2026-03-12,SKU-1007,Pune DC,40
2026-03-13,SKU-1007,Pune DC,32
2026-03-14,SKU-1007,Pune DC,38
2026-03-15,SKU-1007,Pune DC,37
2026-03-16,SKU-1007,Pune DC,40
2026-03-17,SKU-1007,Pune DC,36
2026-03-18,SKU-1007,Pune DC,40
2026-03-19,SKU-1007,Pune DC,34
2026-03-20,SKU-1007,Pune DC,39
2026-03-21,SKU-1007,Pune DC,39
2026-03-22,SKU-1007,Pune DC,36
2026-03-23,SKU-1007,Pune DC,31
2026-03-24,SKU-1007,Pune DC,36
2026-03-25,SKU-1007,Pune DC,33
2026-03-26,SKU-1007,Pune DC,35
2026-03-27,SKU-1007,Pune DC,41
2026-03-28,SKU-1007,Pune DC,33
2026-03-29,SKU-1007,Pune DC,38
2026-03-30,SKU-1007,Pune DC,40
2026-03-31,SKU-1007,Pune DC,37
2026-04-01,SKU-1007,Pune DC,36
2026-04-02,SKU-1007,Pune DC,40
2026-04-03,SKU-1007,Pune DC,37
2026-04-04,SKU-1007,Pune DC,31
2026-04-05,SKU-1007,Pune DC,35
2026-04-06,SKU-1007,Pune DC,37
2026-04-07,SKU-1007,Pune DC,41
2026-04-08,SKU-1007,Pune DC,34
2026-04-09,SKU-1007,Pune DC,31
2026-04-10,SKU-1007,Pune DC,34
2026-04-11,SKU-1007,Pune DC,41
2026-04-12,SKU-1007,Pune DC,34
2026-04-13,SKU-1007,Pune DC,40
2026-04-14,SKU-1007,Pune DC,32
2026-04-15,SKU-1007,Pune DC,40
2026-04-16,SKU-1007,Pune DC,38
2026-04-17,SKU-1007,Pune DC,32
2026-04-18,SKU-1007,Pune DC,37
2026-04-19,SKU-1007,Pune DC,41
2026-04-20,SKU-1007,Pune DC,40
2026-04-21,SKU-1007,Pune DC,41
2026-04-22,SKU-1007,Pune DC,35
2026-04-23,SKU-1007,Pune DC,39
2026-04-24,SKU-1007,Pune DC,40
2026-04-25,SKU-1007,Pune DC,35
2026-04-26,SKU-1007,Pune DC,34
2026-04-27,SKU-1007,Pune DC,31
2026-04-28,SKU-1007,Pune DC,35
2026-04-29,SKU-1007,Pune DC,40
2026-04-30,SKU-1007,Pune DC,37
2026-05-01,SKU-1007,Pune DC,39
2026-05-02,SKU-1007,Pune DC,33
2026-05-03,SKU-1007,Pune DC,31
2026-05-04,SKU-1007,Pune DC,39
2026-05-05,SKU-1007,Pune DC,31
2026-05-06,SKU-1007,Pune DC,40
2026-05-07,SKU-1007,Pune DC,31
2026-05-08,SKU-1007,Pune DC,38
2026-05-09,SKU-1007,Pune DC,40
2026-05-10,SKU-1007,Pune DC,35
2026-05-11,SKU-1007,Pune DC,34
2026-05-12,SKU-1007,Pune DC,36
2026-05-13,SKU-1007,Pune DC,35
2026-05-14,SKU-1007,Pune DC,37
2026-05-15,SKU-1007,Pune DC,31
2026-05-16,SKU-1007,Pune DC,38
2026-05-17,SKU-1007,Pune DC,34
2026-05-18,SKU-1007,Pune DC,35
2026-05-19,SKU-1007,Pune DC,32
2026-05-20,SKU-1007,Pune DC,39
2026-05-21,SKU-1007,Pune DC,31
2026-05-22,SKU-1007,Pune DC,39
2026-05-23,SKU-1007,Pune DC,36
2026-05-24,SKU-1007,Pune DC,41
2026-05-25,SKU-1007,Pune DC,37
2026-05-26,SKU-1007,Pune DC,33
2026-05-27,SKU-1007,Pune DC,40
2026-05-28,SKU-1007,Pune DC,32
2026-05-29,SKU-1007,Pune DC,38
2026-05-30,SKU-1007,Pune DC,36
2026-05-31,SKU-1007,Pune DC,33
2026-06-01,SKU-1007,Pune DC,37
2026-06-02,SKU-1007,Pune DC,41
2026-06-03,SKU-1007,Pune DC,39
2026-06-04,SKU-1007,Pune DC,41
2026-06-05,SKU-1007,Pune DC,31
2026-06-06,SKU-1007,Pune DC,35
2026-06-07,SKU-1007,Pune DC,39
2026-06-08,SKU-1007,Pune DC,35
2026-06-09,SKU-1007,Pune DC,32
2026-06-10,SKU-1007,Pune DC,41
2026-06-11,SKU-1007,Pune DC,33
2026-06-12,SKU-1007,Pune DC,39
2026-06-13,SKU-1007,Pune DC,40
2026-06-14,SKU-1007,Pune DC,41
2026-06-15,SKU-1007,Pune DC,39
2026-06-16,SKU-1007,Pune DC,36
2026-06-17,SKU-1007,Pune DC,32
2026-06-18,SKU-1007,Pune DC,37
2026-06-19,SKU-1007,Pune DC,39
2026-06-20,SKU-1007,Pune DC,37
2026-06-21,SKU-1007,Pune DC,35
2026-06-22,SKU-1007,Pune DC,32
2026-06-23,SKU-1007,Pune DC,40
2026-06-24,SKU-1007,Pune DC,40
2026-06-25,SKU-1007,Pune DC,35
2026-06-26,SKU-1007,Pune DC,34
2026-06-27,SKU-1007,Pune DC,32
2026-06-28,SKU-1007,Pune DC,41
2026-06-29,SKU-1007,Pune DC,38
2026-06-30,SKU-1007,Pune DC,38
2026-07-01,SKU-1007,Pune DC,36
2026-07-02,SKU-1007,Pune DC,41
2026-07-03,SKU-1007,Pune DC,37
2026-07-04,SKU-1007,Pune DC,36
2026-07-05,SKU-1007,Pune DC,33
2026-07-06,SKU-1007,Pune DC,38
2026-07-07,SKU-1007,Pune DC,34
2026-07-08,SKU-1007,Pune DC,36
2026-07-09,SKU-1007,Pune DC,34
2026-07-10,SKU-1007,Pune DC,35
2026-07-11,SKU-1007,Pune DC,37
2026-07-12,SKU-1007,Pune DC,33
2026-07-13,SKU-1007,Pune DC,38
2026-07-14,SKU-1007,Pune DC,37
2026-07-15,SKU-1007,Pune DC,33
2026-07-16,SKU-1007,Pune DC,34
2026-07-17,SKU-1007,Pune DC,36
2026-07-18,SKU-1007,Pune DC,41
2026-07-19,SKU-1007,Pune DC,38
2026-07-20,SKU-1007,Pune DC,39
2026-07-21,SKU-1007,Pune DC,38
2026-07-22,SKU-1007,Pune DC,34
2026-07-23,SKU-1007,Pune DC,37
2026-07-24,SKU-1007,Pune DC,35
2026-07-25,SKU-1007,Pune DC,31
2026-07-26,SKU-1007,Pune DC,36
2026-07-27,SKU-1007,Pune DC,34
2026-07-28,SKU-1007,Pune DC,39
2026-07-29,SKU-1007,Pune DC,34
2026-07-30,SKU-1007,Pune DC,34
2026-07-31,SKU-1007,Pune DC,33
2026-08-01,SKU-1007,Pune DC,31
2026-08-02,SKU-1007,Pune DC,33
2026-08-03,SKU-1007,Pune DC,38
2026-08-04,SKU-1007,Pune DC,38
2026-08-05,SKU-1007,Pune DC,32
2026-08-06,SKU-1007,Pune DC,36
2026-08-07,SKU-1007,Pune DC,36
2026-08-08,SKU-1007,Pune DC,38
2026-08-09,SKU-1007,Pune DC,35
2026-08-10,SKU-1007,Pune DC,39
2026-08-11,SKU-1007,Pune DC,35
2026-08-12,SKU-1007,Pune DC,31
2026-08-13,SKU-1007,Pune DC,39
2026-08-14,SKU-1007,Pune DC,34
2026-08-15,SKU-1007,Pune DC,38
2026-08-16,SKU-1007,Pune DC,33
2024-08-17,SKU-1007,Chennai DC,27
2024-08-18,SKU-1007,Chennai DC,30
2024-08-19,SKU-1007,Chennai DC,34
2024-08-20,SKU-1007,Chennai DC,27
2024-08-21,SKU-1007,Chennai DC,31
2024-08-22,SKU-1007,Chennai DC,31
2024-08-23,SKU-1007,Chennai DC,29
2024-08-24,SKU-1007,Chennai DC,26
2024-08-25,SKU-1007,Chennai DC,33
2024-08-26,SKU-1007,Chennai DC,29
2024-08-27,SKU-1007,Chennai DC,34
2024-08-28,SKU-1007,Chennai DC,33
2024-08-29,SKU-1007,Chennai DC,32
2024-08-30,SKU-1007,Chennai DC,33
2024-08-31,SKU-1007,Chennai DC,33
2024-09-01,SKU-1007,Chennai DC,27
2024-09-02,SKU-1007,Chennai DC,30
2024-09-03,SKU-1007,Chennai DC,32
2024-09-04,SKU-1007,Chennai DC,34
2024-09-05,SKU-1007,Chennai DC,31
2024-09-06,SKU-1007,Chennai DC,28
2024-09-07,SKU-1007,Chennai DC,30
2024-09-08,SKU-1007,Chennai DC,28
2024-09-09,SKU-1007,Chennai DC,28
2024-09-10,SKU-1007,Chennai DC,28
2024-09-11,SKU-1007,Chennai DC,34
2024-09-12,SKU-1007,Chennai DC,29
2024-09-13,SKU-1007,Chennai DC,31
2024-09-14,SKU-1007,Chennai DC,33
2024-09-15,SKU-1007,Chennai DC,33
2024-09-16,SKU-1007,Chennai DC,28
2024-09-17,SKU-1007,Chennai DC,31
2024-09-18,SKU-1007,Chennai DC,32
2024-09-19,SKU-1007,Chennai DC,33
2024-09-20,SKU-1007,Chennai DC,32
2024-09-21,SKU-1007,Chennai DC,32
2024-09-22,SKU-1007,Chennai DC,27
2024-09-23,SKU-1007,Chennai DC,32
2024-09-24,SKU-1007,Chennai DC,29
2024-09-25,SKU-1007,Chennai DC,26
2024-09-26,SKU-1007,Chennai DC,26
2024-09-27,SKU-1007,Chennai DC,33
2024-09-28,SKU-1007,Chennai DC,30
2024-09-29,SKU-1007,Chennai DC,33
2024-09-30,SKU-1007,Chennai DC,33
2024-10-01,SKU-1007,Chennai DC,34
2024-10-02,SKU-1007,Chennai DC,31
2024-10-03,SKU-1007,Chennai DC,31
2024-10-04,SKU-1007,Chennai DC,34
2024-10-05,SKU-1007,Chennai DC,30
2024-10-06,SKU-1007,Chennai DC,31
2024-10-07,SKU-1007,Chennai DC,28
2024-10-08,SKU-1007,Chennai DC,29
2024-10-09,SKU-1007,Chennai DC,32
2024-10-10,SKU-1007,Chennai DC,28
2024-10-11,SKU-1007,Chennai DC,33
2024-10-12,SKU-1007,Chennai DC,34
2024-10-13,SKU-1007,Chennai DC,32
2024-10-14,SKU-1007,Chennai DC,26
2024-10-15,SKU-1007,Chennai DC,32
2024-10-16,SKU-1007,Chennai DC,27
2024-10-17,SKU-1007,Chennai DC,27
2024-10-18,SKU-1007,Chennai DC,27
2024-10-19,SKU-1007,Chennai DC,30
2024-10-20,SKU-1007,Chennai DC,27
2024-10-21,SKU-1007,Chennai DC,32
2024-10-22,SKU-1007,Chennai DC,27
2024-10-23,SKU-1007,Chennai DC,32
2024-10-24,SKU-1007,Chennai DC,30
2024-10-25,SKU-1007,Chennai DC,32
2024-10-26,SKU-1007,Chennai DC,33
2024-10-27,SKU-1007,Chennai DC,32
2024-10-28,SKU-1007,Chennai DC,32
2024-10-29,SKU-1007,Chennai DC,31
2024-10-30,SKU-1007,Chennai DC,28
2024-10-31,SKU-1007,Chennai DC,30
2024-11-01,SKU-1007,Chennai DC,34
2024-11-02,SKU-1007,Chennai DC,31
2024-11-03,SKU-1007,Chennai DC,31
2024-11-04,SKU-1007,Chennai DC,33
2024-11-05,SKU-1007,Chennai DC,28
2024-11-06,SKU-1007,Chennai DC,27
2024-11-07,SKU-1007,Chennai DC,27
2024-11-08,SKU-1007,Chennai DC,27
2024-11-09,SKU-1007,Chennai DC,34
2024-11-10,SKU-1007,Chennai DC,28
2024-11-11,SKU-1007,Chennai DC,31
2024-11-12,SKU-1007,Chennai DC,32
2024-11-13,SKU-1007,Chennai DC,26
2024-11-14,SKU-1007,Chennai DC,27
2024-11-15,SKU-1007,Chennai DC,29
2024-11-16,SKU-1007,Chennai DC,29
2024-11-17,SKU-1007,Chennai DC,33
2024-11-18,SKU-1007,Chennai DC,31
2024-11-19,SKU-1007,Chennai DC,28
2024-11-20,SKU-1007,Chennai DC,31
2024-11-21,SKU-1007,Chennai DC,32
2024-11-22,SKU-1007,Chennai DC,27
2024-11-23,SKU-1007,Chennai DC,33
2024-11-24,SKU-1007,Chennai DC,33
2024-11-25,SKU-1007,Chennai DC,32
2024-11-26,SKU-1007,Chennai DC,34
2024-11-27,SKU-1007,Chennai DC,30
2024-11-28,SKU-1007,Chennai DC,31
2024-11-29,SKU-1007,Chennai DC,34
2024-11-30,SKU-1007,Chennai DC,27
2024-12-01,SKU-1007,Chennai DC,28
2024-12-02,SKU-1007,Chennai DC,29
2024-12-03,SKU-1007,Chennai DC,31
2024-12-04,SKU-1007,Chennai DC,28
2024-12-05,SKU-1007,Chennai DC,32
2024-12-06,SKU-1007,Chennai DC,31
2024-12-07,SKU-1007,Chennai DC,32
2024-12-08,SKU-1007,Chennai DC,30
2024-12-09,SKU-1007,Chennai DC,31
2024-12-10,SKU-1007,Chennai DC,34
2024-12-11,SKU-1007,Chennai DC,32
2024-12-12,SKU-1007,Chennai DC,26
2024-12-13,SKU-1007,Chennai DC,34
2024-12-14,SKU-1007,Chennai DC,32
2024-12-15,SKU-1007,Chennai DC,28
2024-12-16,SKU-1007,Chennai DC,30
2024-12-17,SKU-1007,Chennai DC,32
2024-12-18,SKU-1007,Chennai DC,31
2024-12-19,SKU-1007,Chennai DC,33
2024-12-20,SKU-1007,Chennai DC,30
2024-12-21,SKU-1007,Chennai DC,32
2024-12-22,SKU-1007,Chennai DC,26
2024-12-23,SKU-1007,Chennai DC,26
2024-12-24,SKU-1007,Chennai DC,34
2024-12-25,SKU-1007,Chennai DC,27
2024-12-26,SKU-1007,Chennai DC,26
2024-12-27,SKU-1007,Chennai DC,29
2024-12-28,SKU-1007,Chennai DC,30
2024-12-29,SKU-1007,Chennai DC,34
2024-12-30,SKU-1007,Chennai DC,26
2024-12-31,SKU-1007,Chennai DC,30
2025-01-01,SKU-1007,Chennai DC,31
2025-01-02,SKU-1007,Chennai DC,27
2025-01-03,SKU-1007,Chennai DC,30
2025-01-04,SKU-1007,Chennai DC,27
2025-01-05,SKU-1007,Chennai DC,33
2025-01-06,SKU-1007,Chennai DC,30
2025-01-07,SKU-1007,Chennai DC,29
2025-01-08,SKU-1007,Chennai DC,29
2025-01-09,SKU-1007,Chennai DC,33
2025-01-10,SKU-1007,Chennai DC,31
2025-01-11,SKU-1007,Chennai DC,26
2025-01-12,SKU-1007,Chennai DC,34
2025-01-13,SKU-1007,Chennai DC,27
2025-01-14,SKU-1007,Chennai DC,29
2025-01-15,SKU-1007,Chennai DC,30
2025-01-16,SKU-1007,Chennai DC,29
2025-01-17,SKU-1007,Chennai DC,34
2025-01-18,SKU-1007,Chennai DC,33
2025-01-19,SKU-1007,Chennai DC,27
2025-01-20,SKU-1007,Chennai DC,28
2025-01-21,SKU-1007,Chennai DC,34
2025-01-22,SKU-1007,Chennai DC,30
2025-01-23,SKU-1007,Chennai DC,33
2025-01-24,SKU-1007,Chennai DC,27
2025-01-25,SKU-1007,Chennai DC,27
2025-01-26,SKU-1007,Chennai DC,31
2025-01-27,SKU-1007,Chennai DC,32
2025-01-28,SKU-1007,Chennai DC,27
2025-01-29,SKU-1007,Chennai DC,32
2025-01-30,SKU-1007,Chennai DC,29
2025-01-31,SKU-1007,Chennai DC,26
2025-02-01,SKU-1007,Chennai DC,33
2025-02-02,SKU-1007,Chennai DC,32
2025-02-03,SKU-1007,Chennai DC,32
2025-02-04,SKU-1007,Chennai DC,30
2025-02-05,SKU-1007,Chennai DC,30
2025-02-06,SKU-1007,Chennai DC,29
2025-02-07,SKU-1007,Chennai DC,28
2025-02-08,SKU-1007,Chennai DC,26
2025-02-09,SKU-1007,Chennai DC,32
2025-02-10,SKU-1007,Chennai DC,33
2025-02-11,SKU-1007,Chennai DC,33
2025-02-12,SKU-1007,Chennai DC,34
2025-02-13,SKU-1007,Chennai DC,33
2025-02-14,SKU-1007,Chennai DC,29
2025-02-15,SKU-1007,Chennai DC,32
2025-02-16,SKU-1007,Chennai DC,34
2025-02-17,SKU-1007,Chennai DC,30
2025-02-18,SKU-1007,Chennai DC,33
2025-02-19,SKU-1007,Chennai DC,29
2025-02-20,SKU-1007,Chennai DC,26
2025-02-21,SKU-1007,Chennai DC,32
2025-02-22,SKU-1007,Chennai DC,34
2025-02-23,SKU-1007,Chennai DC,32
2025-02-24,SKU-1007,Chennai DC,31
2025-02-25,SKU-1007,Chennai DC,27
2025-02-26,SKU-1007,Chennai DC,33
2025-02-27,SKU-1007,Chennai DC,33
2025-02-28,SKU-1007,Chennai DC,31
2025-03-01,SKU-1007,Chennai DC,28
2025-03-02,SKU-1007,Chennai DC,31
2025-03-03,SKU-1007,Chennai DC,33
2025-03-04,SKU-1007,Chennai DC,30
2025-03-05,SKU-1007,Chennai DC,33
2025-03-06,SKU-1007,Chennai DC,29
2025-03-07,SKU-1007,Chennai DC,28
2025-03-08,SKU-1007,Chennai DC,29
2025-03-09,SKU-1007,Chennai DC,32
2025-03-10,SKU-1007,Chennai DC,30
2025-03-11,SKU-1007,Chennai DC,28
2025-03-12,SKU-1007,Chennai DC,31
2025-03-13,SKU-1007,Chennai DC,32
2025-03-14,SKU-1007,Chennai DC,28
2025-03-15,SKU-1007,Chennai DC,28
2025-03-16,SKU-1007,Chennai DC,29
2025-03-17,SKU-1007,Chennai DC,32
2025-03-18,SKU-1007,Chennai DC,34
2025-03-19,SKU-1007,Chennai DC,31
2025-03-20,SKU-1007,Chennai DC,33
2025-03-21,SKU-1007,Chennai DC,34
2025-03-22,SKU-1007,Chennai DC,27
2025-03-23,SKU-1007,Chennai DC,33
2025-03-24,SKU-1007,Chennai DC,28
2025-03-25,SKU-1007,Chennai DC,27
2025-03-26,SKU-1007,Chennai DC,34
2025-03-27,SKU-1007,Chennai DC,29
2025-03-28,SKU-1007,Chennai DC,26
2025-03-29,SKU-1007,Chennai DC,31
2025-03-30,SKU-1007,Chennai DC,34
2025-03-31,SKU-1007,Chennai DC,27
2025-04-01,SKU-1007,Chennai DC,30
2025-04-02,SKU-1007,Chennai DC,31
2025-04-03,SKU-1007,Chennai DC,34
2025-04-04,SKU-1007,Chennai DC,29
2025-04-05,SKU-1007,Chennai DC,32
2025-04-06,SKU-1007,Chennai DC,31
2025-04-07,SKU-1007,Chennai DC,30
2025-04-08,SKU-1007,Chennai DC,28
2025-04-09,SKU-1007,Chennai DC,33
2025-04-10,SKU-1007,Chennai DC,31
2025-04-11,SKU-1007,Chennai DC,34
2025-04-12,SKU-1007,Chennai DC,29
2025-04-13,SKU-1007,Chennai DC,31
2025-04-14,SKU-1007,Chennai DC,34
2025-04-15,SKU-1007,Chennai DC,31
2025-04-16,SKU-1007,Chennai DC,33
2025-04-17,SKU-1007,Chennai DC,33
2025-04-18,SKU-1007,Chennai DC,28
2025-04-19,SKU-1007,Chennai DC,28
2025-04-20,SKU-1007,Chennai DC,29
2025-04-21,SKU-1007,Chennai DC,34
2025-04-22,SKU-1007,Chennai DC,34
2025-04-23,SKU-1007,Chennai DC,27
2025-04-24,SKU-1007,Chennai DC,34
2025-04-25,SKU-1007,Chennai DC,33
2025-04-26,SKU-1007,Chennai DC,34
2025-04-27,SKU-1007,Chennai DC,34
2025-04-28,SKU-1007,Chennai DC,30
2025-04-29,SKU-1007,Chennai DC,34
2025-04-30,SKU-1007,Chennai DC,32
2025-05-01,SKU-1007,Chennai DC,28
2025-05-02,SKU-1007,Chennai DC,26
2025-05-03,SKU-1007,Chennai DC,29
2025-05-04,SKU-1007,Chennai DC,34
2025-05-05,SKU-1007,Chennai DC,33
2025-05-06,SKU-1007,Chennai DC,27
2025-05-07,SKU-1007,Chennai DC,26
2025-05-08,SKU-1007,Chennai DC,28
2025-05-09,SKU-1007,Chennai DC,27
2025-05-10,SKU-1007,Chennai DC,30
2025-05-11,SKU-1007,Chennai DC,27
2025-05-12,SKU-1007,Chennai DC,32
2025-05-13,SKU-1007,Chennai DC,32
2025-05-14,SKU-1007,Chennai DC,32
2025-05-15,SKU-1007,Chennai DC,33
2025-05-16,SKU-1007,Chennai DC,26
2025-05-17,SKU-1007,Chennai DC,29
2025-05-18,SKU-1007,Chennai DC,32
2025-05-19,SKU-1007,Chennai DC,28
2025-05-20,SKU-1007,Chennai DC,31
2025-05-21,SKU-1007,Chennai DC,26
2025-05-22,SKU-1007,Chennai DC,31
2025-05-23,SKU-1007,Chennai DC,29
2025-05-24,SKU-1007,Chennai DC,30
2025-05-25,SKU-1007,Chennai DC,27
2025-05-26,SKU-1007,Chennai DC,32
2025-05-27,SKU-1007,Chennai DC,32
2025-05-28,SKU-1007,Chennai DC,30
2025-05-29,SKU-1007,Chennai DC,31
2025-05-30,SKU-1007,Chennai DC,27
2025-05-31,SKU-1007,Chennai DC,34
2025-06-01,SKU-1007,Chennai DC,31
2025-06-02,SKU-1007,Chennai DC,34
2025-06-03,SKU-1007,Chennai DC,34
2025-06-04,SKU-1007,Chennai DC,32
2025-06-05,SKU-1007,Chennai DC,34
2025-06-06,SKU-1007,Chennai DC,34
2025-06-07,SKU-1007,Chennai DC,32
2025-06-08,SKU-1007,Chennai DC,27
2025-06-09,SKU-1007,Chennai DC,27
2025-06-10,SKU-1007,Chennai DC,28
2025-06-11,SKU-1007,Chennai DC,34
2025-06-12,SKU-1007,Chennai DC,31
2025-06-13,SKU-1007,Chennai DC,27
2025-06-14,SKU-1007,Chennai DC,33
2025-06-15,SKU-1007,Chennai DC,33
2025-06-16,SKU-1007,Chennai DC,28
2025-06-17,SKU-1007,Chennai DC,28
2025-06-18,SKU-1007,Chennai DC,28
2025-06-19,SKU-1007,Chennai DC,33
2025-06-20,SKU-1007,Chennai DC,26
2025-06-21,SKU-1007,Chennai DC,29
2025-06-22,SKU-1007,Chennai DC,32
2025-06-23,SKU-1007,Chennai DC,33
2025-06-24,SKU-1007,Chennai DC,34
2025-06-25,SKU-1007,Chennai DC,29
2025-06-26,SKU-1007,Chennai DC,26
2025-06-27,SKU-1007,Chennai DC,26
2025-06-28,SKU-1007,Chennai DC,26
2025-06-29,SKU-1007,Chennai DC,27
2025-06-30,SKU-1007,Chennai DC,27
2025-07-01,SKU-1007,Chennai DC,31
2025-07-02,SKU-1007,Chennai DC,27
2025-07-03,SKU-1007,Chennai DC,28
2025-07-04,SKU-1007,Chennai DC,31
2025-07-05,SKU-1007,Chennai DC,26
2025-07-06,SKU-1007,Chennai DC,27
2025-07-07,SKU-1007,Chennai DC,30
2025-07-08,SKU-1007,Chennai DC,28
2025-07-09,SKU-1007,Chennai DC,32
2025-07-10,SKU-1007,Chennai DC,32
2025-07-11,SKU-1007,Chennai DC,31
2025-07-12,SKU-1007,Chennai DC,26
2025-07-13,SKU-1007,Chennai DC,33
2025-07-14,SKU-1007,Chennai DC,28
2025-07-15,SKU-1007,Chennai DC,30
2025-07-16,SKU-1007,Chennai DC,28
2025-07-17,SKU-1007,Chennai DC,30
2025-07-18,SKU-1007,Chennai DC,34
2025-07-19,SKU-1007,Chennai DC,27
2025-07-20,SKU-1007,Chennai DC,31
2025-07-21,SKU-1007,Chennai DC,31
2025-07-22,SKU-1007,Chennai DC,29
2025-07-23,SKU-1007,Chennai DC,34
2025-07-24,SKU-1007,Chennai DC,27
2025-07-25,SKU-1007,Chennai DC,27
2025-07-26,SKU-1007,Chennai DC,33
2025-07-27,SKU-1007,Chennai DC,26
2025-07-28,SKU-1007,Chennai DC,34
2025-07-29,SKU-1007,Chennai DC,26
2025-07-30,SKU-1007,Chennai DC,32
2025-07-31,SKU-1007,Chennai DC,26
2025-08-01,SKU-1007,Chennai DC,29
2025-08-02,SKU-1007,Chennai DC,32
2025-08-03,SKU-1007,Chennai DC,26
2025-08-04,SKU-1007,Chennai DC,26
2025-08-05,SKU-1007,Chennai DC,28
2025-08-06,SKU-1007,Chennai DC,29
2025-08-07,SKU-1007,Chennai DC,30
2025-08-08,SKU-1007,Chennai DC,34
2025-08-09,SKU-1007,Chennai DC,34
2025-08-10,SKU-1007,Chennai DC,31
2025-08-11,SKU-1007,Chennai DC,33
2025-08-12,SKU-1007,Chennai DC,31
2025-08-13,SKU-1007,Chennai DC,26
2025-08-14,SKU-1007,Chennai DC,33
2025-08-15,SKU-1007,Chennai DC,30
2025-08-16,SKU-1007,Chennai DC,27
2025-08-17,SKU-1007,Chennai DC,32
2025-08-18,SKU-1007,Chennai DC,30
2025-08-19,SKU-1007,Chennai DC,33
2025-08-20,SKU-1007,Chennai DC,31
2025-08-21,SKU-1007,Chennai DC,33
2025-08-22,SKU-1007,Chennai DC,26
2025-08-23,SKU-1007,Chennai DC,27
2025-08-24,SKU-1007,Chennai DC,30
2025-08-25,SKU-1007,Chennai DC,27
2025-08-26,SKU-1007,Chennai DC,32
2025-08-27,SKU-1007,Chennai DC,30
2025-08-28,SKU-1007,Chennai DC,31
2025-08-29,SKU-1007,Chennai DC,32
2025-08-30,SKU-1007,Chennai DC,32
2025-08-31,SKU-1007,Chennai DC,31
2025-09-01,SKU-1007,Chennai DC,26
2025-09-02,SKU-1007,Chennai DC,30
2025-09-03,SKU-1007,Chennai DC,27
2025-09-04,SKU-1007,Chennai DC,34
2025-09-05,SKU-1007,Chennai DC,33
2025-09-06,SKU-1007,Chennai DC,27
2025-09-07,SKU-1007,Chennai DC,34
2025-09-08,SKU-1007,Chennai DC,30
2025-09-09,SKU-1007,Chennai DC,34
2025-09-10,SKU-1007,Chennai DC,33
2025-09-11,SKU-1007,Chennai DC,26
2025-09-12,SKU-1007,Chennai DC,34
2025-09-13,SKU-1007,Chennai DC,33
2025-09-14,SKU-1007,Chennai DC,33
2025-09-15,SKU-1007,Chennai DC,33
2025-09-16,SKU-1007,Chennai DC,29
2025-09-17,SKU-1007,Chennai DC,34
2025-09-18,SKU-1007,Chennai DC,34
2025-09-19,SKU-1007,Chennai DC,29
2025-09-20,SKU-1007,Chennai DC,31
2025-09-21,SKU-1007,Chennai DC,28
2025-09-22,SKU-1007,Chennai DC,31
2025-09-23,SKU-1007,Chennai DC,34
2025-09-24,SKU-1007,Chennai DC,28
2025-09-25,SKU-1007,Chennai DC,34
2025-09-26,SKU-1007,Chennai DC,31
2025-09-27,SKU-1007,Chennai DC,30
2025-09-28,SKU-1007,Chennai DC,34
2025-09-29,SKU-1007,Chennai DC,34
2025-09-30,SKU-1007,Chennai DC,26
2025-10-01,SKU-1007,Chennai DC,33
2025-10-02,SKU-1007,Chennai DC,30
2025-10-03,SKU-1007,Chennai DC,26
2025-10-04,SKU-1007,Chennai DC,33
2025-10-05,SKU-1007,Chennai DC,26
2025-10-06,SKU-1007,Chennai DC,28
2025-10-07,SKU-1007,Chennai DC,32
2025-10-08,SKU-1007,Chennai DC,31
2025-10-09,SKU-1007,Chennai DC,29
2025-10-10,SKU-1007,Chennai DC,33
2025-10-11,SKU-1007,Chennai DC,29
2025-10-12,SKU-1007,Chennai DC,31
2025-10-13,SKU-1007,Chennai DC,31
2025-10-14,SKU-1007,Chennai DC,29
2025-10-15,SKU-1007,Chennai DC,29
2025-10-16,SKU-1007,Chennai DC,30
2025-10-17,SKU-1007,Chennai DC,26
2025-10-18,SKU-1007,Chennai DC,31
2025-10-19,SKU-1007,Chennai DC,34
2025-10-20,SKU-1007,Chennai DC,33
2025-10-21,SKU-1007,Chennai DC,26
2025-10-22,SKU-1007,Chennai DC,29
2025-10-23,SKU-1007,Chennai DC,28
2025-10-24,SKU-1007,Chennai DC,33
2025-10-25,SKU-1007,Chennai DC,29
2025-10-26,SKU-1007,Chennai DC,33
2025-10-27,SKU-1007,Chennai DC,32
2025-10-28,SKU-1007,Chennai DC,26
2025-10-29,SKU-1007,Chennai DC,32
2025-10-30,SKU-1007,Chennai DC,32
2025-10-31,SKU-1007,Chennai DC,34
2025-11-01,SKU-1007,Chennai DC,30
2025-11-02,SKU-1007,Chennai DC,33
2025-11-03,SKU-1007,Chennai DC,28
2025-11-04,SKU-1007,Chennai DC,28
2025-11-05,SKU-1007,Chennai DC,30
2025-11-06,SKU-1007,Chennai DC,30
2025-11-07,SKU-1007,Chennai DC,33
2025-11-08,SKU-1007,Chennai DC,31
2025-11-09,SKU-1007,Chennai DC,26
2025-11-10,SKU-1007,Chennai DC,26
2025-11-11,SKU-1007,Chennai DC,32
2025-11-12,SKU-1007,Chennai DC,28
2025-11-13,SKU-1007,Chennai DC,34
2025-11-14,SKU-1007,Chennai DC,32
2025-11-15,SKU-1007,Chennai DC,26
2025-11-16,SKU-1007,Chennai DC,32
2025-11-17,SKU-1007,Chennai DC,28
2025-11-18,SKU-1007,Chennai DC,29
2025-11-19,SKU-1007,Chennai DC,26
2025-11-20,SKU-1007,Chennai DC,34
2025-11-21,SKU-1007,Chennai DC,34
2025-11-22,SKU-1007,Chennai DC,33
2025-11-23,SKU-1007,Chennai DC,29
2025-11-24,SKU-1007,Chennai DC,28
2025-11-25,SKU-1007,Chennai DC,33
2025-11-26,SKU-1007,Chennai DC,28
2025-11-27,SKU-1007,Chennai DC,34
2025-11-28,SKU-1007,Chennai DC,28
2025-11-29,SKU-1007,Chennai DC,29
2025-11-30,SKU-1007,Chennai DC,34
2025-12-01,SKU-1007,Chennai DC,34
2025-12-02,SKU-1007,Chennai DC,32
2025-12-03,SKU-1007,Chennai DC,31
2025-12-04,SKU-1007,Chennai DC,28
2025-12-05,SKU-1007,Chennai DC,27
2025-12-06,SKU-1007,Chennai DC,29
2025-12-07,SKU-1007,Chennai DC,29
2025-12-08,SKU-1007,Chennai DC,26
2025-12-09,SKU-1007,Chennai DC,32
2025-12-10,SKU-1007,Chennai DC,34
2025-12-11,SKU-1007,Chennai DC,26
2025-12-12,SKU-1007,Chennai DC,31
2025-12-13,SKU-1007,Chennai DC,28
2025-12-14,SKU-1007,Chennai DC,33
2025-12-15,SKU-1007,Chennai DC,26
2025-12-16,SKU-1007,Chennai DC,33
2025-12-17,SKU-1007,Chennai DC,29
2025-12-18,SKU-1007,Chennai DC,28
2025-12-19,SKU-1007,Chennai DC,32
2025-12-20,SKU-1007,Chennai DC,30
2025-12-21,SKU-1007,Chennai DC,33
2025-12-22,SKU-1007,Chennai DC,33
2025-12-23,SKU-1007,Chennai DC,32
2025-12-24,SKU-1007,Chennai DC,27
2025-12-25,SKU-1007,Chennai DC,30
2025-12-26,SKU-1007,Chennai DC,34
2025-12-27,SKU-1007,Chennai DC,30
2025-12-28,SKU-1007,Chennai DC,27
2025-12-29,SKU-1007,Chennai DC,28
2025-12-30,SKU-1007,Chennai DC,28
2025-12-31,SKU-1007,Chennai DC,32
2026-01-01,SKU-1007,Chennai DC,28
2026-01-02,SKU-1007,Chennai DC,27
2026-01-03,SKU-1007,Chennai DC,30
2026-01-04,SKU-1007,Chennai DC,26
2026-01-05,SKU-1007,Chennai DC,31
2026-01-06,SKU-1007,Chennai DC,27
2026-01-07,SKU-1007,Chennai DC,31
2026-01-08,SKU-1007,Chennai DC,33
2026-01-09,SKU-1007,Chennai DC,32
2026-01-10,SKU-1007,Chennai DC,34
2026-01-11,SKU-1007,Chennai DC,30
2026-01-12,SKU-1007,Chennai DC,34
2026-01-13,SKU-1007,Chennai DC,29
2026-01-14,SKU-1007,Chennai DC,29
2026-01-15,SKU-1007,Chennai DC,34
2026-01-16,SKU-1007,Chennai DC,30
2026-01-17,SKU-1007,Chennai DC,27
2026-01-18,SKU-1007,Chennai DC,30
2026-01-19,SKU-1007,Chennai DC,32
2026-01-20,SKU-1007,Chennai DC,31
2026-01-21,SKU-1007,Chennai DC,26
2026-01-22,SKU-1007,Chennai DC,26
2026-01-23,SKU-1007,Chennai DC,34
2026-01-24,SKU-1007,Chennai DC,26
2026-01-25,SKU-1007,Chennai DC,28
2026-01-26,SKU-1007,Chennai DC,28
2026-01-27,SKU-1007,Chennai DC,32
2026-01-28,SKU-1007,Chennai DC,34
2026-01-29,SKU-1007,Chennai DC,27
2026-01-30,SKU-1007,Chennai DC,30
2026-01-31,SKU-1007,Chennai DC,34
2026-02-01,SKU-1007,Chennai DC,33
2026-02-02,SKU-1007,Chennai DC,31
2026-02-03,SKU-1007,Chennai DC,29
2026-02-04,SKU-1007,Chennai DC,29
2026-02-05,SKU-1007,Chennai DC,33
2026-02-06,SKU-1007,Chennai DC,27
2026-02-07,SKU-1007,Chennai DC,32
2026-02-08,SKU-1007,Chennai DC,29
2026-02-09,SKU-1007,Chennai DC,32
2026-02-10,SKU-1007,Chennai DC,32
2026-02-11,SKU-1007,Chennai DC,28
2026-02-12,SKU-1007,Chennai DC,29
2026-02-13,SKU-1007,Chennai DC,26
2026-02-14,SKU-1007,Chennai DC,27
2026-02-15,SKU-1007,Chennai DC,34
2026-02-16,SKU-1007,Chennai DC,26
2026-02-17,SKU-1007,Chennai DC,30
2026-02-18,SKU-1007,Chennai DC,33
2026-02-19,SKU-1007,Chennai DC,33
2026-02-20,SKU-1007,Chennai DC,34
2026-02-21,SKU-1007,Chennai DC,28
2026-02-22,SKU-1007,Chennai DC,34
2026-02-23,SKU-1007,Chennai DC,32
2026-02-24,SKU-1007,Chennai DC,27
2026-02-25,SKU-1007,Chennai DC,30
2026-02-26,SKU-1007,Chennai DC,27
2026-02-27,SKU-1007,Chennai DC,30
2026-02-28,SKU-1007,Chennai DC,31
2026-03-01,SKU-1007,Chennai DC,33
2026-03-02,SKU-1007,Chennai DC,31
2026-03-03,SKU-1007,Chennai DC,27
2026-03-04,SKU-1007,Chennai DC,30
2026-03-05,SKU-1007,Chennai DC,32
2026-03-06,SKU-1007,Chennai DC,34
2026-03-07,SKU-1007,Chennai DC,29
2026-03-08,SKU-1007,Chennai DC,26
2026-03-09,SKU-1007,Chennai DC,34
2026-03-10,SKU-1007,Chennai DC,31
2026-03-11,SKU-1007,Chennai DC,30
2026-03-12,SKU-1007,Chennai DC,26
2026-03-13,SKU-1007,Chennai DC,33
2026-03-14,SKU-1007,Chennai DC,32
2026-03-15,SKU-1007,Chennai DC,27
2026-03-16,SKU-1007,Chennai DC,32
2026-03-17,SKU-1007,Chennai DC,30
2026-03-18,SKU-1007,Chennai DC,26
2026-03-19,SKU-1007,Chennai DC,30
2026-03-20,SKU-1007,Chennai DC,28
2026-03-21,SKU-1007,Chennai DC,29
2026-03-22,SKU-1007,Chennai DC,28
2026-03-23,SKU-1007,Chennai DC,29
2026-03-24,SKU-1007,Chennai DC,28
2026-03-25,SKU-1007,Chennai DC,30
2026-03-26,SKU-1007,Chennai DC,32
2026-03-27,SKU-1007,Chennai DC,30
2026-03-28,SKU-1007,Chennai DC,29
2026-03-29,SKU-1007,Chennai DC,26
2026-03-30,SKU-1007,Chennai DC,30
2026-03-31,SKU-1007,Chennai DC,27
2026-04-01,SKU-1007,Chennai DC,32
2026-04-02,SKU-1007,Chennai DC,30
2026-04-03,SKU-1007,Chennai DC,28
2026-04-04,SKU-1007,Chennai DC,29
2026-04-05,SKU-1007,Chennai DC,31
2026-04-06,SKU-1007,Chennai DC,34
2026-04-07,SKU-1007,Chennai DC,30
2026-04-08,SKU-1007,Chennai DC,28
2026-04-09,SKU-1007,Chennai DC,32
2026-04-10,SKU-1007,Chennai DC,29
2026-04-11,SKU-1007,Chennai DC,32
2026-04-12,SKU-1007,Chennai DC,31
2026-04-13,SKU-1007,Chennai DC,30
2026-04-14,SKU-1007,Chennai DC,28
2026-04-15,SKU-1007,Chennai DC,33
2026-04-16,SKU-1007,Chennai DC,28
2026-04-17,SKU-1007,Chennai DC,32
2026-04-18,SKU-1007,Chennai DC,30
2026-04-19,SKU-1007,Chennai DC,28
2026-04-20,SKU-1007,Chennai DC,28
2026-04-21,SKU-1007,Chennai DC,29
2026-04-22,SKU-1007,Chennai DC,33
2026-04-23,SKU-1007,Chennai DC,32
2026-04-24,SKU-1007,Chennai DC,29
2026-04-25,SKU-1007,Chennai DC,28
2026-04-26,SKU-1007,Chennai DC,31
2026-04-27,SKU-1007,Chennai DC,34
2026-04-28,SKU-1007,Chennai DC,32
2026-04-29,SKU-1007,Chennai DC,27
2026-04-30,SKU-1007,Chennai DC,28
2026-05-01,SKU-1007,Chennai DC,33
2026-05-02,SKU-1007,Chennai DC,30
2026-05-03,SKU-1007,Chennai DC,28
2026-05-04,SKU-1007,Chennai DC,29
2026-05-05,SKU-1007,Chennai DC,33
2026-05-06,SKU-1007,Chennai DC,29
2026-05-07,SKU-1007,Chennai DC,34
2026-05-08,SKU-1007,Chennai DC,27
2026-05-09,SKU-1007,Chennai DC,28
2026-05-10,SKU-1007,Chennai DC,34
2026-05-11,SKU-1007,Chennai DC,26
2026-05-12,SKU-1007,Chennai DC,31
2026-05-13,SKU-1007,Chennai DC,34
2026-05-14,SKU-1007,Chennai DC,27
2026-05-15,SKU-1007,Chennai DC,33
2026-05-16,SKU-1007,Chennai DC,33
2026-05-17,SKU-1007,Chennai DC,33
2026-05-18,SKU-1007,Chennai DC,34
2026-05-19,SKU-1007,Chennai DC,26
2026-05-20,SKU-1007,Chennai DC,33
2026-05-21,SKU-1007,Chennai DC,29
2026-05-22,SKU-1007,Chennai DC,28
2026-05-23,SKU-1007,Chennai DC,33
2026-05-24,SKU-1007,Chennai DC,26
2026-05-25,SKU-1007,Chennai DC,31
2026-05-26,SKU-1007,Chennai DC,30
2026-05-27,SKU-1007,Chennai DC,33
2026-05-28,SKU-1007,Chennai DC,31
2026-05-29,SKU-1007,Chennai DC,29
2026-05-30,SKU-1007,Chennai DC,32
2026-05-31,SKU-1007,Chennai DC,28
2026-06-01,SKU-1007,Chennai DC,31
2026-06-02,SKU-1007,Chennai DC,32
2026-06-03,SKU-1007,Chennai DC,28
2026-06-04,SKU-1007,Chennai DC,30
2026-06-05,SKU-1007,Chennai DC,27
2026-06-06,SKU-1007,Chennai DC,27
2026-06-07,SKU-1007,Chennai DC,31
2026-06-08,SKU-1007,Chennai DC,31
2026-06-09,SKU-1007,Chennai DC,33
2026-06-10,SKU-1007,Chennai DC,26
2026-06-11,SKU-1007,Chennai DC,31
2026-06-12,SKU-1007,Chennai DC,26
2026-06-13,SKU-1007,Chennai DC,27
2026-06-14,SKU-1007,Chennai DC,28
2026-06-15,SKU-1007,Chennai DC,30
2026-06-16,SKU-1007,Chennai DC,26
2026-06-17,SKU-1007,Chennai DC,34
2026-06-18,SKU-1007,Chennai DC,32
2026-06-19,SKU-1007,Chennai DC,34
2026-06-20,SKU-1007,Chennai DC,31
2026-06-21,SKU-1007,Chennai DC,28
2026-06-22,SKU-1007,Chennai DC,32
2026-06-23,SKU-1007,Chennai DC,27
2026-06-24,SKU-1007,Chennai DC,31
2026-06-25,SKU-1007,Chennai DC,28
2026-06-26,SKU-1007,Chennai DC,27
2026-06-27,SKU-1007,Chennai DC,26
2026-06-28,SKU-1007,Chennai DC,31
2026-06-29,SKU-1007,Chennai DC,33
2026-06-30,SKU-1007,Chennai DC,28
2026-07-01,SKU-1007,Chennai DC,27
2026-07-02,SKU-1007,Chennai DC,29
2026-07-03,SKU-1007,Chennai DC,30
2026-07-04,SKU-1007,Chennai DC,32
2026-07-05,SKU-1007,Chennai DC,34
2026-07-06,SKU-1007,Chennai DC,33
2026-07-07,SKU-1007,Chennai DC,27
2026-07-08,SKU-1007,Chennai DC,26
2026-07-09,SKU-1007,Chennai DC,33
2026-07-10,SKU-1007,Chennai DC,34
2026-07-11,SKU-1007,Chennai DC,28
2026-07-12,SKU-1007,Chennai DC,29
2026-07-13,SKU-1007,Chennai DC,30
2026-07-14,SKU-1007,Chennai DC,29
2026-07-15,SKU-1007,Chennai DC,28
2026-07-16,SKU-1007,Chennai DC,29
2026-07-17,SKU-1007,Chennai DC,32
2026-07-18,SKU-1007,Chennai DC,32
2026-07-19,SKU-1007,Chennai DC,34
2026-07-20,SKU-1007,Chennai DC,34
2026-07-21,SKU-1007,Chennai DC,34
2026-07-22,SKU-1007,Chennai DC,31
2026-07-23,SKU-1007,Chennai DC,28
2026-07-24,SKU-1007,Chennai DC,31
2026-07-25,SKU-1007,Chennai DC,30
2026-07-26,SKU-1007,Chennai DC,29
2026-07-27,SKU-1007,Chennai DC,32
2026-07-28,SKU-1007,Chennai DC,34
2026-07-29,SKU-1007,Chennai DC,28
2026-07-30,SKU-1007,Chennai DC,29
2026-07-31,SKU-1007,Chennai DC,28
2026-08-01,SKU-1007,Chennai DC,30
2026-08-02,SKU-1007,Chennai DC,26
2026-08-03,SKU-1007,Chennai DC,30
2026-08-04,SKU-1007,Chennai DC,34
2026-08-05,SKU-1007,Chennai DC,26
2026-08-06,SKU-1007,Chennai DC,31
2026-08-07,SKU-1007,Chennai DC,28
2026-08-08,SKU-1007,Chennai DC,28
2026-08-09,SKU-1007,Chennai DC,26
2026-08-10,SKU-1007,Chennai DC,34
2026-08-11,SKU-1007,Chennai DC,32
2026-08-12,SKU-1007,Chennai DC,27
2026-08-13,SKU-1007,Chennai DC,29
2026-08-14,SKU-1007,Chennai DC,26
2026-08-15,SKU-1007,Chennai DC,28
2026-08-16,SKU-1007,Chennai DC,28
2024-08-17,SKU-1007,Siliguri DC,22
2024-08-18,SKU-1007,Siliguri DC,24
2024-08-19,SKU-1007,Siliguri DC,20
2024-08-20,SKU-1007,Siliguri DC,18
2024-08-21,SKU-1007,Siliguri DC,18
2024-08-22,SKU-1007,Siliguri DC,22
2024-08-23,SKU-1007,Siliguri DC,21
2024-08-24,SKU-1007,Siliguri DC,22
2024-08-25,SKU-1007,Siliguri DC,21
2024-08-26,SKU-1007,Siliguri DC,21
2024-08-27,SKU-1007,Siliguri DC,20
2024-08-28,SKU-1007,Siliguri DC,23
2024-08-29,SKU-1007,Siliguri DC,20
2024-08-30,SKU-1007,Siliguri DC,20
2024-08-31,SKU-1007,Siliguri DC,21
2024-09-01,SKU-1007,Siliguri DC,19
2024-09-02,SKU-1007,Siliguri DC,24
2024-09-03,SKU-1007,Siliguri DC,22
2024-09-04,SKU-1007,Siliguri DC,24
2024-09-05,SKU-1007,Siliguri DC,21
2024-09-06,SKU-1007,Siliguri DC,18
2024-09-07,SKU-1007,Siliguri DC,19
2024-09-08,SKU-1007,Siliguri DC,20
2024-09-09,SKU-1007,Siliguri DC,22
2024-09-10,SKU-1007,Siliguri DC,24
2024-09-11,SKU-1007,Siliguri DC,22
2024-09-12,SKU-1007,Siliguri DC,23
2024-09-13,SKU-1007,Siliguri DC,24
2024-09-14,SKU-1007,Siliguri DC,19
2024-09-15,SKU-1007,Siliguri DC,19
2024-09-16,SKU-1007,Siliguri DC,20
2024-09-17,SKU-1007,Siliguri DC,24
2024-09-18,SKU-1007,Siliguri DC,21
2024-09-19,SKU-1007,Siliguri DC,20
2024-09-20,SKU-1007,Siliguri DC,19
2024-09-21,SKU-1007,Siliguri DC,19
2024-09-22,SKU-1007,Siliguri DC,22
2024-09-23,SKU-1007,Siliguri DC,23
2024-09-24,SKU-1007,Siliguri DC,22
2024-09-25,SKU-1007,Siliguri DC,24
2024-09-26,SKU-1007,Siliguri DC,23
2024-09-27,SKU-1007,Siliguri DC,22
2024-09-28,SKU-1007,Siliguri DC,18
2024-09-29,SKU-1007,Siliguri DC,19
2024-09-30,SKU-1007,Siliguri DC,23
2024-10-01,SKU-1007,Siliguri DC,24
2024-10-02,SKU-1007,Siliguri DC,24
2024-10-03,SKU-1007,Siliguri DC,23
2024-10-04,SKU-1007,Siliguri DC,18
2024-10-05,SKU-1007,Siliguri DC,21
2024-10-06,SKU-1007,Siliguri DC,21
2024-10-07,SKU-1007,Siliguri DC,23
2024-10-08,SKU-1007,Siliguri DC,20
2024-10-09,SKU-1007,Siliguri DC,23
2024-10-10,SKU-1007,Siliguri DC,22
2024-10-11,SKU-1007,Siliguri DC,20
2024-10-12,SKU-1007,Siliguri DC,24
2024-10-13,SKU-1007,Siliguri DC,22
2024-10-14,SKU-1007,Siliguri DC,19
2024-10-15,SKU-1007,Siliguri DC,20
2024-10-16,SKU-1007,Siliguri DC,21
2024-10-17,SKU-1007,Siliguri DC,20
2024-10-18,SKU-1007,Siliguri DC,18
2024-10-19,SKU-1007,Siliguri DC,21
2024-10-20,SKU-1007,Siliguri DC,20
2024-10-21,SKU-1007,Siliguri DC,20
2024-10-22,SKU-1007,Siliguri DC,18
2024-10-23,SKU-1007,Siliguri DC,18
2024-10-24,SKU-1007,Siliguri DC,19
2024-10-25,SKU-1007,Siliguri DC,19
2024-10-26,SKU-1007,Siliguri DC,21
2024-10-27,SKU-1007,Siliguri DC,18
2024-10-28,SKU-1007,Siliguri DC,23
2024-10-29,SKU-1007,Siliguri DC,23
2024-10-30,SKU-1007,Siliguri DC,20
2024-10-31,SKU-1007,Siliguri DC,18
2024-11-01,SKU-1007,Siliguri DC,22
2024-11-02,SKU-1007,Siliguri DC,22
2024-11-03,SKU-1007,Siliguri DC,20
2024-11-04,SKU-1007,Siliguri DC,19
2024-11-05,SKU-1007,Siliguri DC,23
2024-11-06,SKU-1007,Siliguri DC,19
2024-11-07,SKU-1007,Siliguri DC,19
2024-11-08,SKU-1007,Siliguri DC,22
2024-11-09,SKU-1007,Siliguri DC,20
2024-11-10,SKU-1007,Siliguri DC,21
2024-11-11,SKU-1007,Siliguri DC,18
2024-11-12,SKU-1007,Siliguri DC,20
2024-11-13,SKU-1007,Siliguri DC,20
2024-11-14,SKU-1007,Siliguri DC,23
2024-11-15,SKU-1007,Siliguri DC,19
2024-11-16,SKU-1007,Siliguri DC,21
2024-11-17,SKU-1007,Siliguri DC,19
2024-11-18,SKU-1007,Siliguri DC,18
2024-11-19,SKU-1007,Siliguri DC,24
2024-11-20,SKU-1007,Siliguri DC,19
2024-11-21,SKU-1007,Siliguri DC,24
2024-11-22,SKU-1007,Siliguri DC,20
2024-11-23,SKU-1007,Siliguri DC,23
2024-11-24,SKU-1007,Siliguri DC,21
2024-11-25,SKU-1007,Siliguri DC,22
2024-11-26,SKU-1007,Siliguri DC,24
2024-11-27,SKU-1007,Siliguri DC,19
2024-11-28,SKU-1007,Siliguri DC,19
2024-11-29,SKU-1007,Siliguri DC,23
2024-11-30,SKU-1007,Siliguri DC,19
2024-12-01,SKU-1007,Siliguri DC,19
2024-12-02,SKU-1007,Siliguri DC,22
2024-12-03,SKU-1007,Siliguri DC,19
2024-12-04,SKU-1007,Siliguri DC,20
2024-12-05,SKU-1007,Siliguri DC,18
2024-12-06,SKU-1007,Siliguri DC,20
2024-12-07,SKU-1007,Siliguri DC,19
2024-12-08,SKU-1007,Siliguri DC,23
2024-12-09,SKU-1007,Siliguri DC,23
2024-12-10,SKU-1007,Siliguri DC,24
2024-12-11,SKU-1007,Siliguri DC,19
2024-12-12,SKU-1007,Siliguri DC,22
2024-12-13,SKU-1007,Siliguri DC,21
2024-12-14,SKU-1007,Siliguri DC,20
2024-12-15,SKU-1007,Siliguri DC,21
2024-12-16,SKU-1007,Siliguri DC,19
2024-12-17,SKU-1007,Siliguri DC,19
2024-12-18,SKU-1007,Siliguri DC,23
2024-12-19,SKU-1007,Siliguri DC,20
2024-12-20,SKU-1007,Siliguri DC,21
2024-12-21,SKU-1007,Siliguri DC,20
2024-12-22,SKU-1007,Siliguri DC,22
2024-12-23,SKU-1007,Siliguri DC,19
2024-12-24,SKU-1007,Siliguri DC,24
2024-12-25,SKU-1007,Siliguri DC,21
2024-12-26,SKU-1007,Siliguri DC,24
2024-12-27,SKU-1007,Siliguri DC,24
2024-12-28,SKU-1007,Siliguri DC,24
2024-12-29,SKU-1007,Siliguri DC,21
2024-12-30,SKU-1007,Siliguri DC,21
2024-12-31,SKU-1007,Siliguri DC,23
2025-01-01,SKU-1007,Siliguri DC,20
2025-01-02,SKU-1007,Siliguri DC,20
2025-01-03,SKU-1007,Siliguri DC,23
2025-01-04,SKU-1007,Siliguri DC,19
2025-01-05,SKU-1007,Siliguri DC,22
2025-01-06,SKU-1007,Siliguri DC,20
2025-01-07,SKU-1007,Siliguri DC,20
2025-01-08,SKU-1007,Siliguri DC,23
2025-01-09,SKU-1007,Siliguri DC,21
2025-01-10,SKU-1007,Siliguri DC,24
2025-01-11,SKU-1007,Siliguri DC,22
2025-01-12,SKU-1007,Siliguri DC,24
2025-01-13,SKU-1007,Siliguri DC,23
2025-01-14,SKU-1007,Siliguri DC,21
2025-01-15,SKU-1007,Siliguri DC,24
2025-01-16,SKU-1007,Siliguri DC,20
2025-01-17,SKU-1007,Siliguri DC,20
2025-01-18,SKU-1007,Siliguri DC,20
2025-01-19,SKU-1007,Siliguri DC,21
2025-01-20,SKU-1007,Siliguri DC,18
2025-01-21,SKU-1007,Siliguri DC,21
2025-01-22,SKU-1007,Siliguri DC,18
2025-01-23,SKU-1007,Siliguri DC,21
2025-01-24,SKU-1007,Siliguri DC,20
2025-01-25,SKU-1007,Siliguri DC,18
2025-01-26,SKU-1007,Siliguri DC,22
2025-01-27,SKU-1007,Siliguri DC,19
2025-01-28,SKU-1007,Siliguri DC,19
2025-01-29,SKU-1007,Siliguri DC,24
2025-01-30,SKU-1007,Siliguri DC,21
2025-01-31,SKU-1007,Siliguri DC,18
2025-02-01,SKU-1007,Siliguri DC,20
2025-02-02,SKU-1007,Siliguri DC,19
2025-02-03,SKU-1007,Siliguri DC,21
2025-02-04,SKU-1007,Siliguri DC,20
2025-02-05,SKU-1007,Siliguri DC,21
2025-02-06,SKU-1007,Siliguri DC,23
2025-02-07,SKU-1007,Siliguri DC,20
2025-02-08,SKU-1007,Siliguri DC,23
2025-02-09,SKU-1007,Siliguri DC,19
2025-02-10,SKU-1007,Siliguri DC,21
2025-02-11,SKU-1007,Siliguri DC,21
2025-02-12,SKU-1007,Siliguri DC,19
2025-02-13,SKU-1007,Siliguri DC,19
2025-02-14,SKU-1007,Siliguri DC,20
2025-02-15,SKU-1007,Siliguri DC,21
2025-02-16,SKU-1007,Siliguri DC,23
2025-02-17,SKU-1007,Siliguri DC,21
2025-02-18,SKU-1007,Siliguri DC,24
2025-02-19,SKU-1007,Siliguri DC,20
2025-02-20,SKU-1007,Siliguri DC,23
2025-02-21,SKU-1007,Siliguri DC,22
2025-02-22,SKU-1007,Siliguri DC,19
2025-02-23,SKU-1007,Siliguri DC,20
2025-02-24,SKU-1007,Siliguri DC,22
2025-02-25,SKU-1007,Siliguri DC,24
2025-02-26,SKU-1007,Siliguri DC,19
2025-02-27,SKU-1007,Siliguri DC,19
2025-02-28,SKU-1007,Siliguri DC,20
2025-03-01,SKU-1007,Siliguri DC,18
2025-03-02,SKU-1007,Siliguri DC,21
2025-03-03,SKU-1007,Siliguri DC,22
2025-03-04,SKU-1007,Siliguri DC,21
2025-03-05,SKU-1007,Siliguri DC,23
2025-03-06,SKU-1007,Siliguri DC,24
2025-03-07,SKU-1007,Siliguri DC,21
2025-03-08,SKU-1007,Siliguri DC,21
2025-03-09,SKU-1007,Siliguri DC,21
2025-03-10,SKU-1007,Siliguri DC,21
2025-03-11,SKU-1007,Siliguri DC,24
2025-03-12,SKU-1007,Siliguri DC,20
2025-03-13,SKU-1007,Siliguri DC,21
2025-03-14,SKU-1007,Siliguri DC,22
2025-03-15,SKU-1007,Siliguri DC,23
2025-03-16,SKU-1007,Siliguri DC,23
2025-03-17,SKU-1007,Siliguri DC,23
2025-03-18,SKU-1007,Siliguri DC,18
2025-03-19,SKU-1007,Siliguri DC,21
2025-03-20,SKU-1007,Siliguri DC,20
2025-03-21,SKU-1007,Siliguri DC,19
2025-03-22,SKU-1007,Siliguri DC,18
2025-03-23,SKU-1007,Siliguri DC,21
2025-03-24,SKU-1007,Siliguri DC,20
2025-03-25,SKU-1007,Siliguri DC,19
2025-03-26,SKU-1007,Siliguri DC,22
2025-03-27,SKU-1007,Siliguri DC,21
2025-03-28,SKU-1007,Siliguri DC,20
2025-03-29,SKU-1007,Siliguri DC,23
2025-03-30,SKU-1007,Siliguri DC,23
2025-03-31,SKU-1007,Siliguri DC,21
2025-04-01,SKU-1007,Siliguri DC,23
2025-04-02,SKU-1007,Siliguri DC,22
2025-04-03,SKU-1007,Siliguri DC,20
2025-04-04,SKU-1007,Siliguri DC,21
2025-04-05,SKU-1007,Siliguri DC,18
2025-04-06,SKU-1007,Siliguri DC,21
2025-04-07,SKU-1007,Siliguri DC,22
2025-04-08,SKU-1007,Siliguri DC,19
2025-04-09,SKU-1007,Siliguri DC,20
2025-04-10,SKU-1007,Siliguri DC,23
2025-04-11,SKU-1007,Siliguri DC,21
2025-04-12,SKU-1007,Siliguri DC,23
2025-04-13,SKU-1007,Siliguri DC,20
2025-04-14,SKU-1007,Siliguri DC,19
2025-04-15,SKU-1007,Siliguri DC,23
2025-04-16,SKU-1007,Siliguri DC,22
2025-04-17,SKU-1007,Siliguri DC,19
2025-04-18,SKU-1007,Siliguri DC,19
2025-04-19,SKU-1007,Siliguri DC,18
2025-04-20,SKU-1007,Siliguri DC,21
2025-04-21,SKU-1007,Siliguri DC,24
2025-04-22,SKU-1007,Siliguri DC,19
2025-04-23,SKU-1007,Siliguri DC,21
2025-04-24,SKU-1007,Siliguri DC,21
2025-04-25,SKU-1007,Siliguri DC,19
2025-04-26,SKU-1007,Siliguri DC,22
2025-04-27,SKU-1007,Siliguri DC,20
2025-04-28,SKU-1007,Siliguri DC,20
2025-04-29,SKU-1007,Siliguri DC,19
2025-04-30,SKU-1007,Siliguri DC,22
2025-05-01,SKU-1007,Siliguri DC,19
2025-05-02,SKU-1007,Siliguri DC,22
2025-05-03,SKU-1007,Siliguri DC,19
2025-05-04,SKU-1007,Siliguri DC,21
2025-05-05,SKU-1007,Siliguri DC,19
2025-05-06,SKU-1007,Siliguri DC,20
2025-05-07,SKU-1007,Siliguri DC,19
2025-05-08,SKU-1007,Siliguri DC,18
2025-05-09,SKU-1007,Siliguri DC,22
2025-05-10,SKU-1007,Siliguri DC,23
2025-05-11,SKU-1007,Siliguri DC,21
2025-05-12,SKU-1007,Siliguri DC,22
2025-05-13,SKU-1007,Siliguri DC,22
2025-05-14,SKU-1007,Siliguri DC,19
2025-05-15,SKU-1007,Siliguri DC,21
2025-05-16,SKU-1007,Siliguri DC,23
2025-05-17,SKU-1007,Siliguri DC,20
2025-05-18,SKU-1007,Siliguri DC,21
2025-05-19,SKU-1007,Siliguri DC,19
2025-05-20,SKU-1007,Siliguri DC,21
2025-05-21,SKU-1007,Siliguri DC,20
2025-05-22,SKU-1007,Siliguri DC,20
2025-05-23,SKU-1007,Siliguri DC,21
2025-05-24,SKU-1007,Siliguri DC,22
2025-05-25,SKU-1007,Siliguri DC,18
2025-05-26,SKU-1007,Siliguri DC,21
2025-05-27,SKU-1007,Siliguri DC,24
2025-05-28,SKU-1007,Siliguri DC,21
2025-05-29,SKU-1007,Siliguri DC,21
2025-05-30,SKU-1007,Siliguri DC,20
2025-05-31,SKU-1007,Siliguri DC,23
2025-06-01,SKU-1007,Siliguri DC,18
2025-06-02,SKU-1007,Siliguri DC,23
2025-06-03,SKU-1007,Siliguri DC,20
2025-06-04,SKU-1007,Siliguri DC,18
2025-06-05,SKU-1007,Siliguri DC,19
2025-06-06,SKU-1007,Siliguri DC,21
2025-06-07,SKU-1007,Siliguri DC,19
2025-06-08,SKU-1007,Siliguri DC,22
2025-06-09,SKU-1007,Siliguri DC,21
2025-06-10,SKU-1007,Siliguri DC,22
2025-06-11,SKU-1007,Siliguri DC,23
2025-06-12,SKU-1007,Siliguri DC,19
2025-06-13,SKU-1007,Siliguri DC,22
2025-06-14,SKU-1007,Siliguri DC,21
2025-06-15,SKU-1007,Siliguri DC,22
2025-06-16,SKU-1007,Siliguri DC,20
2025-06-17,SKU-1007,Siliguri DC,21
2025-06-18,SKU-1007,Siliguri DC,18
2025-06-19,SKU-1007,Siliguri DC,23
2025-06-20,SKU-1007,Siliguri DC,18
2025-06-21,SKU-1007,Siliguri DC,22
2025-06-22,SKU-1007,Siliguri DC,22
2025-06-23,SKU-1007,Siliguri DC,24
2025-06-24,SKU-1007,Siliguri DC,23
2025-06-25,SKU-1007,Siliguri DC,20
2025-06-26,SKU-1007,Siliguri DC,20
2025-06-27,SKU-1007,Siliguri DC,23
2025-06-28,SKU-1007,Siliguri DC,19
2025-06-29,SKU-1007,Siliguri DC,23
2025-06-30,SKU-1007,Siliguri DC,21
2025-07-01,SKU-1007,Siliguri DC,24
2025-07-02,SKU-1007,Siliguri DC,20
2025-07-03,SKU-1007,Siliguri DC,22
2025-07-04,SKU-1007,Siliguri DC,22
2025-07-05,SKU-1007,Siliguri DC,23
2025-07-06,SKU-1007,Siliguri DC,19
2025-07-07,SKU-1007,Siliguri DC,19
2025-07-08,SKU-1007,Siliguri DC,19
2025-07-09,SKU-1007,Siliguri DC,21
2025-07-10,SKU-1007,Siliguri DC,18
2025-07-11,SKU-1007,Siliguri DC,23
2025-07-12,SKU-1007,Siliguri DC,21
2025-07-13,SKU-1007,Siliguri DC,20
2025-07-14,SKU-1007,Siliguri DC,23
2025-07-15,SKU-1007,Siliguri DC,23
2025-07-16,SKU-1007,Siliguri DC,24
2025-07-17,SKU-1007,Siliguri DC,21
2025-07-18,SKU-1007,Siliguri DC,20
2025-07-19,SKU-1007,Siliguri DC,24
2025-07-20,SKU-1007,Siliguri DC,24
2025-07-21,SKU-1007,Siliguri DC,22
2025-07-22,SKU-1007,Siliguri DC,23
2025-07-23,SKU-1007,Siliguri DC,19
2025-07-24,SKU-1007,Siliguri DC,24
2025-07-25,SKU-1007,Siliguri DC,20
2025-07-26,SKU-1007,Siliguri DC,20
2025-07-27,SKU-1007,Siliguri DC,18
2025-07-28,SKU-1007,Siliguri DC,24
2025-07-29,SKU-1007,Siliguri DC,20
2025-07-30,SKU-1007,Siliguri DC,19
2025-07-31,SKU-1007,Siliguri DC,24
2025-08-01,SKU-1007,Siliguri DC,20
2025-08-02,SKU-1007,Siliguri DC,22
2025-08-03,SKU-1007,Siliguri DC,23
2025-08-04,SKU-1007,Siliguri DC,18
2025-08-05,SKU-1007,Siliguri DC,23
2025-08-06,SKU-1007,Siliguri DC,23
2025-08-07,SKU-1007,Siliguri DC,20
2025-08-08,SKU-1007,Siliguri DC,21
2025-08-09,SKU-1007,Siliguri DC,19
2025-08-10,SKU-1007,Siliguri DC,21
2025-08-11,SKU-1007,Siliguri DC,18
2025-08-12,SKU-1007,Siliguri DC,24
2025-08-13,SKU-1007,Siliguri DC,21
2025-08-14,SKU-1007,Siliguri DC,21
2025-08-15,SKU-1007,Siliguri DC,23
2025-08-16,SKU-1007,Siliguri DC,20
2025-08-17,SKU-1007,Siliguri DC,19
2025-08-18,SKU-1007,Siliguri DC,20
2025-08-19,SKU-1007,Siliguri DC,18
2025-08-20,SKU-1007,Siliguri DC,21
2025-08-21,SKU-1007,Siliguri DC,22
2025-08-22,SKU-1007,Siliguri DC,19
2025-08-23,SKU-1007,Siliguri DC,21
2025-08-24,SKU-1007,Siliguri DC,23
2025-08-25,SKU-1007,Siliguri DC,22
2025-08-26,SKU-1007,Siliguri DC,23
2025-08-27,SKU-1007,Siliguri DC,22
2025-08-28,SKU-1007,Siliguri DC,24
2025-08-29,SKU-1007,Siliguri DC,23
2025-08-30,SKU-1007,Siliguri DC,20
2025-08-31,SKU-1007,Siliguri DC,21
2025-09-01,SKU-1007,Siliguri DC,20
2025-09-02,SKU-1007,Siliguri DC,22
2025-09-03,SKU-1007,Siliguri DC,22
2025-09-04,SKU-1007,Siliguri DC,18
2025-09-05,SKU-1007,Siliguri DC,24
2025-09-06,SKU-1007,Siliguri DC,18
2025-09-07,SKU-1007,Siliguri DC,18
2025-09-08,SKU-1007,Siliguri DC,24
2025-09-09,SKU-1007,Siliguri DC,23
2025-09-10,SKU-1007,Siliguri DC,21
2025-09-11,SKU-1007,Siliguri DC,22
2025-09-12,SKU-1007,Siliguri DC,22
2025-09-13,SKU-1007,Siliguri DC,24
2025-09-14,SKU-1007,Siliguri DC,22
2025-09-15,SKU-1007,Siliguri DC,19
2025-09-16,SKU-1007,Siliguri DC,21
2025-09-17,SKU-1007,Siliguri DC,20
2025-09-18,SKU-1007,Siliguri DC,23
2025-09-19,SKU-1007,Siliguri DC,21
2025-09-20,SKU-1007,Siliguri DC,23
2025-09-21,SKU-1007,Siliguri DC,22
2025-09-22,SKU-1007,Siliguri DC,18
2025-09-23,SKU-1007,Siliguri DC,22
2025-09-24,SKU-1007,Siliguri DC,21
2025-09-25,SKU-1007,Siliguri DC,23
2025-09-26,SKU-1007,Siliguri DC,19
2025-09-27,SKU-1007,Siliguri DC,23
2025-09-28,SKU-1007,Siliguri DC,24
2025-09-29,SKU-1007,Siliguri DC,23
2025-09-30,SKU-1007,Siliguri DC,20
2025-10-01,SKU-1007,Siliguri DC,23
2025-10-02,SKU-1007,Siliguri DC,19
2025-10-03,SKU-1007,Siliguri DC,21
2025-10-04,SKU-1007,Siliguri DC,19
2025-10-05,SKU-1007,Siliguri DC,22
2025-10-06,SKU-1007,Siliguri DC,21
2025-10-07,SKU-1007,Siliguri DC,18
2025-10-08,SKU-1007,Siliguri DC,23
2025-10-09,SKU-1007,Siliguri DC,20
2025-10-10,SKU-1007,Siliguri DC,22
2025-10-11,SKU-1007,Siliguri DC,19
2025-10-12,SKU-1007,Siliguri DC,20
2025-10-13,SKU-1007,Siliguri DC,21
2025-10-14,SKU-1007,Siliguri DC,20
2025-10-15,SKU-1007,Siliguri DC,21
2025-10-16,SKU-1007,Siliguri DC,22
2025-10-17,SKU-1007,Siliguri DC,22
2025-10-18,SKU-1007,Siliguri DC,20
2025-10-19,SKU-1007,Siliguri DC,23
2025-10-20,SKU-1007,Siliguri DC,21
2025-10-21,SKU-1007,Siliguri DC,23
2025-10-22,SKU-1007,Siliguri DC,23
2025-10-23,SKU-1007,Siliguri DC,23
2025-10-24,SKU-1007,Siliguri DC,18
2025-10-25,SKU-1007,Siliguri DC,22
2025-10-26,SKU-1007,Siliguri DC,19
2025-10-27,SKU-1007,Siliguri DC,18
2025-10-28,SKU-1007,Siliguri DC,21
2025-10-29,SKU-1007,Siliguri DC,19
2025-10-30,SKU-1007,Siliguri DC,20
2025-10-31,SKU-1007,Siliguri DC,21
2025-11-01,SKU-1007,Siliguri DC,24
2025-11-02,SKU-1007,Siliguri DC,19
2025-11-03,SKU-1007,Siliguri DC,24
2025-11-04,SKU-1007,Siliguri DC,20
2025-11-05,SKU-1007,Siliguri DC,19
2025-11-06,SKU-1007,Siliguri DC,20
2025-11-07,SKU-1007,Siliguri DC,20
2025-11-08,SKU-1007,Siliguri DC,23
2025-11-09,SKU-1007,Siliguri DC,19
2025-11-10,SKU-1007,Siliguri DC,21
2025-11-11,SKU-1007,Siliguri DC,18
2025-11-12,SKU-1007,Siliguri DC,23
2025-11-13,SKU-1007,Siliguri DC,19
2025-11-14,SKU-1007,Siliguri DC,21
2025-11-15,SKU-1007,Siliguri DC,23
2025-11-16,SKU-1007,Siliguri DC,23
2025-11-17,SKU-1007,Siliguri DC,18
2025-11-18,SKU-1007,Siliguri DC,19
2025-11-19,SKU-1007,Siliguri DC,19
2025-11-20,SKU-1007,Siliguri DC,20
2025-11-21,SKU-1007,Siliguri DC,23
2025-11-22,SKU-1007,Siliguri DC,21
2025-11-23,SKU-1007,Siliguri DC,18
2025-11-24,SKU-1007,Siliguri DC,20
2025-11-25,SKU-1007,Siliguri DC,24
2025-11-26,SKU-1007,Siliguri DC,22
2025-11-27,SKU-1007,Siliguri DC,20
2025-11-28,SKU-1007,Siliguri DC,22
2025-11-29,SKU-1007,Siliguri DC,18
2025-11-30,SKU-1007,Siliguri DC,21
2025-12-01,SKU-1007,Siliguri DC,21
2025-12-02,SKU-1007,Siliguri DC,24
2025-12-03,SKU-1007,Siliguri DC,24
2025-12-04,SKU-1007,Siliguri DC,18
2025-12-05,SKU-1007,Siliguri DC,22
2025-12-06,SKU-1007,Siliguri DC,20
2025-12-07,SKU-1007,Siliguri DC,20
2025-12-08,SKU-1007,Siliguri DC,22
2025-12-09,SKU-1007,Siliguri DC,24
2025-12-10,SKU-1007,Siliguri DC,19
2025-12-11,SKU-1007,Siliguri DC,22
2025-12-12,SKU-1007,Siliguri DC,22
2025-12-13,SKU-1007,Siliguri DC,21
2025-12-14,SKU-1007,Siliguri DC,20
2025-12-15,SKU-1007,Siliguri DC,24
2025-12-16,SKU-1007,Siliguri DC,20
2025-12-17,SKU-1007,Siliguri DC,22
2025-12-18,SKU-1007,Siliguri DC,20
2025-12-19,SKU-1007,Siliguri DC,23
2025-12-20,SKU-1007,Siliguri DC,24
2025-12-21,SKU-1007,Siliguri DC,19
2025-12-22,SKU-1007,Siliguri DC,18
2025-12-23,SKU-1007,Siliguri DC,19
2025-12-24,SKU-1007,Siliguri DC,22
2025-12-25,SKU-1007,Siliguri DC,21
2025-12-26,SKU-1007,Siliguri DC,19
2025-12-27,SKU-1007,Siliguri DC,22
2025-12-28,SKU-1007,Siliguri DC,22
2025-12-29,SKU-1007,Siliguri DC,20
2025-12-30,SKU-1007,Siliguri DC,23
2025-12-31,SKU-1007,Siliguri DC,21
2026-01-01,SKU-1007,Siliguri DC,19
2026-01-02,SKU-1007,Siliguri DC,22
2026-01-03,SKU-1007,Siliguri DC,19
2026-01-04,SKU-1007,Siliguri DC,22
2026-01-05,SKU-1007,Siliguri DC,22
2026-01-06,SKU-1007,Siliguri DC,19
2026-01-07,SKU-1007,Siliguri DC,22
2026-01-08,SKU-1007,Siliguri DC,21
2026-01-09,SKU-1007,Siliguri DC,24
2026-01-10,SKU-1007,Siliguri DC,20
2026-01-11,SKU-1007,Siliguri DC,20
2026-01-12,SKU-1007,Siliguri DC,22
2026-01-13,SKU-1007,Siliguri DC,23
2026-01-14,SKU-1007,Siliguri DC,22
2026-01-15,SKU-1007,Siliguri DC,21
2026-01-16,SKU-1007,Siliguri DC,21
2026-01-17,SKU-1007,Siliguri DC,23
2026-01-18,SKU-1007,Siliguri DC,20
2026-01-19,SKU-1007,Siliguri DC,21
2026-01-20,SKU-1007,Siliguri DC,21
2026-01-21,SKU-1007,Siliguri DC,24
2026-01-22,SKU-1007,Siliguri DC,24
2026-01-23,SKU-1007,Siliguri DC,21
2026-01-24,SKU-1007,Siliguri DC,23
2026-01-25,SKU-1007,Siliguri DC,22
2026-01-26,SKU-1007,Siliguri DC,22
2026-01-27,SKU-1007,Siliguri DC,22
2026-01-28,SKU-1007,Siliguri DC,23
2026-01-29,SKU-1007,Siliguri DC,20
2026-01-30,SKU-1007,Siliguri DC,23
2026-01-31,SKU-1007,Siliguri DC,18
2026-02-01,SKU-1007,Siliguri DC,19
2026-02-02,SKU-1007,Siliguri DC,22
2026-02-03,SKU-1007,Siliguri DC,23
2026-02-04,SKU-1007,Siliguri DC,22
2026-02-05,SKU-1007,Siliguri DC,23
2026-02-06,SKU-1007,Siliguri DC,20
2026-02-07,SKU-1007,Siliguri DC,24
2026-02-08,SKU-1007,Siliguri DC,20
2026-02-09,SKU-1007,Siliguri DC,21
2026-02-10,SKU-1007,Siliguri DC,19
2026-02-11,SKU-1007,Siliguri DC,19
2026-02-12,SKU-1007,Siliguri DC,19
2026-02-13,SKU-1007,Siliguri DC,23
2026-02-14,SKU-1007,Siliguri DC,22
2026-02-15,SKU-1007,Siliguri DC,21
2026-02-16,SKU-1007,Siliguri DC,21
2026-02-17,SKU-1007,Siliguri DC,21
2026-02-18,SKU-1007,Siliguri DC,20
2026-02-19,SKU-1007,Siliguri DC,18
2026-02-20,SKU-1007,Siliguri DC,23
2026-02-21,SKU-1007,Siliguri DC,24
2026-02-22,SKU-1007,Siliguri DC,23
2026-02-23,SKU-1007,Siliguri DC,23
2026-02-24,SKU-1007,Siliguri DC,22
2026-02-25,SKU-1007,Siliguri DC,22
2026-02-26,SKU-1007,Siliguri DC,21
2026-02-27,SKU-1007,Siliguri DC,19
2026-02-28,SKU-1007,Siliguri DC,19
2026-03-01,SKU-1007,Siliguri DC,18
2026-03-02,SKU-1007,Siliguri DC,19
2026-03-03,SKU-1007,Siliguri DC,20
2026-03-04,SKU-1007,Siliguri DC,19
2026-03-05,SKU-1007,Siliguri DC,20
2026-03-06,SKU-1007,Siliguri DC,23
2026-03-07,SKU-1007,Siliguri DC,22
2026-03-08,SKU-1007,Siliguri DC,23
2026-03-09,SKU-1007,Siliguri DC,22
2026-03-10,SKU-1007,Siliguri DC,20
2026-03-11,SKU-1007,Siliguri DC,22
2026-03-12,SKU-1007,Siliguri DC,23
2026-03-13,SKU-1007,Siliguri DC,20
2026-03-14,SKU-1007,Siliguri DC,21
2026-03-15,SKU-1007,Siliguri DC,23
2026-03-16,SKU-1007,Siliguri DC,18
2026-03-17,SKU-1007,Siliguri DC,18
2026-03-18,SKU-1007,Siliguri DC,23
2026-03-19,SKU-1007,Siliguri DC,19
2026-03-20,SKU-1007,Siliguri DC,23
2026-03-21,SKU-1007,Siliguri DC,21
2026-03-22,SKU-1007,Siliguri DC,23
2026-03-23,SKU-1007,Siliguri DC,22
2026-03-24,SKU-1007,Siliguri DC,22
2026-03-25,SKU-1007,Siliguri DC,19
2026-03-26,SKU-1007,Siliguri DC,21
2026-03-27,SKU-1007,Siliguri DC,18
2026-03-28,SKU-1007,Siliguri DC,18
2026-03-29,SKU-1007,Siliguri DC,21
2026-03-30,SKU-1007,Siliguri DC,22
2026-03-31,SKU-1007,Siliguri DC,23
2026-04-01,SKU-1007,Siliguri DC,20
2026-04-02,SKU-1007,Siliguri DC,20
2026-04-03,SKU-1007,Siliguri DC,21
2026-04-04,SKU-1007,Siliguri DC,20
2026-04-05,SKU-1007,Siliguri DC,19
2026-04-06,SKU-1007,Siliguri DC,23
2026-04-07,SKU-1007,Siliguri DC,20
2026-04-08,SKU-1007,Siliguri DC,19
2026-04-09,SKU-1007,Siliguri DC,24
2026-04-10,SKU-1007,Siliguri DC,18
2026-04-11,SKU-1007,Siliguri DC,18
2026-04-12,SKU-1007,Siliguri DC,19
2026-04-13,SKU-1007,Siliguri DC,24
2026-04-14,SKU-1007,Siliguri DC,20
2026-04-15,SKU-1007,Siliguri DC,19
2026-04-16,SKU-1007,Siliguri DC,23
2026-04-17,SKU-1007,Siliguri DC,22
2026-04-18,SKU-1007,Siliguri DC,19
2026-04-19,SKU-1007,Siliguri DC,23
2026-04-20,SKU-1007,Siliguri DC,20
2026-04-21,SKU-1007,Siliguri DC,24
2026-04-22,SKU-1007,Siliguri DC,19
2026-04-23,SKU-1007,Siliguri DC,22
2026-04-24,SKU-1007,Siliguri DC,19
2026-04-25,SKU-1007,Siliguri DC,18
2026-04-26,SKU-1007,Siliguri DC,21
2026-04-27,SKU-1007,Siliguri DC,22
2026-04-28,SKU-1007,Siliguri DC,23
2026-04-29,SKU-1007,Siliguri DC,18
2026-04-30,SKU-1007,Siliguri DC,22
2026-05-01,SKU-1007,Siliguri DC,20
2026-05-02,SKU-1007,Siliguri DC,19
2026-05-03,SKU-1007,Siliguri DC,18
2026-05-04,SKU-1007,Siliguri DC,23
2026-05-05,SKU-1007,Siliguri DC,22
2026-05-06,SKU-1007,Siliguri DC,19
2026-05-07,SKU-1007,Siliguri DC,23
2026-05-08,SKU-1007,Siliguri DC,20
2026-05-09,SKU-1007,Siliguri DC,18
2026-05-10,SKU-1007,Siliguri DC,20
2026-05-11,SKU-1007,Siliguri DC,18
2026-05-12,SKU-1007,Siliguri DC,18
2026-05-13,SKU-1007,Siliguri DC,20
2026-05-14,SKU-1007,Siliguri DC,20
2026-05-15,SKU-1007,Siliguri DC,21
2026-05-16,SKU-1007,Siliguri DC,18
2026-05-17,SKU-1007,Siliguri DC,19
2026-05-18,SKU-1007,Siliguri DC,21
2026-05-19,SKU-1007,Siliguri DC,24
2026-05-20,SKU-1007,Siliguri DC,22
2026-05-21,SKU-1007,Siliguri DC,19
2026-05-22,SKU-1007,Siliguri DC,22
2026-05-23,SKU-1007,Siliguri DC,21
2026-05-24,SKU-1007,Siliguri DC,21
2026-05-25,SKU-1007,Siliguri DC,24
2026-05-26,SKU-1007,Siliguri DC,23
2026-05-27,SKU-1007,Siliguri DC,19
2026-05-28,SKU-1007,Siliguri DC,19
2026-05-29,SKU-1007,Siliguri DC,19
2026-05-30,SKU-1007,Siliguri DC,19
2026-05-31,SKU-1007,Siliguri DC,23
2026-06-01,SKU-1007,Siliguri DC,20
2026-06-02,SKU-1007,Siliguri DC,23
2026-06-03,SKU-1007,Siliguri DC,19
2026-06-04,SKU-1007,Siliguri DC,18
2026-06-05,SKU-1007,Siliguri DC,22
2026-06-06,SKU-1007,Siliguri DC,21
2026-06-07,SKU-1007,Siliguri DC,22
2026-06-08,SKU-1007,Siliguri DC,20
2026-06-09,SKU-1007,Siliguri DC,23
2026-06-10,SKU-1007,Siliguri DC,21
2026-06-11,SKU-1007,Siliguri DC,21
2026-06-12,SKU-1007,Siliguri DC,20
2026-06-13,SKU-1007,Siliguri DC,21
2026-06-14,SKU-1007,Siliguri DC,20
2026-06-15,SKU-1007,Siliguri DC,22
2026-06-16,SKU-1007,Siliguri DC,20
2026-06-17,SKU-1007,Siliguri DC,22
2026-06-18,SKU-1007,Siliguri DC,19
2026-06-19,SKU-1007,Siliguri DC,22
2026-06-20,SKU-1007,Siliguri DC,23
2026-06-21,SKU-1007,Siliguri DC,19
2026-06-22,SKU-1007,Siliguri DC,23
2026-06-23,SKU-1007,Siliguri DC,19
2026-06-24,SKU-1007,Siliguri DC,20
2026-06-25,SKU-1007,Siliguri DC,22
2026-06-26,SKU-1007,Siliguri DC,23
2026-06-27,SKU-1007,Siliguri DC,24
2026-06-28,SKU-1007,Siliguri DC,20
2026-06-29,SKU-1007,Siliguri DC,22
2026-06-30,SKU-1007,Siliguri DC,19
2026-07-01,SKU-1007,Siliguri DC,24
2026-07-02,SKU-1007,Siliguri DC,23
2026-07-03,SKU-1007,Siliguri DC,20
2026-07-04,SKU-1007,Siliguri DC,20
2026-07-05,SKU-1007,Siliguri DC,22
2026-07-06,SKU-1007,Siliguri DC,20
2026-07-07,SKU-1007,Siliguri DC,23
2026-07-08,SKU-1007,Siliguri DC,20
2026-07-09,SKU-1007,Siliguri DC,19
2026-07-10,SKU-1007,Siliguri DC,22
2026-07-11,SKU-1007,Siliguri DC,24
2026-07-12,SKU-1007,Siliguri DC,24
2026-07-13,SKU-1007,Siliguri DC,22
2026-07-14,SKU-1007,Siliguri DC,22
2026-07-15,SKU-1007,Siliguri DC,23
2026-07-16,SKU-1007,Siliguri DC,21
2026-07-17,SKU-1007,Siliguri DC,19
2026-07-18,SKU-1007,Siliguri DC,20
2026-07-19,SKU-1007,Siliguri DC,22
2026-07-20,SKU-1007,Siliguri DC,21
2026-07-21,SKU-1007,Siliguri DC,19
2026-07-22,SKU-1007,Siliguri DC,22
2026-07-23,SKU-1007,Siliguri DC,20
2026-07-24,SKU-1007,Siliguri DC,19
2026-07-25,SKU-1007,Siliguri DC,21
2026-07-26,SKU-1007,Siliguri DC,23
2026-07-27,SKU-1007,Siliguri DC,18
2026-07-28,SKU-1007,Siliguri DC,19
2026-07-29,SKU-1007,Siliguri DC,18
2026-07-30,SKU-1007,Siliguri DC,22
2026-07-31,SKU-1007,Siliguri DC,21
2026-08-01,SKU-1007,Siliguri DC,19
2026-08-02,SKU-1007,Siliguri DC,20
2026-08-03,SKU-1007,Siliguri DC,19
2026-08-04,SKU-1007,Siliguri DC,20
2026-08-05,SKU-1007,Siliguri DC,19
2026-08-06,SKU-1007,Siliguri DC,22
2026-08-07,SKU-1007,Siliguri DC,21
2026-08-08,SKU-1007,Siliguri DC,19
2026-08-09,SKU-1007,Siliguri DC,20
2026-08-10,SKU-1007,Siliguri DC,19
2026-08-11,SKU-1007,Siliguri DC,20
2026-08-12,SKU-1007,Siliguri DC,23
2026-08-13,SKU-1007,Siliguri DC,21
2026-08-14,SKU-1007,Siliguri DC,19
2026-08-15,SKU-1007,Siliguri DC,23
2026-08-16,SKU-1007,Siliguri DC,19
2024-08-17,SKU-1010,Pune DC,19
2024-08-18,SKU-1010,Pune DC,20
2024-08-19,SKU-1010,Pune DC,19
2024-08-20,SKU-1010,Pune DC,20
2024-08-21,SKU-1010,Pune DC,16
2024-08-22,SKU-1010,Pune DC,19
2024-08-23,SKU-1010,Pune DC,17
2024-08-24,SKU-1010,Pune DC,18
2024-08-25,SKU-1010,Pune DC,20
2024-08-26,SKU-1010,Pune DC,19
2024-08-27,SKU-1010,Pune DC,20
2024-08-28,SKU-1010,Pune DC,19
2024-08-29,SKU-1010,Pune DC,19
2024-08-30,SKU-1010,Pune DC,19
2024-08-31,SKU-1010,Pune DC,18
2024-09-01,SKU-1010,Pune DC,18
2024-09-02,SKU-1010,Pune DC,16
2024-09-03,SKU-1010,Pune DC,20
2024-09-04,SKU-1010,Pune DC,19
2024-09-05,SKU-1010,Pune DC,18
2024-09-06,SKU-1010,Pune DC,17
2024-09-07,SKU-1010,Pune DC,19
2024-09-08,SKU-1010,Pune DC,16
2024-09-09,SKU-1010,Pune DC,17
2024-09-10,SKU-1010,Pune DC,19
2024-09-11,SKU-1010,Pune DC,17
2024-09-12,SKU-1010,Pune DC,16
2024-09-13,SKU-1010,Pune DC,17
2024-09-14,SKU-1010,Pune DC,20
2024-09-15,SKU-1010,Pune DC,18
2024-09-16,SKU-1010,Pune DC,21
2024-09-17,SKU-1010,Pune DC,17
2024-09-18,SKU-1010,Pune DC,21
2024-09-19,SKU-1010,Pune DC,20
2024-09-20,SKU-1010,Pune DC,18
2024-09-21,SKU-1010,Pune DC,17
2024-09-22,SKU-1010,Pune DC,20
2024-09-23,SKU-1010,Pune DC,15
2024-09-24,SKU-1010,Pune DC,19
2024-09-25,SKU-1010,Pune DC,20
2024-09-26,SKU-1010,Pune DC,19
2024-09-27,SKU-1010,Pune DC,20
2024-09-28,SKU-1010,Pune DC,20
2024-09-29,SKU-1010,Pune DC,19
2024-09-30,SKU-1010,Pune DC,20
2024-10-01,SKU-1010,Pune DC,18
2024-10-02,SKU-1010,Pune DC,18
2024-10-03,SKU-1010,Pune DC,18
2024-10-04,SKU-1010,Pune DC,16
2024-10-05,SKU-1010,Pune DC,19
2024-10-06,SKU-1010,Pune DC,19
2024-10-07,SKU-1010,Pune DC,18
2024-10-08,SKU-1010,Pune DC,17
2024-10-09,SKU-1010,Pune DC,19
2024-10-10,SKU-1010,Pune DC,17
2024-10-11,SKU-1010,Pune DC,18
2024-10-12,SKU-1010,Pune DC,18
2024-10-13,SKU-1010,Pune DC,19
2024-10-14,SKU-1010,Pune DC,16
2024-10-15,SKU-1010,Pune DC,18
2024-10-16,SKU-1010,Pune DC,20
2024-10-17,SKU-1010,Pune DC,20
2024-10-18,SKU-1010,Pune DC,19
2024-10-19,SKU-1010,Pune DC,17
2024-10-20,SKU-1010,Pune DC,20
2024-10-21,SKU-1010,Pune DC,15
2024-10-22,SKU-1010,Pune DC,17
2024-10-23,SKU-1010,Pune DC,18
2024-10-24,SKU-1010,Pune DC,16
2024-10-25,SKU-1010,Pune DC,19
2024-10-26,SKU-1010,Pune DC,17
2024-10-27,SKU-1010,Pune DC,19
2024-10-28,SKU-1010,Pune DC,16
2024-10-29,SKU-1010,Pune DC,16
2024-10-30,SKU-1010,Pune DC,18
2024-10-31,SKU-1010,Pune DC,20
2024-11-01,SKU-1010,Pune DC,17
2024-11-02,SKU-1010,Pune DC,20
2024-11-03,SKU-1010,Pune DC,18
2024-11-04,SKU-1010,Pune DC,21
2024-11-05,SKU-1010,Pune DC,17
2024-11-06,SKU-1010,Pune DC,17
2024-11-07,SKU-1010,Pune DC,16
2024-11-08,SKU-1010,Pune DC,18
2024-11-09,SKU-1010,Pune DC,20
2024-11-10,SKU-1010,Pune DC,18
2024-11-11,SKU-1010,Pune DC,18
2024-11-12,SKU-1010,Pune DC,20
2024-11-13,SKU-1010,Pune DC,20
2024-11-14,SKU-1010,Pune DC,20
2024-11-15,SKU-1010,Pune DC,16
2024-11-16,SKU-1010,Pune DC,16
2024-11-17,SKU-1010,Pune DC,18
2024-11-18,SKU-1010,Pune DC,20
2024-11-19,SKU-1010,Pune DC,21
2024-11-20,SKU-1010,Pune DC,20
2024-11-21,SKU-1010,Pune DC,18
2024-11-22,SKU-1010,Pune DC,19
2024-11-23,SKU-1010,Pune DC,20
2024-11-24,SKU-1010,Pune DC,18
2024-11-25,SKU-1010,Pune DC,20
2024-11-26,SKU-1010,Pune DC,19
2024-11-27,SKU-1010,Pune DC,17
2024-11-28,SKU-1010,Pune DC,16
2024-11-29,SKU-1010,Pune DC,17
2024-11-30,SKU-1010,Pune DC,20
2024-12-01,SKU-1010,Pune DC,26
2024-12-02,SKU-1010,Pune DC,26
2024-12-03,SKU-1010,Pune DC,27
2024-12-04,SKU-1010,Pune DC,27
2024-12-05,SKU-1010,Pune DC,29
2024-12-06,SKU-1010,Pune DC,28
2024-12-07,SKU-1010,Pune DC,28
2024-12-08,SKU-1010,Pune DC,32
2024-12-09,SKU-1010,Pune DC,25
2024-12-10,SKU-1010,Pune DC,29
2024-12-11,SKU-1010,Pune DC,25
2024-12-12,SKU-1010,Pune DC,29
2024-12-13,SKU-1010,Pune DC,30
2024-12-14,SKU-1010,Pune DC,33
2024-12-15,SKU-1010,Pune DC,26
2024-12-16,SKU-1010,Pune DC,33
2024-12-17,SKU-1010,Pune DC,25
2024-12-18,SKU-1010,Pune DC,30
2024-12-19,SKU-1010,Pune DC,27
2024-12-20,SKU-1010,Pune DC,27
2024-12-21,SKU-1010,Pune DC,28
2024-12-22,SKU-1010,Pune DC,25
2024-12-23,SKU-1010,Pune DC,28
2024-12-24,SKU-1010,Pune DC,25
2024-12-25,SKU-1010,Pune DC,30
2024-12-26,SKU-1010,Pune DC,29
2024-12-27,SKU-1010,Pune DC,30
2024-12-28,SKU-1010,Pune DC,28
2024-12-29,SKU-1010,Pune DC,26
2024-12-30,SKU-1010,Pune DC,28
2024-12-31,SKU-1010,Pune DC,29
2025-01-01,SKU-1010,Pune DC,30
2025-01-02,SKU-1010,Pune DC,32
2025-01-03,SKU-1010,Pune DC,29
2025-01-04,SKU-1010,Pune DC,25
2025-01-05,SKU-1010,Pune DC,26
2025-01-06,SKU-1010,Pune DC,29
2025-01-07,SKU-1010,Pune DC,29
2025-01-08,SKU-1010,Pune DC,33
2025-01-09,SKU-1010,Pune DC,30
2025-01-10,SKU-1010,Pune DC,28
2025-01-11,SKU-1010,Pune DC,28
2025-01-12,SKU-1010,Pune DC,29
2025-01-13,SKU-1010,Pune DC,27
2025-01-14,SKU-1010,Pune DC,29
2025-01-15,SKU-1010,Pune DC,26
2025-01-16,SKU-1010,Pune DC,25
2025-01-17,SKU-1010,Pune DC,31
2025-01-18,SKU-1010,Pune DC,28
2025-01-19,SKU-1010,Pune DC,33
2025-01-20,SKU-1010,Pune DC,31
2025-01-21,SKU-1010,Pune DC,30
2025-01-22,SKU-1010,Pune DC,30
2025-01-23,SKU-1010,Pune DC,29
2025-01-24,SKU-1010,Pune DC,33
2025-01-25,SKU-1010,Pune DC,31
2025-01-26,SKU-1010,Pune DC,29
2025-01-27,SKU-1010,Pune DC,27
2025-01-28,SKU-1010,Pune DC,28
2025-01-29,SKU-1010,Pune DC,28
2025-01-30,SKU-1010,Pune DC,31
2025-01-31,SKU-1010,Pune DC,31
2025-02-01,SKU-1010,Pune DC,17
2025-02-02,SKU-1010,Pune DC,17
2025-02-03,SKU-1010,Pune DC,20
2025-02-04,SKU-1010,Pune DC,20
2025-02-05,SKU-1010,Pune DC,18
2025-02-06,SKU-1010,Pune DC,20
2025-02-07,SKU-1010,Pune DC,19
2025-02-08,SKU-1010,Pune DC,18
2025-02-09,SKU-1010,Pune DC,17
2025-02-10,SKU-1010,Pune DC,18
2025-02-11,SKU-1010,Pune DC,19
2025-02-12,SKU-1010,Pune DC,17
2025-02-13,SKU-1010,Pune DC,20
2025-02-14,SKU-1010,Pune DC,17
2025-02-15,SKU-1010,Pune DC,16
2025-02-16,SKU-1010,Pune DC,18
2025-02-17,SKU-1010,Pune DC,20
2025-02-18,SKU-1010,Pune DC,17
2025-02-19,SKU-1010,Pune DC,19
2025-02-20,SKU-1010,Pune DC,19
2025-02-21,SKU-1010,Pune DC,17
2025-02-22,SKU-1010,Pune DC,17
2025-02-23,SKU-1010,Pune DC,19
2025-02-24,SKU-1010,Pune DC,15
2025-02-25,SKU-1010,Pune DC,19
2025-02-26,SKU-1010,Pune DC,20
2025-02-27,SKU-1010,Pune DC,18
2025-02-28,SKU-1010,Pune DC,17
2025-03-01,SKU-1010,Pune DC,20
2025-03-02,SKU-1010,Pune DC,19
2025-03-03,SKU-1010,Pune DC,19
2025-03-04,SKU-1010,Pune DC,21
2025-03-05,SKU-1010,Pune DC,16
2025-03-06,SKU-1010,Pune DC,19
2025-03-07,SKU-1010,Pune DC,16
2025-03-08,SKU-1010,Pune DC,16
2025-03-09,SKU-1010,Pune DC,18
2025-03-10,SKU-1010,Pune DC,19
2025-03-11,SKU-1010,Pune DC,16
2025-03-12,SKU-1010,Pune DC,18
2025-03-13,SKU-1010,Pune DC,20
2025-03-14,SKU-1010,Pune DC,19
2025-03-15,SKU-1010,Pune DC,16
2025-03-16,SKU-1010,Pune DC,16
2025-03-17,SKU-1010,Pune DC,19
2025-03-18,SKU-1010,Pune DC,17
2025-03-19,SKU-1010,Pune DC,20
2025-03-20,SKU-1010,Pune DC,17
2025-03-21,SKU-1010,Pune DC,19
2025-03-22,SKU-1010,Pune DC,15
2025-03-23,SKU-1010,Pune DC,16
2025-03-24,SKU-1010,Pune DC,21
2025-03-25,SKU-1010,Pune DC,15
2025-03-26,SKU-1010,Pune DC,19
2025-03-27,SKU-1010,Pune DC,17
2025-03-28,SKU-1010,Pune DC,15
2025-03-29,SKU-1010,Pune DC,16
2025-03-30,SKU-1010,Pune DC,19
2025-03-31,SKU-1010,Pune DC,17
2025-04-01,SKU-1010,Pune DC,21
2025-04-02,SKU-1010,Pune DC,16
2025-04-03,SKU-1010,Pune DC,18
2025-04-04,SKU-1010,Pune DC,16
2025-04-05,SKU-1010,Pune DC,20
2025-04-06,SKU-1010,Pune DC,16
2025-04-07,SKU-1010,Pune DC,17
2025-04-08,SKU-1010,Pune DC,16
2025-04-09,SKU-1010,Pune DC,16
2025-04-10,SKU-1010,Pune DC,18
2025-04-11,SKU-1010,Pune DC,20
2025-04-12,SKU-1010,Pune DC,16
2025-04-13,SKU-1010,Pune DC,17
2025-04-14,SKU-1010,Pune DC,19
2025-04-15,SKU-1010,Pune DC,16
2025-04-16,SKU-1010,Pune DC,19
2025-04-17,SKU-1010,Pune DC,19
2025-04-18,SKU-1010,Pune DC,20
2025-04-19,SKU-1010,Pune DC,18
2025-04-20,SKU-1010,Pune DC,17
2025-04-21,SKU-1010,Pune DC,21
2025-04-22,SKU-1010,Pune DC,16
2025-04-23,SKU-1010,Pune DC,18
2025-04-24,SKU-1010,Pune DC,17
2025-04-25,SKU-1010,Pune DC,19
2025-04-26,SKU-1010,Pune DC,18
2025-04-27,SKU-1010,Pune DC,16
2025-04-28,SKU-1010,Pune DC,18
2025-04-29,SKU-1010,Pune DC,18
2025-04-30,SKU-1010,Pune DC,18
2025-05-01,SKU-1010,Pune DC,21
2025-05-02,SKU-1010,Pune DC,16
2025-05-03,SKU-1010,Pune DC,18
2025-05-04,SKU-1010,Pune DC,18
2025-05-05,SKU-1010,Pune DC,15
2025-05-06,SKU-1010,Pune DC,18
2025-05-07,SKU-1010,Pune DC,20
2025-05-08,SKU-1010,Pune DC,18
2025-05-09,SKU-1010,Pune DC,19
2025-05-10,SKU-1010,Pune DC,20
2025-05-11,SKU-1010,Pune DC,19
2025-05-12,SKU-1010,Pune DC,17
2025-05-13,SKU-1010,Pune DC,18
2025-05-14,SKU-1010,Pune DC,16
2025-05-15,SKU-1010,Pune DC,17
2025-05-16,SKU-1010,Pune DC,16
2025-05-17,SKU-1010,Pune DC,18
2025-05-18,SKU-1010,Pune DC,19
2025-05-19,SKU-1010,Pune DC,18
2025-05-20,SKU-1010,Pune DC,17
2025-05-21,SKU-1010,Pune DC,17
2025-05-22,SKU-1010,Pune DC,19
2025-05-23,SKU-1010,Pune DC,19
2025-05-24,SKU-1010,Pune DC,17
2025-05-25,SKU-1010,Pune DC,16
2025-05-26,SKU-1010,Pune DC,17
2025-05-27,SKU-1010,Pune DC,17
2025-05-28,SKU-1010,Pune DC,18
2025-05-29,SKU-1010,Pune DC,19
2025-05-30,SKU-1010,Pune DC,20
2025-05-31,SKU-1010,Pune DC,16
2025-06-01,SKU-1010,Pune DC,18
2025-06-02,SKU-1010,Pune DC,17
2025-06-03,SKU-1010,Pune DC,19
2025-06-04,SKU-1010,Pune DC,18
2025-06-05,SKU-1010,Pune DC,19
2025-06-06,SKU-1010,Pune DC,18
2025-06-07,SKU-1010,Pune DC,18
2025-06-08,SKU-1010,Pune DC,18
2025-06-09,SKU-1010,Pune DC,20
2025-06-10,SKU-1010,Pune DC,19
2025-06-11,SKU-1010,Pune DC,15
2025-06-12,SKU-1010,Pune DC,16
2025-06-13,SKU-1010,Pune DC,16
2025-06-14,SKU-1010,Pune DC,21
2025-06-15,SKU-1010,Pune DC,20
2025-06-16,SKU-1010,Pune DC,17
2025-06-17,SKU-1010,Pune DC,18
2025-06-18,SKU-1010,Pune DC,20
2025-06-19,SKU-1010,Pune DC,17
2025-06-20,SKU-1010,Pune DC,20
2025-06-21,SKU-1010,Pune DC,19
2025-06-22,SKU-1010,Pune DC,18
2025-06-23,SKU-1010,Pune DC,19
2025-06-24,SKU-1010,Pune DC,21
2025-06-25,SKU-1010,Pune DC,17
2025-06-26,SKU-1010,Pune DC,17
2025-06-27,SKU-1010,Pune DC,18
2025-06-28,SKU-1010,Pune DC,19
2025-06-29,SKU-1010,Pune DC,19
2025-06-30,SKU-1010,Pune DC,16
2025-07-01,SKU-1010,Pune DC,15
2025-07-02,SKU-1010,Pune DC,16
2025-07-03,SKU-1010,Pune DC,16
2025-07-04,SKU-1010,Pune DC,19
2025-07-05,SKU-1010,Pune DC,15
2025-07-06,SKU-1010,Pune DC,16
2025-07-07,SKU-1010,Pune DC,19
2025-07-08,SKU-1010,Pune DC,16
2025-07-09,SKU-1010,Pune DC,18
2025-07-10,SKU-1010,Pune DC,20
2025-07-11,SKU-1010,Pune DC,20
2025-07-12,SKU-1010,Pune DC,20
2025-07-13,SKU-1010,Pune DC,17
2025-07-14,SKU-1010,Pune DC,17
2025-07-15,SKU-1010,Pune DC,17
2025-07-16,SKU-1010,Pune DC,15
2025-07-17,SKU-1010,Pune DC,20
2025-07-18,SKU-1010,Pune DC,19
2025-07-19,SKU-1010,Pune DC,19
2025-07-20,SKU-1010,Pune DC,16
2025-07-21,SKU-1010,Pune DC,19
2025-07-22,SKU-1010,Pune DC,17
2025-07-23,SKU-1010,Pune DC,19
2025-07-24,SKU-1010,Pune DC,15
2025-07-25,SKU-1010,Pune DC,16
2025-07-26,SKU-1010,Pune DC,16
2025-07-27,SKU-1010,Pune DC,20
2025-07-28,SKU-1010,Pune DC,19
2025-07-29,SKU-1010,Pune DC,16
2025-07-30,SKU-1010,Pune DC,18
2025-07-31,SKU-1010,Pune DC,16
2025-08-01,SKU-1010,Pune DC,20
2025-08-02,SKU-1010,Pune DC,20
2025-08-03,SKU-1010,Pune DC,19
2025-08-04,SKU-1010,Pune DC,20
2025-08-05,SKU-1010,Pune DC,19
2025-08-06,SKU-1010,Pune DC,17
2025-08-07,SKU-1010,Pune DC,19
2025-08-08,SKU-1010,Pune DC,20
2025-08-09,SKU-1010,Pune DC,16
2025-08-10,SKU-1010,Pune DC,17
2025-08-11,SKU-1010,Pune DC,18
2025-08-12,SKU-1010,Pune DC,20
2025-08-13,SKU-1010,Pune DC,19
2025-08-14,SKU-1010,Pune DC,20
2025-08-15,SKU-1010,Pune DC,18
2025-08-16,SKU-1010,Pune DC,21
2025-08-17,SKU-1010,Pune DC,16
2025-08-18,SKU-1010,Pune DC,16
2025-08-19,SKU-1010,Pune DC,17
2025-08-20,SKU-1010,Pune DC,15
2025-08-21,SKU-1010,Pune DC,18
2025-08-22,SKU-1010,Pune DC,16
2025-08-23,SKU-1010,Pune DC,16
2025-08-24,SKU-1010,Pune DC,20
2025-08-25,SKU-1010,Pune DC,17
2025-08-26,SKU-1010,Pune DC,16
2025-08-27,SKU-1010,Pune DC,18
2025-08-28,SKU-1010,Pune DC,18
2025-08-29,SKU-1010,Pune DC,20
2025-08-30,SKU-1010,Pune DC,18
2025-08-31,SKU-1010,Pune DC,16
2025-09-01,SKU-1010,Pune DC,19
2025-09-02,SKU-1010,Pune DC,17
2025-09-03,SKU-1010,Pune DC,16
2025-09-04,SKU-1010,Pune DC,15
2025-09-05,SKU-1010,Pune DC,16
2025-09-06,SKU-1010,Pune DC,18
2025-09-07,SKU-1010,Pune DC,16
2025-09-08,SKU-1010,Pune DC,16
2025-09-09,SKU-1010,Pune DC,20
2025-09-10,SKU-1010,Pune DC,18
2025-09-11,SKU-1010,Pune DC,17
2025-09-12,SKU-1010,Pune DC,19
2025-09-13,SKU-1010,Pune DC,18
2025-09-14,SKU-1010,Pune DC,18
2025-09-15,SKU-1010,Pune DC,15
2025-09-16,SKU-1010,Pune DC,16
2025-09-17,SKU-1010,Pune DC,15
2025-09-18,SKU-1010,Pune DC,18
2025-09-19,SKU-1010,Pune DC,18
2025-09-20,SKU-1010,Pune DC,17
2025-09-21,SKU-1010,Pune DC,18
2025-09-22,SKU-1010,Pune DC,17
2025-09-23,SKU-1010,Pune DC,18
2025-09-24,SKU-1010,Pune DC,17
2025-09-25,SKU-1010,Pune DC,17
2025-09-26,SKU-1010,Pune DC,17
2025-09-27,SKU-1010,Pune DC,19
2025-09-28,SKU-1010,Pune DC,17
2025-09-29,SKU-1010,Pune DC,18
2025-09-30,SKU-1010,Pune DC,20
2025-10-01,SKU-1010,Pune DC,16
2025-10-02,SKU-1010,Pune DC,19
2025-10-03,SKU-1010,Pune DC,20
2025-10-04,SKU-1010,Pune DC,17
2025-10-05,SKU-1010,Pune DC,16
2025-10-06,SKU-1010,Pune DC,20
2025-10-07,SKU-1010,Pune DC,18
2025-10-08,SKU-1010,Pune DC,18
2025-10-09,SKU-1010,Pune DC,20
2025-10-10,SKU-1010,Pune DC,16
2025-10-11,SKU-1010,Pune DC,15
2025-10-12,SKU-1010,Pune DC,21
2025-10-13,SKU-1010,Pune DC,16
2025-10-14,SKU-1010,Pune DC,19
2025-10-15,SKU-1010,Pune DC,15
2025-10-16,SKU-1010,Pune DC,19
2025-10-17,SKU-1010,Pune DC,18
2025-10-18,SKU-1010,Pune DC,18
2025-10-19,SKU-1010,Pune DC,20
2025-10-20,SKU-1010,Pune DC,16
2025-10-21,SKU-1010,Pune DC,16
2025-10-22,SKU-1010,Pune DC,16
2025-10-23,SKU-1010,Pune DC,20
2025-10-24,SKU-1010,Pune DC,17
2025-10-25,SKU-1010,Pune DC,19
2025-10-26,SKU-1010,Pune DC,16
2025-10-27,SKU-1010,Pune DC,16
2025-10-28,SKU-1010,Pune DC,16
2025-10-29,SKU-1010,Pune DC,19
2025-10-30,SKU-1010,Pune DC,16
2025-10-31,SKU-1010,Pune DC,18
2025-11-01,SKU-1010,Pune DC,20
2025-11-02,SKU-1010,Pune DC,20
2025-11-03,SKU-1010,Pune DC,19
2025-11-04,SKU-1010,Pune DC,18
2025-11-05,SKU-1010,Pune DC,18
2025-11-06,SKU-1010,Pune DC,20
2025-11-07,SKU-1010,Pune DC,17
2025-11-08,SKU-1010,Pune DC,16
2025-11-09,SKU-1010,Pune DC,18
2025-11-10,SKU-1010,Pune DC,18
2025-11-11,SKU-1010,Pune DC,18
2025-11-12,SKU-1010,Pune DC,19
2025-11-13,SKU-1010,Pune DC,18
2025-11-14,SKU-1010,Pune DC,18
2025-11-15,SKU-1010,Pune DC,17
2025-11-16,SKU-1010,Pune DC,18
2025-11-17,SKU-1010,Pune DC,19
2025-11-18,SKU-1010,Pune DC,20
2025-11-19,SKU-1010,Pune DC,19
2025-11-20,SKU-1010,Pune DC,16
2025-11-21,SKU-1010,Pune DC,15
2025-11-22,SKU-1010,Pune DC,18
2025-11-23,SKU-1010,Pune DC,18
2025-11-24,SKU-1010,Pune DC,20
2025-11-25,SKU-1010,Pune DC,19
2025-11-26,SKU-1010,Pune DC,21
2025-11-27,SKU-1010,Pune DC,17
2025-11-28,SKU-1010,Pune DC,16
2025-11-29,SKU-1010,Pune DC,19
2025-11-30,SKU-1010,Pune DC,21
2025-12-01,SKU-1010,Pune DC,31
2025-12-02,SKU-1010,Pune DC,29
2025-12-03,SKU-1010,Pune DC,26
2025-12-04,SKU-1010,Pune DC,30
2025-12-05,SKU-1010,Pune DC,32
2025-12-06,SKU-1010,Pune DC,30
2025-12-07,SKU-1010,Pune DC,25
2025-12-08,SKU-1010,Pune DC,33
2025-12-09,SKU-1010,Pune DC,29
2025-12-10,SKU-1010,Pune DC,27
2025-12-11,SKU-1010,Pune DC,32
2025-12-12,SKU-1010,Pune DC,27
2025-12-13,SKU-1010,Pune DC,30
2025-12-14,SKU-1010,Pune DC,30
2025-12-15,SKU-1010,Pune DC,30
2025-12-16,SKU-1010,Pune DC,29
2025-12-17,SKU-1010,Pune DC,30
2025-12-18,SKU-1010,Pune DC,28
2025-12-19,SKU-1010,Pune DC,28
2025-12-20,SKU-1010,Pune DC,27
2025-12-21,SKU-1010,Pune DC,30
2025-12-22,SKU-1010,Pune DC,33
2025-12-23,SKU-1010,Pune DC,31
2025-12-24,SKU-1010,Pune DC,29
2025-12-25,SKU-1010,Pune DC,31
2025-12-26,SKU-1010,Pune DC,28
2025-12-27,SKU-1010,Pune DC,26
2025-12-28,SKU-1010,Pune DC,31
2025-12-29,SKU-1010,Pune DC,33
2025-12-30,SKU-1010,Pune DC,26
2025-12-31,SKU-1010,Pune DC,30
2026-01-01,SKU-1010,Pune DC,28
2026-01-02,SKU-1010,Pune DC,31
2026-01-03,SKU-1010,Pune DC,30
2026-01-04,SKU-1010,Pune DC,30
2026-01-05,SKU-1010,Pune DC,25
2026-01-06,SKU-1010,Pune DC,28
2026-01-07,SKU-1010,Pune DC,25
2026-01-08,SKU-1010,Pune DC,26
2026-01-09,SKU-1010,Pune DC,29
2026-01-10,SKU-1010,Pune DC,27
2026-01-11,SKU-1010,Pune DC,28
2026-01-12,SKU-1010,Pune DC,26
2026-01-13,SKU-1010,Pune DC,27
2026-01-14,SKU-1010,Pune DC,25
2026-01-15,SKU-1010,Pune DC,31
2026-01-16,SKU-1010,Pune DC,31
2026-01-17,SKU-1010,Pune DC,29
2026-01-18,SKU-1010,Pune DC,30
2026-01-19,SKU-1010,Pune DC,32
2026-01-20,SKU-1010,Pune DC,31
2026-01-21,SKU-1010,Pune DC,25
2026-01-22,SKU-1010,Pune DC,28
2026-01-23,SKU-1010,Pune DC,33
2026-01-24,SKU-1010,Pune DC,25
2026-01-25,SKU-1010,Pune DC,30
2026-01-26,SKU-1010,Pune DC,31
2026-01-27,SKU-1010,Pune DC,32
2026-01-28,SKU-1010,Pune DC,33
2026-01-29,SKU-1010,Pune DC,30
2026-01-30,SKU-1010,Pune DC,29
2026-01-31,SKU-1010,Pune DC,31
2026-02-01,SKU-1010,Pune DC,19
2026-02-02,SKU-1010,Pune DC,18
2026-02-03,SKU-1010,Pune DC,19
2026-02-04,SKU-1010,Pune DC,19
2026-02-05,SKU-1010,Pune DC,17
2026-02-06,SKU-1010,Pune DC,17
2026-02-07,SKU-1010,Pune DC,18
2026-02-08,SKU-1010,Pune DC,20
2026-02-09,SKU-1010,Pune DC,20
2026-02-10,SKU-1010,Pune DC,17
2026-02-11,SKU-1010,Pune DC,19
2026-02-12,SKU-1010,Pune DC,18
2026-02-13,SKU-1010,Pune DC,19
2026-02-14,SKU-1010,Pune DC,18
2026-02-15,SKU-1010,Pune DC,18
2026-02-16,SKU-1010,Pune DC,17
2026-02-17,SKU-1010,Pune DC,19
2026-02-18,SKU-1010,Pune DC,17
2026-02-19,SKU-1010,Pune DC,20
2026-02-20,SKU-1010,Pune DC,18
2026-02-21,SKU-1010,Pune DC,18
2026-02-22,SKU-1010,Pune DC,20
2026-02-23,SKU-1010,Pune DC,17
2026-02-24,SKU-1010,Pune DC,16
2026-02-25,SKU-1010,Pune DC,20
2026-02-26,SKU-1010,Pune DC,18
2026-02-27,SKU-1010,Pune DC,17
2026-02-28,SKU-1010,Pune DC,17
2026-03-01,SKU-1010,Pune DC,18
2026-03-02,SKU-1010,Pune DC,21
2026-03-03,SKU-1010,Pune DC,16
2026-03-04,SKU-1010,Pune DC,16
2026-03-05,SKU-1010,Pune DC,16
2026-03-06,SKU-1010,Pune DC,19
2026-03-07,SKU-1010,Pune DC,20
2026-03-08,SKU-1010,Pune DC,20
2026-03-09,SKU-1010,Pune DC,19
2026-03-10,SKU-1010,Pune DC,15
2026-03-11,SKU-1010,Pune DC,20
2026-03-12,SKU-1010,Pune DC,17
2026-03-13,SKU-1010,Pune DC,16
2026-03-14,SKU-1010,Pune DC,19
2026-03-15,SKU-1010,Pune DC,15
2026-03-16,SKU-1010,Pune DC,17
2026-03-17,SKU-1010,Pune DC,17
2026-03-18,SKU-1010,Pune DC,16
2026-03-19,SKU-1010,Pune DC,16
2026-03-20,SKU-1010,Pune DC,17
2026-03-21,SKU-1010,Pune DC,18
2026-03-22,SKU-1010,Pune DC,19
2026-03-23,SKU-1010,Pune DC,16
2026-03-24,SKU-1010,Pune DC,18
2026-03-25,SKU-1010,Pune DC,18
2026-03-26,SKU-1010,Pune DC,19
2026-03-27,SKU-1010,Pune DC,18
2026-03-28,SKU-1010,Pune DC,19
2026-03-29,SKU-1010,Pune DC,17
2026-03-30,SKU-1010,Pune DC,18
2026-03-31,SKU-1010,Pune DC,17
2026-04-01,SKU-1010,Pune DC,16
2026-04-02,SKU-1010,Pune DC,19
2026-04-03,SKU-1010,Pune DC,17
2026-04-04,SKU-1010,Pune DC,18
2026-04-05,SKU-1010,Pune DC,20
2026-04-06,SKU-1010,Pune DC,20
2026-04-07,SKU-1010,Pune DC,17
2026-04-08,SKU-1010,Pune DC,16
2026-04-09,SKU-1010,Pune DC,19
2026-04-10,SKU-1010,Pune DC,18
2026-04-11,SKU-1010,Pune DC,20
2026-04-12,SKU-1010,Pune DC,16
2026-04-13,SKU-1010,Pune DC,18
2026-04-14,SKU-1010,Pune DC,16
2026-04-15,SKU-1010,Pune DC,19
2026-04-16,SKU-1010,Pune DC,17
2026-04-17,SKU-1010,Pune DC,20
2026-04-18,SKU-1010,Pune DC,18
2026-04-19,SKU-1010,Pune DC,20
2026-04-20,SKU-1010,Pune DC,20
2026-04-21,SKU-1010,Pune DC,17
2026-04-22,SKU-1010,Pune DC,16
2026-04-23,SKU-1010,Pune DC,19
2026-04-24,SKU-1010,Pune DC,18
2026-04-25,SKU-1010,Pune DC,17
2026-04-26,SKU-1010,Pune DC,18
2026-04-27,SKU-1010,Pune DC,19
2026-04-28,SKU-1010,Pune DC,20
2026-04-29,SKU-1010,Pune DC,17
2026-04-30,SKU-1010,Pune DC,17
2026-05-01,SKU-1010,Pune DC,16
2026-05-02,SKU-1010,Pune DC,17
2026-05-03,SKU-1010,Pune DC,16
2026-05-04,SKU-1010,Pune DC,19
2026-05-05,SKU-1010,Pune DC,17
2026-05-06,SKU-1010,Pune DC,19
2026-05-07,SKU-1010,Pune DC,17
2026-05-08,SKU-1010,Pune DC,17
2026-05-09,SKU-1010,Pune DC,16
2026-05-10,SKU-1010,Pune DC,17
2026-05-11,SKU-1010,Pune DC,19
2026-05-12,SKU-1010,Pune DC,20
2026-05-13,SKU-1010,Pune DC,20
2026-05-14,SKU-1010,Pune DC,19
2026-05-15,SKU-1010,Pune DC,18
2026-05-16,SKU-1010,Pune DC,17
2026-05-17,SKU-1010,Pune DC,17
2026-05-18,SKU-1010,Pune DC,18
2026-05-19,SKU-1010,Pune DC,17
2026-05-20,SKU-1010,Pune DC,17
2026-05-21,SKU-1010,Pune DC,15
2026-05-22,SKU-1010,Pune DC,19
2026-05-23,SKU-1010,Pune DC,19
2026-05-24,SKU-1010,Pune DC,21
2026-05-25,SKU-1010,Pune DC,21
2026-05-26,SKU-1010,Pune DC,20
2026-05-27,SKU-1010,Pune DC,19
2026-05-28,SKU-1010,Pune DC,18
2026-05-29,SKU-1010,Pune DC,15
2026-05-30,SKU-1010,Pune DC,18
2026-05-31,SKU-1010,Pune DC,20
2026-06-01,SKU-1010,Pune DC,17
2026-06-02,SKU-1010,Pune DC,16
2026-06-03,SKU-1010,Pune DC,18
2026-06-04,SKU-1010,Pune DC,18
2026-06-05,SKU-1010,Pune DC,16
2026-06-06,SKU-1010,Pune DC,16
2026-06-07,SKU-1010,Pune DC,18
2026-06-08,SKU-1010,Pune DC,20
2026-06-09,SKU-1010,Pune DC,20
2026-06-10,SKU-1010,Pune DC,17
2026-06-11,SKU-1010,Pune DC,21
2026-06-12,SKU-1010,Pune DC,17
2026-06-13,SKU-1010,Pune DC,17
2026-06-14,SKU-1010,Pune DC,21
2026-06-15,SKU-1010,Pune DC,18
2026-06-16,SKU-1010,Pune DC,17
2026-06-17,SKU-1010,Pune DC,17
2026-06-18,SKU-1010,Pune DC,21
2026-06-19,SKU-1010,Pune DC,19
2026-06-20,SKU-1010,Pune DC,15
2026-06-21,SKU-1010,Pune DC,20
2026-06-22,SKU-1010,Pune DC,20
2026-06-23,SKU-1010,Pune DC,21
2026-06-24,SKU-1010,Pune DC,16
2026-06-25,SKU-1010,Pune DC,17
2026-06-26,SKU-1010,Pune DC,19
2026-06-27,SKU-1010,Pune DC,17
2026-06-28,SKU-1010,Pune DC,16
2026-06-29,SKU-1010,Pune DC,20
2026-06-30,SKU-1010,Pune DC,20
2026-07-01,SKU-1010,Pune DC,17
2026-07-02,SKU-1010,Pune DC,20
2026-07-03,SKU-1010,Pune DC,17
2026-07-04,SKU-1010,Pune DC,21
2026-07-05,SKU-1010,Pune DC,18
2026-07-06,SKU-1010,Pune DC,20
2026-07-07,SKU-1010,Pune DC,18
2026-07-08,SKU-1010,Pune DC,18
2026-07-09,SKU-1010,Pune DC,19
2026-07-10,SKU-1010,Pune DC,20
2026-07-11,SKU-1010,Pune DC,19
2026-07-12,SKU-1010,Pune DC,15
2026-07-13,SKU-1010,Pune DC,18
2026-07-14,SKU-1010,Pune DC,20
2026-07-15,SKU-1010,Pune DC,18
2026-07-16,SKU-1010,Pune DC,16
2026-07-17,SKU-1010,Pune DC,19
2026-07-18,SKU-1010,Pune DC,17
2026-07-19,SKU-1010,Pune DC,18
2026-07-20,SKU-1010,Pune DC,16
2026-07-21,SKU-1010,Pune DC,18
2026-07-22,SKU-1010,Pune DC,17
2026-07-23,SKU-1010,Pune DC,20
2026-07-24,SKU-1010,Pune DC,20
2026-07-25,SKU-1010,Pune DC,20
2026-07-26,SKU-1010,Pune DC,16
2026-07-27,SKU-1010,Pune DC,21
2026-07-28,SKU-1010,Pune DC,20
2026-07-29,SKU-1010,Pune DC,19
2026-07-30,SKU-1010,Pune DC,18
2026-07-31,SKU-1010,Pune DC,16
2026-08-01,SKU-1010,Pune DC,17
2026-08-02,SKU-1010,Pune DC,19
2026-08-03,SKU-1010,Pune DC,18
2026-08-04,SKU-1010,Pune DC,19
2026-08-05,SKU-1010,Pune DC,18
2026-08-06,SKU-1010,Pune DC,20
2026-08-07,SKU-1010,Pune DC,18
2026-08-08,SKU-1010,Pune DC,18
2026-08-09,SKU-1010,Pune DC,16
2026-08-10,SKU-1010,Pune DC,17
2026-08-11,SKU-1010,Pune DC,17
2026-08-12,SKU-1010,Pune DC,20
2026-08-13,SKU-1010,Pune DC,15
2026-08-14,SKU-1010,Pune DC,20
2026-08-15,SKU-1010,Pune DC,20
2026-08-16,SKU-1010,Pune DC,17
2024-08-17,SKU-1010,Chennai DC,16
2024-08-18,SKU-1010,Chennai DC,17
2024-08-19,SKU-1010,Chennai DC,17
2024-08-20,SKU-1010,Chennai DC,15
2024-08-21,SKU-1010,Chennai DC,17
2024-08-22,SKU-1010,Chennai DC,16
2024-08-23,SKU-1010,Chennai DC,13
2024-08-24,SKU-1010,Chennai DC,13
2024-08-25,SKU-1010,Chennai DC,17
2024-08-26,SKU-1010,Chennai DC,15
2024-08-27,SKU-1010,Chennai DC,15
2024-08-28,SKU-1010,Chennai DC,17
2024-08-29,SKU-1010,Chennai DC,14
2024-08-30,SKU-1010,Chennai DC,13
2024-08-31,SKU-1010,Chennai DC,14
2024-09-01,SKU-1010,Chennai DC,13
2024-09-02,SKU-1010,Chennai DC,13
2024-09-03,SKU-1010,Chennai DC,17
2024-09-04,SKU-1010,Chennai DC,15
2024-09-05,SKU-1010,Chennai DC,17
2024-09-06,SKU-1010,Chennai DC,14
2024-09-07,SKU-1010,Chennai DC,15
2024-09-08,SKU-1010,Chennai DC,15
2024-09-09,SKU-1010,Chennai DC,16
2024-09-10,SKU-1010,Chennai DC,14
2024-09-11,SKU-1010,Chennai DC,15
2024-09-12,SKU-1010,Chennai DC,13
2024-09-13,SKU-1010,Chennai DC,16
2024-09-14,SKU-1010,Chennai DC,16
2024-09-15,SKU-1010,Chennai DC,16
2024-09-16,SKU-1010,Chennai DC,16
2024-09-17,SKU-1010,Chennai DC,14
2024-09-18,SKU-1010,Chennai DC,16
2024-09-19,SKU-1010,Chennai DC,15
2024-09-20,SKU-1010,Chennai DC,15
2024-09-21,SKU-1010,Chennai DC,16
2024-09-22,SKU-1010,Chennai DC,16
2024-09-23,SKU-1010,Chennai DC,14
2024-09-24,SKU-1010,Chennai DC,15
2024-09-25,SKU-1010,Chennai DC,15
2024-09-26,SKU-1010,Chennai DC,16
2024-09-27,SKU-1010,Chennai DC,16
2024-09-28,SKU-1010,Chennai DC,13
2024-09-29,SKU-1010,Chennai DC,16
2024-09-30,SKU-1010,Chennai DC,13
2024-10-01,SKU-1010,Chennai DC,13
2024-10-02,SKU-1010,Chennai DC,16
2024-10-03,SKU-1010,Chennai DC,13
2024-10-04,SKU-1010,Chennai DC,14
2024-10-05,SKU-1010,Chennai DC,13
2024-10-06,SKU-1010,Chennai DC,17
2024-10-07,SKU-1010,Chennai DC,14
2024-10-08,SKU-1010,Chennai DC,16
2024-10-09,SKU-1010,Chennai DC,16
2024-10-10,SKU-1010,Chennai DC,13
2024-10-11,SKU-1010,Chennai DC,14
2024-10-12,SKU-1010,Chennai DC,14
2024-10-13,SKU-1010,Chennai DC,17
2024-10-14,SKU-1010,Chennai DC,13
2024-10-15,SKU-1010,Chennai DC,16
2024-10-16,SKU-1010,Chennai DC,15
2024-10-17,SKU-1010,Chennai DC,17
2024-10-18,SKU-1010,Chennai DC,15
2024-10-19,SKU-1010,Chennai DC,13
2024-10-20,SKU-1010,Chennai DC,13
2024-10-21,SKU-1010,Chennai DC,17
2024-10-22,SKU-1010,Chennai DC,14
2024-10-23,SKU-1010,Chennai DC,16
2024-10-24,SKU-1010,Chennai DC,13
2024-10-25,SKU-1010,Chennai DC,17
2024-10-26,SKU-1010,Chennai DC,16
2024-10-27,SKU-1010,Chennai DC,15
2024-10-28,SKU-1010,Chennai DC,16
2024-10-29,SKU-1010,Chennai DC,15
2024-10-30,SKU-1010,Chennai DC,16
2024-10-31,SKU-1010,Chennai DC,15
2024-11-01,SKU-1010,Chennai DC,13
2024-11-02,SKU-1010,Chennai DC,13
2024-11-03,SKU-1010,Chennai DC,15
2024-11-04,SKU-1010,Chennai DC,14
2024-11-05,SKU-1010,Chennai DC,16
2024-11-06,SKU-1010,Chennai DC,15
2024-11-07,SKU-1010,Chennai DC,14
2024-11-08,SKU-1010,Chennai DC,15
2024-11-09,SKU-1010,Chennai DC,15
2024-11-10,SKU-1010,Chennai DC,13
2024-11-11,SKU-1010,Chennai DC,17
2024-11-12,SKU-1010,Chennai DC,14
2024-11-13,SKU-1010,Chennai DC,16
2024-11-14,SKU-1010,Chennai DC,16
2024-11-15,SKU-1010,Chennai DC,13
2024-11-16,SKU-1010,Chennai DC,15
2024-11-17,SKU-1010,Chennai DC,14
2024-11-18,SKU-1010,Chennai DC,13
2024-11-19,SKU-1010,Chennai DC,15
2024-11-20,SKU-1010,Chennai DC,13
2024-11-21,SKU-1010,Chennai DC,17
2024-11-22,SKU-1010,Chennai DC,17
2024-11-23,SKU-1010,Chennai DC,16
2024-11-24,SKU-1010,Chennai DC,13
2024-11-25,SKU-1010,Chennai DC,15
2024-11-26,SKU-1010,Chennai DC,14
2024-11-27,SKU-1010,Chennai DC,14
2024-11-28,SKU-1010,Chennai DC,16
2024-11-29,SKU-1010,Chennai DC,14
2024-11-30,SKU-1010,Chennai DC,17
2024-12-01,SKU-1010,Chennai DC,22
2024-12-02,SKU-1010,Chennai DC,27
2024-12-03,SKU-1010,Chennai DC,25
2024-12-04,SKU-1010,Chennai DC,21
2024-12-05,SKU-1010,Chennai DC,27
2024-12-06,SKU-1010,Chennai DC,26
2024-12-07,SKU-1010,Chennai DC,22
2024-12-08,SKU-1010,Chennai DC,24
2024-12-09,SKU-1010,Chennai DC,26
2024-12-10,SKU-1010,Chennai DC,26
2024-12-11,SKU-1010,Chennai DC,22
2024-12-12,SKU-1010,Chennai DC,27
2024-12-13,SKU-1010,Chennai DC,24
2024-12-14,SKU-1010,Chennai DC,24
2024-12-15,SKU-1010,Chennai DC,22
2024-12-16,SKU-1010,Chennai DC,20
2024-12-17,SKU-1010,Chennai DC,27
2024-12-18,SKU-1010,Chennai DC,21
2024-12-19,SKU-1010,Chennai DC,26
2024-12-20,SKU-1010,Chennai DC,27
2024-12-21,SKU-1010,Chennai DC,27
2024-12-22,SKU-1010,Chennai DC,24
2024-12-23,SKU-1010,Chennai DC,22
2024-12-24,SKU-1010,Chennai DC,21
2024-12-25,SKU-1010,Chennai DC,28
2024-12-26,SKU-1010,Chennai DC,22
2024-12-27,SKU-1010,Chennai DC,22
2024-12-28,SKU-1010,Chennai DC,25
2024-12-29,SKU-1010,Chennai DC,22
2024-12-30,SKU-1010,Chennai DC,21
2024-12-31,SKU-1010,Chennai DC,27
2025-01-01,SKU-1010,Chennai DC,25
2025-01-02,SKU-1010,Chennai DC,26
2025-01-03,SKU-1010,Chennai DC,26
2025-01-04,SKU-1010,Chennai DC,24
2025-01-05,SKU-1010,Chennai DC,24
2025-01-06,SKU-1010,Chennai DC,24
2025-01-07,SKU-1010,Chennai DC,26
2025-01-08,SKU-1010,Chennai DC,21
2025-01-09,SKU-1010,Chennai DC,26
2025-01-10,SKU-1010,Chennai DC,25
2025-01-11,SKU-1010,Chennai DC,26
2025-01-12,SKU-1010,Chennai DC,25
2025-01-13,SKU-1010,Chennai DC,28
2025-01-14,SKU-1010,Chennai DC,24
2025-01-15,SKU-1010,Chennai DC,25
2025-01-16,SKU-1010,Chennai DC,23
2025-01-17,SKU-1010,Chennai DC,25
2025-01-18,SKU-1010,Chennai DC,27
2025-01-19,SKU-1010,Chennai DC,23
2025-01-20,SKU-1010,Chennai DC,27
2025-01-21,SKU-1010,Chennai DC,21
2025-01-22,SKU-1010,Chennai DC,23
2025-01-23,SKU-1010,Chennai DC,21
2025-01-24,SKU-1010,Chennai DC,23
2025-01-25,SKU-1010,Chennai DC,25
2025-01-26,SKU-1010,Chennai DC,24
2025-01-27,SKU-1010,Chennai DC,27
2025-01-28,SKU-1010,Chennai DC,27
2025-01-29,SKU-1010,Chennai DC,27
2025-01-30,SKU-1010,Chennai DC,21
2025-01-31,SKU-1010,Chennai DC,25
2025-02-01,SKU-1010,Chennai DC,13
2025-02-02,SKU-1010,Chennai DC,15
2025-02-03,SKU-1010,Chennai DC,14
2025-02-04,SKU-1010,Chennai DC,17
2025-02-05,SKU-1010,Chennai DC,15
2025-02-06,SKU-1010,Chennai DC,16
2025-02-07,SKU-1010,Chennai DC,13
2025-02-08,SKU-1010,Chennai DC,16
2025-02-09,SKU-1010,Chennai DC,17
2025-02-10,SKU-1010,Chennai DC,17
2025-02-11,SKU-1010,Chennai DC,14
2025-02-12,SKU-1010,Chennai DC,13
2025-02-13,SKU-1010,Chennai DC,15
2025-02-14,SKU-1010,Chennai DC,15
2025-02-15,SKU-1010,Chennai DC,15
2025-02-16,SKU-1010,Chennai DC,16
2025-02-17,SKU-1010,Chennai DC,15
2025-02-18,SKU-1010,Chennai DC,16
2025-02-19,SKU-1010,Chennai DC,14
2025-02-20,SKU-1010,Chennai DC,16
2025-02-21,SKU-1010,Chennai DC,14
2025-02-22,SKU-1010,Chennai DC,17
2025-02-23,SKU-1010,Chennai DC,13
2025-02-24,SKU-1010,Chennai DC,16
2025-02-25,SKU-1010,Chennai DC,16
2025-02-26,SKU-1010,Chennai DC,15
2025-02-27,SKU-1010,Chennai DC,13
2025-02-28,SKU-1010,Chennai DC,14
2025-03-01,SKU-1010,Chennai DC,16
2025-03-02,SKU-1010,Chennai DC,13
2025-03-03,SKU-1010,Chennai DC,17
2025-03-04,SKU-1010,Chennai DC,13
2025-03-05,SKU-1010,Chennai DC,16
2025-03-06,SKU-1010,Chennai DC,13
2025-03-07,SKU-1010,Chennai DC,14
2025-03-08,SKU-1010,Chennai DC,17
2025-03-09,SKU-1010,Chennai DC,15
2025-03-10,SKU-1010,Chennai DC,17
2025-03-11,SKU-1010,Chennai DC,15
2025-03-12,SKU-1010,Chennai DC,14
2025-03-13,SKU-1010,Chennai DC,15
2025-03-14,SKU-1010,Chennai DC,17
2025-03-15,SKU-1010,Chennai DC,14
2025-03-16,SKU-1010,Chennai DC,17
2025-03-17,SKU-1010,Chennai DC,17
2025-03-18,SKU-1010,Chennai DC,16
2025-03-19,SKU-1010,Chennai DC,13
2025-03-20,SKU-1010,Chennai DC,16
2025-03-21,SKU-1010,Chennai DC,14
2025-03-22,SKU-1010,Chennai DC,16
2025-03-23,SKU-1010,Chennai DC,15
2025-03-24,SKU-1010,Chennai DC,14
2025-03-25,SKU-1010,Chennai DC,15
2025-03-26,SKU-1010,Chennai DC,16
2025-03-27,SKU-1010,Chennai DC,14
2025-03-28,SKU-1010,Chennai DC,15
2025-03-29,SKU-1010,Chennai DC,16
2025-03-30,SKU-1010,Chennai DC,13
2025-03-31,SKU-1010,Chennai DC,14
2025-04-01,SKU-1010,Chennai DC,16
2025-04-02,SKU-1010,Chennai DC,13
2025-04-03,SKU-1010,Chennai DC,16
2025-04-04,SKU-1010,Chennai DC,15
2025-04-05,SKU-1010,Chennai DC,15
2025-04-06,SKU-1010,Chennai DC,17
2025-04-07,SKU-1010,Chennai DC,17
2025-04-08,SKU-1010,Chennai DC,16
2025-04-09,SKU-1010,Chennai DC,16
2025-04-10,SKU-1010,Chennai DC,14
2025-04-11,SKU-1010,Chennai DC,17
2025-04-12,SKU-1010,Chennai DC,17
2025-04-13,SKU-1010,Chennai DC,17
2025-04-14,SKU-1010,Chennai DC,15
2025-04-15,SKU-1010,Chennai DC,16
2025-04-16,SKU-1010,Chennai DC,15
2025-04-17,SKU-1010,Chennai DC,13
2025-04-18,SKU-1010,Chennai DC,14
2025-04-19,SKU-1010,Chennai DC,15
2025-04-20,SKU-1010,Chennai DC,13
2025-04-21,SKU-1010,Chennai DC,16
2025-04-22,SKU-1010,Chennai DC,16
2025-04-23,SKU-1010,Chennai DC,16
2025-04-24,SKU-1010,Chennai DC,15
2025-04-25,SKU-1010,Chennai DC,14
2025-04-26,SKU-1010,Chennai DC,13
2025-04-27,SKU-1010,Chennai DC,16
2025-04-28,SKU-1010,Chennai DC,14
2025-04-29,SKU-1010,Chennai DC,13
2025-04-30,SKU-1010,Chennai DC,17
2025-05-01,SKU-1010,Chennai DC,17
2025-05-02,SKU-1010,Chennai DC,14
2025-05-03,SKU-1010,Chennai DC,13
2025-05-04,SKU-1010,Chennai DC,17
2025-05-05,SKU-1010,Chennai DC,15
2025-05-06,SKU-1010,Chennai DC,14
2025-05-07,SKU-1010,Chennai DC,14
2025-05-08,SKU-1010,Chennai DC,14
2025-05-09,SKU-1010,Chennai DC,15
2025-05-10,SKU-1010,Chennai DC,14
2025-05-11,SKU-1010,Chennai DC,14
2025-05-12,SKU-1010,Chennai DC,16
2025-05-13,SKU-1010,Chennai DC,14
2025-05-14,SKU-1010,Chennai DC,16
2025-05-15,SKU-1010,Chennai DC,13
2025-05-16,SKU-1010,Chennai DC,16
2025-05-17,SKU-1010,Chennai DC,13
2025-05-18,SKU-1010,Chennai DC,14
2025-05-19,SKU-1010,Chennai DC,17
2025-05-20,SKU-1010,Chennai DC,16
2025-05-21,SKU-1010,Chennai DC,13
2025-05-22,SKU-1010,Chennai DC,15
2025-05-23,SKU-1010,Chennai DC,14
2025-05-24,SKU-1010,Chennai DC,17
2025-05-25,SKU-1010,Chennai DC,14
2025-05-26,SKU-1010,Chennai DC,13
2025-05-27,SKU-1010,Chennai DC,17
2025-05-28,SKU-1010,Chennai DC,17
2025-05-29,SKU-1010,Chennai DC,15
2025-05-30,SKU-1010,Chennai DC,16
2025-05-31,SKU-1010,Chennai DC,15
2025-06-01,SKU-1010,Chennai DC,13
2025-06-02,SKU-1010,Chennai DC,16
2025-06-03,SKU-1010,Chennai DC,14
2025-06-04,SKU-1010,Chennai DC,16
2025-06-05,SKU-1010,Chennai DC,15
2025-06-06,SKU-1010,Chennai DC,15
2025-06-07,SKU-1010,Chennai DC,17
2025-06-08,SKU-1010,Chennai DC,13
2025-06-09,SKU-1010,Chennai DC,14
2025-06-10,SKU-1010,Chennai DC,15
2025-06-11,SKU-1010,Chennai DC,15
2025-06-12,SKU-1010,Chennai DC,15
2025-06-13,SKU-1010,Chennai DC,17
2025-06-14,SKU-1010,Chennai DC,14
2025-06-15,SKU-1010,Chennai DC,15
2025-06-16,SKU-1010,Chennai DC,16
2025-06-17,SKU-1010,Chennai DC,16
2025-06-18,SKU-1010,Chennai DC,16
2025-06-19,SKU-1010,Chennai DC,17
2025-06-20,SKU-1010,Chennai DC,13
2025-06-21,SKU-1010,Chennai DC,16
2025-06-22,SKU-1010,Chennai DC,13
2025-06-23,SKU-1010,Chennai DC,16
2025-06-24,SKU-1010,Chennai DC,15
2025-06-25,SKU-1010,Chennai DC,15
2025-06-26,SKU-1010,Chennai DC,17
2025-06-27,SKU-1010,Chennai DC,17
2025-06-28,SKU-1010,Chennai DC,14
2025-06-29,SKU-1010,Chennai DC,17
2025-06-30,SKU-1010,Chennai DC,13
2025-07-01,SKU-1010,Chennai DC,14
2025-07-02,SKU-1010,Chennai DC,13
2025-07-03,SKU-1010,Chennai DC,16
2025-07-04,SKU-1010,Chennai DC,16
2025-07-05,SKU-1010,Chennai DC,15
2025-07-06,SKU-1010,Chennai DC,16
2025-07-07,SKU-1010,Chennai DC,13
2025-07-08,SKU-1010,Chennai DC,13
2025-07-09,SKU-1010,Chennai DC,15
2025-07-10,SKU-1010,Chennai DC,14
2025-07-11,SKU-1010,Chennai DC,14
2025-07-12,SKU-1010,Chennai DC,17
2025-07-13,SKU-1010,Chennai DC,16
2025-07-14,SKU-1010,Chennai DC,14
2025-07-15,SKU-1010,Chennai DC,15
2025-07-16,SKU-1010,Chennai DC,16
2025-07-17,SKU-1010,Chennai DC,16
2025-07-18,SKU-1010,Chennai DC,16
2025-07-19,SKU-1010,Chennai DC,16
2025-07-20,SKU-1010,Chennai DC,14
2025-07-21,SKU-1010,Chennai DC,14
2025-07-22,SKU-1010,Chennai DC,17
2025-07-23,SKU-1010,Chennai DC,14
2025-07-24,SKU-1010,Chennai DC,14
2025-07-25,SKU-1010,Chennai DC,17
2025-07-26,SKU-1010,Chennai DC,16
2025-07-27,SKU-1010,Chennai DC,16
2025-07-28,SKU-1010,Chennai DC,16
2025-07-29,SKU-1010,Chennai DC,17
2025-07-30,SKU-1010,Chennai DC,14
2025-07-31,SKU-1010,Chennai DC,17
2025-08-01,SKU-1010,Chennai DC,16
2025-08-02,SKU-1010,Chennai DC,13
2025-08-03,SKU-1010,Chennai DC,17
2025-08-04,SKU-1010,Chennai DC,13
2025-08-05,SKU-1010,Chennai DC,16
2025-08-06,SKU-1010,Chennai DC,14
2025-08-07,SKU-1010,Chennai DC,13
2025-08-08,SKU-1010,Chennai DC,14
2025-08-09,SKU-1010,Chennai DC,17
2025-08-10,SKU-1010,Chennai DC,17
2025-08-11,SKU-1010,Chennai DC,13
2025-08-12,SKU-1010,Chennai DC,13
2025-08-13,SKU-1010,Chennai DC,14
2025-08-14,SKU-1010,Chennai DC,14
2025-08-15,SKU-1010,Chennai DC,13
2025-08-16,SKU-1010,Chennai DC,17
2025-08-17,SKU-1010,Chennai DC,15
2025-08-18,SKU-1010,Chennai DC,15
2025-08-19,SKU-1010,Chennai DC,17
2025-08-20,SKU-1010,Chennai DC,13
2025-08-21,SKU-1010,Chennai DC,14
2025-08-22,SKU-1010,Chennai DC,15
2025-08-23,SKU-1010,Chennai DC,16
2025-08-24,SKU-1010,Chennai DC,16
2025-08-25,SKU-1010,Chennai DC,13
2025-08-26,SKU-1010,Chennai DC,15
2025-08-27,SKU-1010,Chennai DC,15
2025-08-28,SKU-1010,Chennai DC,16
2025-08-29,SKU-1010,Chennai DC,16
2025-08-30,SKU-1010,Chennai DC,16
2025-08-31,SKU-1010,Chennai DC,14
2025-09-01,SKU-1010,Chennai DC,14
2025-09-02,SKU-1010,Chennai DC,14
2025-09-03,SKU-1010,Chennai DC,14
2025-09-04,SKU-1010,Chennai DC,16
2025-09-05,SKU-1010,Chennai DC,14
2025-09-06,SKU-1010,Chennai DC,13
2025-09-07,SKU-1010,Chennai DC,17
2025-09-08,SKU-1010,Chennai DC,14
2025-09-09,SKU-1010,Chennai DC,14
2025-09-10,SKU-1010,Chennai DC,15
2025-09-11,SKU-1010,Chennai DC,17
2025-09-12,SKU-1010,Chennai DC,15
2025-09-13,SKU-1010,Chennai DC,13
2025-09-14,SKU-1010,Chennai DC,14
2025-09-15,SKU-1010,Chennai DC,13
2025-09-16,SKU-1010,Chennai DC,14
2025-09-17,SKU-1010,Chennai DC,14
2025-09-18,SKU-1010,Chennai DC,15
2025-09-19,SKU-1010,Chennai DC,13
2025-09-20,SKU-1010,Chennai DC,13
2025-09-21,SKU-1010,Chennai DC,15
2025-09-22,SKU-1010,Chennai DC,17
2025-09-23,SKU-1010,Chennai DC,13
2025-09-24,SKU-1010,Chennai DC,17
2025-09-25,SKU-1010,Chennai DC,17
2025-09-26,SKU-1010,Chennai DC,13
2025-09-27,SKU-1010,Chennai DC,14
2025-09-28,SKU-1010,Chennai DC,15
2025-09-29,SKU-1010,Chennai DC,16
2025-09-30,SKU-1010,Chennai DC,13
2025-10-01,SKU-1010,Chennai DC,14
2025-10-02,SKU-1010,Chennai DC,14
2025-10-03,SKU-1010,Chennai DC,15
2025-10-04,SKU-1010,Chennai DC,15
2025-10-05,SKU-1010,Chennai DC,14
2025-10-06,SKU-1010,Chennai DC,15
2025-10-07,SKU-1010,Chennai DC,17
2025-10-08,SKU-1010,Chennai DC,13
2025-10-09,SKU-1010,Chennai DC,16
2025-10-10,SKU-1010,Chennai DC,15
2025-10-11,SKU-1010,Chennai DC,13
2025-10-12,SKU-1010,Chennai DC,17
2025-10-13,SKU-1010,Chennai DC,16
2025-10-14,SKU-1010,Chennai DC,16
2025-10-15,SKU-1010,Chennai DC,14
2025-10-16,SKU-1010,Chennai DC,15
2025-10-17,SKU-1010,Chennai DC,14
2025-10-18,SKU-1010,Chennai DC,16
2025-10-19,SKU-1010,Chennai DC,15
2025-10-20,SKU-1010,Chennai DC,15
2025-10-21,SKU-1010,Chennai DC,15
2025-10-22,SKU-1010,Chennai DC,15
2025-10-23,SKU-1010,Chennai DC,16
2025-10-24,SKU-1010,Chennai DC,16
2025-10-25,SKU-1010,Chennai DC,17
2025-10-26,SKU-1010,Chennai DC,14
2025-10-27,SKU-1010,Chennai DC,17
2025-10-28,SKU-1010,Chennai DC,13
2025-10-29,SKU-1010,Chennai DC,16
2025-10-30,SKU-1010,Chennai DC,17
2025-10-31,SKU-1010,Chennai DC,14
2025-11-01,SKU-1010,Chennai DC,14
2025-11-02,SKU-1010,Chennai DC,15
2025-11-03,SKU-1010,Chennai DC,17
2025-11-04,SKU-1010,Chennai DC,15
2025-11-05,SKU-1010,Chennai DC,16
2025-11-06,SKU-1010,Chennai DC,14
2025-11-07,SKU-1010,Chennai DC,16
2025-11-08,SKU-1010,Chennai DC,15
2025-11-09,SKU-1010,Chennai DC,15
2025-11-10,SKU-1010,Chennai DC,14
2025-11-11,SKU-1010,Chennai DC,15
2025-11-12,SKU-1010,Chennai DC,15
2025-11-13,SKU-1010,Chennai DC,16
2025-11-14,SKU-1010,Chennai DC,16
2025-11-15,SKU-1010,Chennai DC,13
2025-11-16,SKU-1010,Chennai DC,15
2025-11-17,SKU-1010,Chennai DC,13
2025-11-18,SKU-1010,Chennai DC,15
2025-11-19,SKU-1010,Chennai DC,15
2025-11-20,SKU-1010,Chennai DC,17
2025-11-21,SKU-1010,Chennai DC,16
2025-11-22,SKU-1010,Chennai DC,14
2025-11-23,SKU-1010,Chennai DC,17
2025-11-24,SKU-1010,Chennai DC,16
2025-11-25,SKU-1010,Chennai DC,14
2025-11-26,SKU-1010,Chennai DC,16
2025-11-27,SKU-1010,Chennai DC,17
2025-11-28,SKU-1010,Chennai DC,16
2025-11-29,SKU-1010,Chennai DC,16
2025-11-30,SKU-1010,Chennai DC,15
2025-12-01,SKU-1010,Chennai DC,25
2025-12-02,SKU-1010,Chennai DC,24
2025-12-03,SKU-1010,Chennai DC,27
2025-12-04,SKU-1010,Chennai DC,25
2025-12-05,SKU-1010,Chennai DC,22
2025-12-06,SKU-1010,Chennai DC,23
2025-12-07,SKU-1010,Chennai DC,22
2025-12-08,SKU-1010,Chennai DC,24
2025-12-09,SKU-1010,Chennai DC,27
2025-12-10,SKU-1010,Chennai DC,21
2025-12-11,SKU-1010,Chennai DC,24
2025-12-12,SKU-1010,Chennai DC,21
2025-12-13,SKU-1010,Chennai DC,26
2025-12-14,SKU-1010,Chennai DC,22
2025-12-15,SKU-1010,Chennai DC,21
2025-12-16,SKU-1010,Chennai DC,21
2025-12-17,SKU-1010,Chennai DC,27
2025-12-18,SKU-1010,Chennai DC,23
2025-12-19,SKU-1010,Chennai DC,27
2025-12-20,SKU-1010,Chennai DC,27
2025-12-21,SKU-1010,Chennai DC,26
2025-12-22,SKU-1010,Chennai DC,22
2025-12-23,SKU-1010,Chennai DC,21
2025-12-24,SKU-1010,Chennai DC,24
2025-12-25,SKU-1010,Chennai DC,23
2025-12-26,SKU-1010,Chennai DC,26
2025-12-27,SKU-1010,Chennai DC,25
2025-12-28,SKU-1010,Chennai DC,27
2025-12-29,SKU-1010,Chennai DC,27
2025-12-30,SKU-1010,Chennai DC,26
2025-12-31,SKU-1010,Chennai DC,23
2026-01-01,SKU-1010,Chennai DC,25
2026-01-02,SKU-1010,Chennai DC,24
2026-01-03,SKU-1010,Chennai DC,21
2026-01-04,SKU-1010,Chennai DC,21
2026-01-05,SKU-1010,Chennai DC,22
2026-01-06,SKU-1010,Chennai DC,21
2026-01-07,SKU-1010,Chennai DC,25
2026-01-08,SKU-1010,Chennai DC,27
2026-01-09,SKU-1010,Chennai DC,25
2026-01-10,SKU-1010,Chennai DC,22
2026-01-11,SKU-1010,Chennai DC,27
2026-01-12,SKU-1010,Chennai DC,24
2026-01-13,SKU-1010,Chennai DC,23
2026-01-14,SKU-1010,Chennai DC,23
2026-01-15,SKU-1010,Chennai DC,26
2026-01-16,SKU-1010,Chennai DC,26
2026-01-17,SKU-1010,Chennai DC,27
2026-01-18,SKU-1010,Chennai DC,22
2026-01-19,SKU-1010,Chennai DC,21
2026-01-20,SKU-1010,Chennai DC,22
2026-01-21,SKU-1010,Chennai DC,25
2026-01-22,SKU-1010,Chennai DC,24
2026-01-23,SKU-1010,Chennai DC,23
2026-01-24,SKU-1010,Chennai DC,21
2026-01-25,SKU-1010,Chennai DC,25
2026-01-26,SKU-1010,Chennai DC,26
2026-01-27,SKU-1010,Chennai DC,24
2026-01-28,SKU-1010,Chennai DC,27
2026-01-29,SKU-1010,Chennai DC,26
2026-01-30,SKU-1010,Chennai DC,25
2026-01-31,SKU-1010,Chennai DC,28
2026-02-01,SKU-1010,Chennai DC,17
2026-02-02,SKU-1010,Chennai DC,14
2026-02-03,SKU-1010,Chennai DC,16
2026-02-04,SKU-1010,Chennai DC,14
2026-02-05,SKU-1010,Chennai DC,17
2026-02-06,SKU-1010,Chennai DC,15
2026-02-07,SKU-1010,Chennai DC,14
2026-02-08,SKU-1010,Chennai DC,14
2026-02-09,SKU-1010,Chennai DC,17
2026-02-10,SKU-1010,Chennai DC,17
2026-02-11,SKU-1010,Chennai DC,14
2026-02-12,SKU-1010,Chennai DC,13
2026-02-13,SKU-1010,Chennai DC,16
2026-02-14,SKU-1010,Chennai DC,14
2026-02-15,SKU-1010,Chennai DC,17
2026-02-16,SKU-1010,Chennai DC,17
2026-02-17,SKU-1010,Chennai DC,15
2026-02-18,SKU-1010,Chennai DC,17
2026-02-19,SKU-1010,Chennai DC,13
2026-02-20,SKU-1010,Chennai DC,13
2026-02-21,SKU-1010,Chennai DC,13
2026-02-22,SKU-1010,Chennai DC,15
2026-02-23,SKU-1010,Chennai DC,13
2026-02-24,SKU-1010,Chennai DC,13
2026-02-25,SKU-1010,Chennai DC,15
2026-02-26,SKU-1010,Chennai DC,16
2026-02-27,SKU-1010,Chennai DC,17
2026-02-28,SKU-1010,Chennai DC,17
2026-03-01,SKU-1010,Chennai DC,17
2026-03-02,SKU-1010,Chennai DC,13
2026-03-03,SKU-1010,Chennai DC,13
2026-03-04,SKU-1010,Chennai DC,17
2026-03-05,SKU-1010,Chennai DC,15
2026-03-06,SKU-1010,Chennai DC,17
2026-03-07,SKU-1010,Chennai DC,16
2026-03-08,SKU-1010,Chennai DC,15
2026-03-09,SKU-1010,Chennai DC,14
2026-03-10,SKU-1010,Chennai DC,13
2026-03-11,SKU-1010,Chennai DC,14
2026-03-12,SKU-1010,Chennai DC,13
2026-03-13,SKU-1010,Chennai DC,13
2026-03-14,SKU-1010,Chennai DC,15
2026-03-15,SKU-1010,Chennai DC,14
2026-03-16,SKU-1010,Chennai DC,16
2026-03-17,SKU-1010,Chennai DC,16
2026-03-18,SKU-1010,Chennai DC,16
2026-03-19,SKU-1010,Chennai DC,13
2026-03-20,SKU-1010,Chennai DC,15
2026-03-21,SKU-1010,Chennai DC,16
2026-03-22,SKU-1010,Chennai DC,15
2026-03-23,SKU-1010,Chennai DC,16
2026-03-24,SKU-1010,Chennai DC,16
2026-03-25,SKU-1010,Chennai DC,13
2026-03-26,SKU-1010,Chennai DC,14
2026-03-27,SKU-1010,Chennai DC,14
2026-03-28,SKU-1010,Chennai DC,15
2026-03-29,SKU-1010,Chennai DC,17
2026-03-30,SKU-1010,Chennai DC,17
2026-03-31,SKU-1010,Chennai DC,14
2026-04-01,SKU-1010,Chennai DC,13
2026-04-02,SKU-1010,Chennai DC,16
2026-04-03,SKU-1010,Chennai DC,13
2026-04-04,SKU-1010,Chennai DC,15
2026-04-05,SKU-1010,Chennai DC,16
2026-04-06,SKU-1010,Chennai DC,17
2026-04-07,SKU-1010,Chennai DC,14
2026-04-08,SKU-1010,Chennai DC,15
2026-04-09,SKU-1010,Chennai DC,14
2026-04-10,SKU-1010,Chennai DC,15
2026-04-11,SKU-1010,Chennai DC,15
2026-04-12,SKU-1010,Chennai DC,14
2026-04-13,SKU-1010,Chennai DC,17
2026-04-14,SKU-1010,Chennai DC,17
2026-04-15,SKU-1010,Chennai DC,17
2026-04-16,SKU-1010,Chennai DC,14
2026-04-17,SKU-1010,Chennai DC,14
2026-04-18,SKU-1010,Chennai DC,14
2026-04-19,SKU-1010,Chennai DC,16
2026-04-20,SKU-1010,Chennai DC,13
2026-04-21,SKU-1010,Chennai DC,17
2026-04-22,SKU-1010,Chennai DC,14
2026-04-23,SKU-1010,Chennai DC,16
2026-04-24,SKU-1010,Chennai DC,16
2026-04-25,SKU-1010,Chennai DC,14
2026-04-26,SKU-1010,Chennai DC,17
2026-04-27,SKU-1010,Chennai DC,13
2026-04-28,SKU-1010,Chennai DC,15
2026-04-29,SKU-1010,Chennai DC,14
2026-04-30,SKU-1010,Chennai DC,15
2026-05-01,SKU-1010,Chennai DC,16
2026-05-02,SKU-1010,Chennai DC,14
2026-05-03,SKU-1010,Chennai DC,15
2026-05-04,SKU-1010,Chennai DC,13
2026-05-05,SKU-1010,Chennai DC,13
2026-05-06,SKU-1010,Chennai DC,17
2026-05-07,SKU-1010,Chennai DC,14
2026-05-08,SKU-1010,Chennai DC,15
2026-05-09,SKU-1010,Chennai DC,15
2026-05-10,SKU-1010,Chennai DC,15
2026-05-11,SKU-1010,Chennai DC,16
2026-05-12,SKU-1010,Chennai DC,16
2026-05-13,SKU-1010,Chennai DC,16
2026-05-14,SKU-1010,Chennai DC,14
2026-05-15,SKU-1010,Chennai DC,17
2026-05-16,SKU-1010,Chennai DC,14
2026-05-17,SKU-1010,Chennai DC,17
2026-05-18,SKU-1010,Chennai DC,16
2026-05-19,SKU-1010,Chennai DC,16
2026-05-20,SKU-1010,Chennai DC,17
2026-05-21,SKU-1010,Chennai DC,14
2026-05-22,SKU-1010,Chennai DC,13
2026-05-23,SKU-1010,Chennai DC,17
2026-05-24,SKU-1010,Chennai DC,13
2026-05-25,SKU-1010,Chennai DC,13
2026-05-26,SKU-1010,Chennai DC,15
2026-05-27,SKU-1010,Chennai DC,15
2026-05-28,SKU-1010,Chennai DC,17
2026-05-29,SKU-1010,Chennai DC,15
2026-05-30,SKU-1010,Chennai DC,14
2026-05-31,SKU-1010,Chennai DC,13
2026-06-01,SKU-1010,Chennai DC,16
2026-06-02,SKU-1010,Chennai DC,16
2026-06-03,SKU-1010,Chennai DC,13
2026-06-04,SKU-1010,Chennai DC,17
2026-06-05,SKU-1010,Chennai DC,15
2026-06-06,SKU-1010,Chennai DC,17
2026-06-07,SKU-1010,Chennai DC,14
2026-06-08,SKU-1010,Chennai DC,14
2026-06-09,SKU-1010,Chennai DC,14
2026-06-10,SKU-1010,Chennai DC,13
2026-06-11,SKU-1010,Chennai DC,17
2026-06-12,SKU-1010,Chennai DC,14
2026-06-13,SKU-1010,Chennai DC,17
2026-06-14,SKU-1010,Chennai DC,13
2026-06-15,SKU-1010,Chennai DC,14
2026-06-16,SKU-1010,Chennai DC,14
2026-06-17,SKU-1010,Chennai DC,14
2026-06-18,SKU-1010,Chennai DC,15
2026-06-19,SKU-1010,Chennai DC,17
2026-06-20,SKU-1010,Chennai DC,13
2026-06-21,SKU-1010,Chennai DC,13
2026-06-22,SKU-1010,Chennai DC,14
2026-06-23,SKU-1010,Chennai DC,14
2026-06-24,SKU-1010,Chennai DC,16
2026-06-25,SKU-1010,Chennai DC,14
2026-06-26,SKU-1010,Chennai DC,17
2026-06-27,SKU-1010,Chennai DC,14
2026-06-28,SKU-1010,Chennai DC,15
2026-06-29,SKU-1010,Chennai DC,13
2026-06-30,SKU-1010,Chennai DC,16
2026-07-01,SKU-1010,Chennai DC,15
2026-07-02,SKU-1010,Chennai DC,13
2026-07-03,SKU-1010,Chennai DC,17
2026-07-04,SKU-1010,Chennai DC,14
2026-07-05,SKU-1010,Chennai DC,13
2026-07-06,SKU-1010,Chennai DC,14
2026-07-07,SKU-1010,Chennai DC,14
2026-07-08,SKU-1010,Chennai DC,15
2026-07-09,SKU-1010,Chennai DC,15
2026-07-10,SKU-1010,Chennai DC,17
2026-07-11,SKU-1010,Chennai DC,17
2026-07-12,SKU-1010,Chennai DC,13
2026-07-13,SKU-1010,Chennai DC,16
2026-07-14,SKU-1010,Chennai DC,14
2026-07-15,SKU-1010,Chennai DC,15
2026-07-16,SKU-1010,Chennai DC,15
2026-07-17,SKU-1010,Chennai DC,16
2026-07-18,SKU-1010,Chennai DC,15
2026-07-19,SKU-1010,Chennai DC,13
2026-07-20,SKU-1010,Chennai DC,17
2026-07-21,SKU-1010,Chennai DC,16
2026-07-22,SKU-1010,Chennai DC,16
2026-07-23,SKU-1010,Chennai DC,13
2026-07-24,SKU-1010,Chennai DC,17
2026-07-25,SKU-1010,Chennai DC,16
2026-07-26,SKU-1010,Chennai DC,16
2026-07-27,SKU-1010,Chennai DC,14
2026-07-28,SKU-1010,Chennai DC,16
2026-07-29,SKU-1010,Chennai DC,16
2026-07-30,SKU-1010,Chennai DC,15
2026-07-31,SKU-1010,Chennai DC,16
2026-08-01,SKU-1010,Chennai DC,17
2026-08-02,SKU-1010,Chennai DC,15
2026-08-03,SKU-1010,Chennai DC,16
2026-08-04,SKU-1010,Chennai DC,14
2026-08-05,SKU-1010,Chennai DC,17
2026-08-06,SKU-1010,Chennai DC,15
2026-08-07,SKU-1010,Chennai DC,15
2026-08-08,SKU-1010,Chennai DC,16
2026-08-09,SKU-1010,Chennai DC,17
2026-08-10,SKU-1010,Chennai DC,13
2026-08-11,SKU-1010,Chennai DC,17
2026-08-12,SKU-1010,Chennai DC,13
2026-08-13,SKU-1010,Chennai DC,13
2026-08-14,SKU-1010,Chennai DC,13
2026-08-15,SKU-1010,Chennai DC,14
2026-08-16,SKU-1010,Chennai DC,16
2024-08-17,SKU-1010,Siliguri DC,10
2024-08-18,SKU-1010,Siliguri DC,10
2024-08-19,SKU-1010,Siliguri DC,12
2024-08-20,SKU-1010,Siliguri DC,11
2024-08-21,SKU-1010,Siliguri DC,10
2024-08-22,SKU-1010,Siliguri DC,11
2024-08-23,SKU-1010,Siliguri DC,11
2024-08-24,SKU-1010,Siliguri DC,12
2024-08-25,SKU-1010,Siliguri DC,11
2024-08-26,SKU-1010,Siliguri DC,10
2024-08-27,SKU-1010,Siliguri DC,11
2024-08-28,SKU-1010,Siliguri DC,9
2024-08-29,SKU-1010,Siliguri DC,11
2024-08-30,SKU-1010,Siliguri DC,10
2024-08-31,SKU-1010,Siliguri DC,12
2024-09-01,SKU-1010,Siliguri DC,10
2024-09-02,SKU-1010,Siliguri DC,10
2024-09-03,SKU-1010,Siliguri DC,10
2024-09-04,SKU-1010,Siliguri DC,11
2024-09-05,SKU-1010,Siliguri DC,10
2024-09-06,SKU-1010,Siliguri DC,9
2024-09-07,SKU-1010,Siliguri DC,11
2024-09-08,SKU-1010,Siliguri DC,12
2024-09-09,SKU-1010,Siliguri DC,12
2024-09-10,SKU-1010,Siliguri DC,11
2024-09-11,SKU-1010,Siliguri DC,11
2024-09-12,SKU-1010,Siliguri DC,12
2024-09-13,SKU-1010,Siliguri DC,11
2024-09-14,SKU-1010,Siliguri DC,12
2024-09-15,SKU-1010,Siliguri DC,12
2024-09-16,SKU-1010,Siliguri DC,11
2024-09-17,SKU-1010,Siliguri DC,11
2024-09-18,SKU-1010,Siliguri DC,9
2024-09-19,SKU-1010,Siliguri DC,11
2024-09-20,SKU-1010,Siliguri DC,10
2024-09-21,SKU-1010,Siliguri DC,9
2024-09-22,SKU-1010,Siliguri DC,9
2024-09-23,SKU-1010,Siliguri DC,11
2024-09-24,SKU-1010,Siliguri DC,10
2024-09-25,SKU-1010,Siliguri DC,12
2024-09-26,SKU-1010,Siliguri DC,11
2024-09-27,SKU-1010,Siliguri DC,10
2024-09-28,SKU-1010,Siliguri DC,9
2024-09-29,SKU-1010,Siliguri DC,9
2024-09-30,SKU-1010,Siliguri DC,10
2024-10-01,SKU-1010,Siliguri DC,11
2024-10-02,SKU-1010,Siliguri DC,10
2024-10-03,SKU-1010,Siliguri DC,10
2024-10-04,SKU-1010,Siliguri DC,12
2024-10-05,SKU-1010,Siliguri DC,9
2024-10-06,SKU-1010,Siliguri DC,11
2024-10-07,SKU-1010,Siliguri DC,9
2024-10-08,SKU-1010,Siliguri DC,10
2024-10-09,SKU-1010,Siliguri DC,9
2024-10-10,SKU-1010,Siliguri DC,11
2024-10-11,SKU-1010,Siliguri DC,10
2024-10-12,SKU-1010,Siliguri DC,11
2024-10-13,SKU-1010,Siliguri DC,10
2024-10-14,SKU-1010,Siliguri DC,12
2024-10-15,SKU-1010,Siliguri DC,10
2024-10-16,SKU-1010,Siliguri DC,12
2024-10-17,SKU-1010,Siliguri DC,11
2024-10-18,SKU-1010,Siliguri DC,9
2024-10-19,SKU-1010,Siliguri DC,11
2024-10-20,SKU-1010,Siliguri DC,12
2024-10-21,SKU-1010,Siliguri DC,10
2024-10-22,SKU-1010,Siliguri DC,9
2024-10-23,SKU-1010,Siliguri DC,11
2024-10-24,SKU-1010,Siliguri DC,12
2024-10-25,SKU-1010,Siliguri DC,12
2024-10-26,SKU-1010,Siliguri DC,11
2024-10-27,SKU-1010,Siliguri DC,9
2024-10-28,SKU-1010,Siliguri DC,11
2024-10-29,SKU-1010,Siliguri DC,9
2024-10-30,SKU-1010,Siliguri DC,11
2024-10-31,SKU-1010,Siliguri DC,10
2024-11-01,SKU-1010,Siliguri DC,10
2024-11-02,SKU-1010,Siliguri DC,10
2024-11-03,SKU-1010,Siliguri DC,10
2024-11-04,SKU-1010,Siliguri DC,10
2024-11-05,SKU-1010,Siliguri DC,9
2024-11-06,SKU-1010,Siliguri DC,11
2024-11-07,SKU-1010,Siliguri DC,11
2024-11-08,SKU-1010,Siliguri DC,9
2024-11-09,SKU-1010,Siliguri DC,9
2024-11-10,SKU-1010,Siliguri DC,11
2024-11-11,SKU-1010,Siliguri DC,12
2024-11-12,SKU-1010,Siliguri DC,10
2024-11-13,SKU-1010,Siliguri DC,9
2024-11-14,SKU-1010,Siliguri DC,10
2024-11-15,SKU-1010,Siliguri DC,12
2024-11-16,SKU-1010,Siliguri DC,11
2024-11-17,SKU-1010,Siliguri DC,10
2024-11-18,SKU-1010,Siliguri DC,11
2024-11-19,SKU-1010,Siliguri DC,9
2024-11-20,SKU-1010,Siliguri DC,12
2024-11-21,SKU-1010,Siliguri DC,10
2024-11-22,SKU-1010,Siliguri DC,11
2024-11-23,SKU-1010,Siliguri DC,11
2024-11-24,SKU-1010,Siliguri DC,10
2024-11-25,SKU-1010,Siliguri DC,12
2024-11-26,SKU-1010,Siliguri DC,11
2024-11-27,SKU-1010,Siliguri DC,10
2024-11-28,SKU-1010,Siliguri DC,11
2024-11-29,SKU-1010,Siliguri DC,11
2024-11-30,SKU-1010,Siliguri DC,11
2024-12-01,SKU-1010,Siliguri DC,18
2024-12-02,SKU-1010,Siliguri DC,18
2024-12-03,SKU-1010,Siliguri DC,17
2024-12-04,SKU-1010,Siliguri DC,18
2024-12-05,SKU-1010,Siliguri DC,16
2024-12-06,SKU-1010,Siliguri DC,15
2024-12-07,SKU-1010,Siliguri DC,18
2024-12-08,SKU-1010,Siliguri DC,16
2024-12-09,SKU-1010,Siliguri DC,18
2024-12-10,SKU-1010,Siliguri DC,17
2024-12-11,SKU-1010,Siliguri DC,14
2024-12-12,SKU-1010,Siliguri DC,19
2024-12-13,SKU-1010,Siliguri DC,17
2024-12-14,SKU-1010,Siliguri DC,17
2024-12-15,SKU-1010,Siliguri DC,14
2024-12-16,SKU-1010,Siliguri DC,17
2024-12-17,SKU-1010,Siliguri DC,15
2024-12-18,SKU-1010,Siliguri DC,17
2024-12-19,SKU-1010,Siliguri DC,18
2024-12-20,SKU-1010,Siliguri DC,17
2024-12-21,SKU-1010,Siliguri DC,18
2024-12-22,SKU-1010,Siliguri DC,16
2024-12-23,SKU-1010,Siliguri DC,19
2024-12-24,SKU-1010,Siliguri DC,16
2024-12-25,SKU-1010,Siliguri DC,18
2024-12-26,SKU-1010,Siliguri DC,16
2024-12-27,SKU-1010,Siliguri DC,19
2024-12-28,SKU-1010,Siliguri DC,18
2024-12-29,SKU-1010,Siliguri DC,19
2024-12-30,SKU-1010,Siliguri DC,18
2024-12-31,SKU-1010,Siliguri DC,15
2025-01-01,SKU-1010,Siliguri DC,18
2025-01-02,SKU-1010,Siliguri DC,16
2025-01-03,SKU-1010,Siliguri DC,16
2025-01-04,SKU-1010,Siliguri DC,16
2025-01-05,SKU-1010,Siliguri DC,16
2025-01-06,SKU-1010,Siliguri DC,17
2025-01-07,SKU-1010,Siliguri DC,18
2025-01-08,SKU-1010,Siliguri DC,17
2025-01-09,SKU-1010,Siliguri DC,18
2025-01-10,SKU-1010,Siliguri DC,15
2025-01-11,SKU-1010,Siliguri DC,15
2025-01-12,SKU-1010,Siliguri DC,14
2025-01-13,SKU-1010,Siliguri DC,18
2025-01-14,SKU-1010,Siliguri DC,19
2025-01-15,SKU-1010,Siliguri DC,16
2025-01-16,SKU-1010,Siliguri DC,18
2025-01-17,SKU-1010,Siliguri DC,19
2025-01-18,SKU-1010,Siliguri DC,16
2025-01-19,SKU-1010,Siliguri DC,16
2025-01-20,SKU-1010,Siliguri DC,17
2025-01-21,SKU-1010,Siliguri DC,16
2025-01-22,SKU-1010,Siliguri DC,17
2025-01-23,SKU-1010,Siliguri DC,17
2025-01-24,SKU-1010,Siliguri DC,19
2025-01-25,SKU-1010,Siliguri DC,19
2025-01-26,SKU-1010,Siliguri DC,18
2025-01-27,SKU-1010,Siliguri DC,19
2025-01-28,SKU-1010,Siliguri DC,19
2025-01-29,SKU-1010,Siliguri DC,17
2025-01-30,SKU-1010,Siliguri DC,19
2025-01-31,SKU-1010,Siliguri DC,16
2025-02-01,SKU-1010,Siliguri DC,10
2025-02-02,SKU-1010,Siliguri DC,10
2025-02-03,SKU-1010,Siliguri DC,11
2025-02-04,SKU-1010,Siliguri DC,12
2025-02-05,SKU-1010,Siliguri DC,10
2025-02-06,SKU-1010,Siliguri DC,11
2025-02-07,SKU-1010,Siliguri DC,11
2025-02-08,SKU-1010,Siliguri DC,12
2025-02-09,SKU-1010,Siliguri DC,11
2025-02-10,SKU-1010,Siliguri DC,12
2025-02-11,SKU-1010,Siliguri DC,11
2025-02-12,SKU-1010,Siliguri DC,12
2025-02-13,SKU-1010,Siliguri DC,11
2025-02-14,SKU-1010,Siliguri DC,10
2025-02-15,SKU-1010,Siliguri DC,9
2025-02-16,SKU-1010,Siliguri DC,10
2025-02-17,SKU-1010,Siliguri DC,9
2025-02-18,SKU-1010,Siliguri DC,12
2025-02-19,SKU-1010,Siliguri DC,11
2025-02-20,SKU-1010,Siliguri DC,10
2025-02-21,SKU-1010,Siliguri DC,12
2025-02-22,SKU-1010,Siliguri DC,9
2025-02-23,SKU-1010,Siliguri DC,10
2025-02-24,SKU-1010,Siliguri DC,11
2025-02-25,SKU-1010,Siliguri DC,9
2025-02-26,SKU-1010,Siliguri DC,12
2025-02-27,SKU-1010,Siliguri DC,12
2025-02-28,SKU-1010,Siliguri DC,12
2025-03-01,SKU-1010,Siliguri DC,11
2025-03-02,SKU-1010,Siliguri DC,11
2025-03-03,SKU-1010,Siliguri DC,11
2025-03-04,SKU-1010,Siliguri DC,9
2025-03-05,SKU-1010,Siliguri DC,11
2025-03-06,SKU-1010,Siliguri DC,9
2025-03-07,SKU-1010,Siliguri DC,10
2025-03-08,SKU-1010,Siliguri DC,9
2025-03-09,SKU-1010,Siliguri DC,10
2025-03-10,SKU-1010,Siliguri DC,9
2025-03-11,SKU-1010,Siliguri DC,11
2025-03-12,SKU-1010,Siliguri DC,10
2025-03-13,SKU-1010,Siliguri DC,11
2025-03-14,SKU-1010,Siliguri DC,11
2025-03-15,SKU-1010,Siliguri DC,9
2025-03-16,SKU-1010,Siliguri DC,9
2025-03-17,SKU-1010,Siliguri DC,12
2025-03-18,SKU-1010,Siliguri DC,11
2025-03-19,SKU-1010,Siliguri DC,12
2025-03-20,SKU-1010,Siliguri DC,11
2025-03-21,SKU-1010,Siliguri DC,12
2025-03-22,SKU-1010,Siliguri DC,11
2025-03-23,SKU-1010,Siliguri DC,12
2025-03-24,SKU-1010,Siliguri DC,11
2025-03-25,SKU-1010,Siliguri DC,10
2025-03-26,SKU-1010,Siliguri DC,11
2025-03-27,SKU-1010,Siliguri DC,9
2025-03-28,SKU-1010,Siliguri DC,11
2025-03-29,SKU-1010,Siliguri DC,9
2025-03-30,SKU-1010,Siliguri DC,11
2025-03-31,SKU-1010,Siliguri DC,10
2025-04-01,SKU-1010,Siliguri DC,11
2025-04-02,SKU-1010,Siliguri DC,10
2025-04-03,SKU-1010,Siliguri DC,10
2025-04-04,SKU-1010,Siliguri DC,10
2025-04-05,SKU-1010,Siliguri DC,9
2025-04-06,SKU-1010,Siliguri DC,11
2025-04-07,SKU-1010,Siliguri DC,10
2025-04-08,SKU-1010,Siliguri DC,11
2025-04-09,SKU-1010,Siliguri DC,11
2025-04-10,SKU-1010,Siliguri DC,11
2025-04-11,SKU-1010,Siliguri DC,11
2025-04-12,SKU-1010,Siliguri DC,12
2025-04-13,SKU-1010,Siliguri DC,11
2025-04-14,SKU-1010,Siliguri DC,9
2025-04-15,SKU-1010,Siliguri DC,11
2025-04-16,SKU-1010,Siliguri DC,12
2025-04-17,SKU-1010,Siliguri DC,11
2025-04-18,SKU-1010,Siliguri DC,10
2025-04-19,SKU-1010,Siliguri DC,10
2025-04-20,SKU-1010,Siliguri DC,11
2025-04-21,SKU-1010,Siliguri DC,9
2025-04-22,SKU-1010,Siliguri DC,12
2025-04-23,SKU-1010,Siliguri DC,10
2025-04-24,SKU-1010,Siliguri DC,10
2025-04-25,SKU-1010,Siliguri DC,9
2025-04-26,SKU-1010,Siliguri DC,11
2025-04-27,SKU-1010,Siliguri DC,9
2025-04-28,SKU-1010,Siliguri DC,10
2025-04-29,SKU-1010,Siliguri DC,12
2025-04-30,SKU-1010,Siliguri DC,10
2025-05-01,SKU-1010,Siliguri DC,12
2025-05-02,SKU-1010,Siliguri DC,12
2025-05-03,SKU-1010,Siliguri DC,9
2025-05-04,SKU-1010,Siliguri DC,12
2025-05-05,SKU-1010,Siliguri DC,9
2025-05-06,SKU-1010,Siliguri DC,10
2025-05-07,SKU-1010,Siliguri DC,11
2025-05-08,SKU-1010,Siliguri DC,11
2025-05-09,SKU-1010,Siliguri DC,12
2025-05-10,SKU-1010,Siliguri DC,10
2025-05-11,SKU-1010,Siliguri DC,9
2025-05-12,SKU-1010,Siliguri DC,12
2025-05-13,SKU-1010,Siliguri DC,12
2025-05-14,SKU-1010,Siliguri DC,9
2025-05-15,SKU-1010,Siliguri DC,11
2025-05-16,SKU-1010,Siliguri DC,10
2025-05-17,SKU-1010,Siliguri DC,10
2025-05-18,SKU-1010,Siliguri DC,11
2025-05-19,SKU-1010,Siliguri DC,10
2025-05-20,SKU-1010,Siliguri DC,10
2025-05-21,SKU-1010,Siliguri DC,11
2025-05-22,SKU-1010,Siliguri DC,10
2025-05-23,SKU-1010,Siliguri DC,9
2025-05-24,SKU-1010,Siliguri DC,10
2025-05-25,SKU-1010,Siliguri DC,10
2025-05-26,SKU-1010,Siliguri DC,11
2025-05-27,SKU-1010,Siliguri DC,10
2025-05-28,SKU-1010,Siliguri DC,10
2025-05-29,SKU-1010,Siliguri DC,11
2025-05-30,SKU-1010,Siliguri DC,10
2025-05-31,SKU-1010,Siliguri DC,11
2025-06-01,SKU-1010,Siliguri DC,12
2025-06-02,SKU-1010,Siliguri DC,10
2025-06-03,SKU-1010,Siliguri DC,10
2025-06-04,SKU-1010,Siliguri DC,12
2025-06-05,SKU-1010,Siliguri DC,11
2025-06-06,SKU-1010,Siliguri DC,12
2025-06-07,SKU-1010,Siliguri DC,10
2025-06-08,SKU-1010,Siliguri DC,12
2025-06-09,SKU-1010,Siliguri DC,9
2025-06-10,SKU-1010,Siliguri DC,9
2025-06-11,SKU-1010,Siliguri DC,11
2025-06-12,SKU-1010,Siliguri DC,9
2025-06-13,SKU-1010,Siliguri DC,11
2025-06-14,SKU-1010,Siliguri DC,11
2025-06-15,SKU-1010,Siliguri DC,12
2025-06-16,SKU-1010,Siliguri DC,9
2025-06-17,SKU-1010,Siliguri DC,10
2025-06-18,SKU-1010,Siliguri DC,10
2025-06-19,SKU-1010,Siliguri DC,11
2025-06-20,SKU-1010,Siliguri DC,12
2025-06-21,SKU-1010,Siliguri DC,9
2025-06-22,SKU-1010,Siliguri DC,10
2025-06-23,SKU-1010,Siliguri DC,11
2025-06-24,SKU-1010,Siliguri DC,10
2025-06-25,SKU-1010,Siliguri DC,11
2025-06-26,SKU-1010,Siliguri DC,10
2025-06-27,SKU-1010,Siliguri DC,11
2025-06-28,SKU-1010,Siliguri DC,11
2025-06-29,SKU-1010,Siliguri DC,9
2025-06-30,SKU-1010,Siliguri DC,11
2025-07-01,SKU-1010,Siliguri DC,10
2025-07-02,SKU-1010,Siliguri DC,10
2025-07-03,SKU-1010,Siliguri DC,10
2025-07-04,SKU-1010,Siliguri DC,10
2025-07-05,SKU-1010,Siliguri DC,9
2025-07-06,SKU-1010,Siliguri DC,9
2025-07-07,SKU-1010,Siliguri DC,10
2025-07-08,SKU-1010,Siliguri DC,12
2025-07-09,SKU-1010,Siliguri DC,12
2025-07-10,SKU-1010,Siliguri DC,11
2025-07-11,SKU-1010,Siliguri DC,11
2025-07-12,SKU-1010,Siliguri DC,11
2025-07-13,SKU-1010,Siliguri DC,10
2025-07-14,SKU-1010,Siliguri DC,10
2025-07-15,SKU-1010,Siliguri DC,9
2025-07-16,SKU-1010,Siliguri DC,11
2025-07-17,SKU-1010,Siliguri DC,11
2025-07-18,SKU-1010,Siliguri DC,10
2025-07-19,SKU-1010,Siliguri DC,12
2025-07-20,SKU-1010,Siliguri DC,11
2025-07-21,SKU-1010,Siliguri DC,10
2025-07-22,SKU-1010,Siliguri DC,11
2025-07-23,SKU-1010,Siliguri DC,12
2025-07-24,SKU-1010,Siliguri DC,12
2025-07-25,SKU-1010,Siliguri DC,12
2025-07-26,SKU-1010,Siliguri DC,11
2025-07-27,SKU-1010,Siliguri DC,9
2025-07-28,SKU-1010,Siliguri DC,12
2025-07-29,SKU-1010,Siliguri DC,10
2025-07-30,SKU-1010,Siliguri DC,11
2025-07-31,SKU-1010,Siliguri DC,9
2025-08-01,SKU-1010,Siliguri DC,10
2025-08-02,SKU-1010,Siliguri DC,11
2025-08-03,SKU-1010,Siliguri DC,12
2025-08-04,SKU-1010,Siliguri DC,11
2025-08-05,SKU-1010,Siliguri DC,11
2025-08-06,SKU-1010,Siliguri DC,10
2025-08-07,SKU-1010,Siliguri DC,9
2025-08-08,SKU-1010,Siliguri DC,9
2025-08-09,SKU-1010,Siliguri DC,11
2025-08-10,SKU-1010,Siliguri DC,11
2025-08-11,SKU-1010,Siliguri DC,11
2025-08-12,SKU-1010,Siliguri DC,10
2025-08-13,SKU-1010,Siliguri DC,9
2025-08-14,SKU-1010,Siliguri DC,10
2025-08-15,SKU-1010,Siliguri DC,10
2025-08-16,SKU-1010,Siliguri DC,12
2025-08-17,SKU-1010,Siliguri DC,12
2025-08-18,SKU-1010,Siliguri DC,11
2025-08-19,SKU-1010,Siliguri DC,11
2025-08-20,SKU-1010,Siliguri DC,12
2025-08-21,SKU-1010,Siliguri DC,10
2025-08-22,SKU-1010,Siliguri DC,10
2025-08-23,SKU-1010,Siliguri DC,9
2025-08-24,SKU-1010,Siliguri DC,9
2025-08-25,SKU-1010,Siliguri DC,9
2025-08-26,SKU-1010,Siliguri DC,11
2025-08-27,SKU-1010,Siliguri DC,11
2025-08-28,SKU-1010,Siliguri DC,12
2025-08-29,SKU-1010,Siliguri DC,11
2025-08-30,SKU-1010,Siliguri DC,10
2025-08-31,SKU-1010,Siliguri DC,10
2025-09-01,SKU-1010,Siliguri DC,12
2025-09-02,SKU-1010,Siliguri DC,11
2025-09-03,SKU-1010,Siliguri DC,11
2025-09-04,SKU-1010,Siliguri DC,12
2025-09-05,SKU-1010,Siliguri DC,9
2025-09-06,SKU-1010,Siliguri DC,11
2025-09-07,SKU-1010,Siliguri DC,12
2025-09-08,SKU-1010,Siliguri DC,10
2025-09-09,SKU-1010,Siliguri DC,10
2025-09-10,SKU-1010,Siliguri DC,11
2025-09-11,SKU-1010,Siliguri DC,11
2025-09-12,SKU-1010,Siliguri DC,9
2025-09-13,SKU-1010,Siliguri DC,12
2025-09-14,SKU-1010,Siliguri DC,9
2025-09-15,SKU-1010,Siliguri DC,10
2025-09-16,SKU-1010,Siliguri DC,11
2025-09-17,SKU-1010,Siliguri DC,9
2025-09-18,SKU-1010,Siliguri DC,10
2025-09-19,SKU-1010,Siliguri DC,10
2025-09-20,SKU-1010,Siliguri DC,11
2025-09-21,SKU-1010,Siliguri DC,9
2025-09-22,SKU-1010,Siliguri DC,12
2025-09-23,SKU-1010,Siliguri DC,12
2025-09-24,SKU-1010,Siliguri DC,11
2025-09-25,SKU-1010,Siliguri DC,10
2025-09-26,SKU-1010,Siliguri DC,9
2025-09-27,SKU-1010,Siliguri DC,12
2025-09-28,SKU-1010,Siliguri DC,10
2025-09-29,SKU-1010,Siliguri DC,10
2025-09-30,SKU-1010,Siliguri DC,10
2025-10-01,SKU-1010,Siliguri DC,10
2025-10-02,SKU-1010,Siliguri DC,10
2025-10-03,SKU-1010,Siliguri DC,10
2025-10-04,SKU-1010,Siliguri DC,9
2025-10-05,SKU-1010,Siliguri DC,10
2025-10-06,SKU-1010,Siliguri DC,9
2025-10-07,SKU-1010,Siliguri DC,11
2025-10-08,SKU-1010,Siliguri DC,11
2025-10-09,SKU-1010,Siliguri DC,11
2025-10-10,SKU-1010,Siliguri DC,9
2025-10-11,SKU-1010,Siliguri DC,9
2025-10-12,SKU-1010,Siliguri DC,10
2025-10-13,SKU-1010,Siliguri DC,9
2025-10-14,SKU-1010,Siliguri DC,9
2025-10-15,SKU-1010,Siliguri DC,10
2025-10-16,SKU-1010,Siliguri DC,11
2025-10-17,SKU-1010,Siliguri DC,9
2025-10-18,SKU-1010,Siliguri DC,11
2025-10-19,SKU-1010,Siliguri DC,9
2025-10-20,SKU-1010,Siliguri DC,12
2025-10-21,SKU-1010,Siliguri DC,11
2025-10-22,SKU-1010,Siliguri DC,10
2025-10-23,SKU-1010,Siliguri DC,11
2025-10-24,SKU-1010,Siliguri DC,10
2025-10-25,SKU-1010,Siliguri DC,9
2025-10-26,SKU-1010,Siliguri DC,9
2025-10-27,SKU-1010,Siliguri DC,10
2025-10-28,SKU-1010,Siliguri DC,9
2025-10-29,SKU-1010,Siliguri DC,9
2025-10-30,SKU-1010,Siliguri DC,10
2025-10-31,SKU-1010,Siliguri DC,9
2025-11-01,SKU-1010,Siliguri DC,10
2025-11-02,SKU-1010,Siliguri DC,10
2025-11-03,SKU-1010,Siliguri DC,10
2025-11-04,SKU-1010,Siliguri DC,10
2025-11-05,SKU-1010,Siliguri DC,11
2025-11-06,SKU-1010,Siliguri DC,11
2025-11-07,SKU-1010,Siliguri DC,11
2025-11-08,SKU-1010,Siliguri DC,10
2025-11-09,SKU-1010,Siliguri DC,12
2025-11-10,SKU-1010,Siliguri DC,12
2025-11-11,SKU-1010,Siliguri DC,11
2025-11-12,SKU-1010,Siliguri DC,9
2025-11-13,SKU-1010,Siliguri DC,12
2025-11-14,SKU-1010,Siliguri DC,11
2025-11-15,SKU-1010,Siliguri DC,10
2025-11-16,SKU-1010,Siliguri DC,11
2025-11-17,SKU-1010,Siliguri DC,10
2025-11-18,SKU-1010,Siliguri DC,10
2025-11-19,SKU-1010,Siliguri DC,10
2025-11-20,SKU-1010,Siliguri DC,11
2025-11-21,SKU-1010,Siliguri DC,10
2025-11-22,SKU-1010,Siliguri DC,12
2025-11-23,SKU-1010,Siliguri DC,9
2025-11-24,SKU-1010,Siliguri DC,11
2025-11-25,SKU-1010,Siliguri DC,10
2025-11-26,SKU-1010,Siliguri DC,11
2025-11-27,SKU-1010,Siliguri DC,11
2025-11-28,SKU-1010,Siliguri DC,10
2025-11-29,SKU-1010,Siliguri DC,10
2025-11-30,SKU-1010,Siliguri DC,10
2025-12-01,SKU-1010,Siliguri DC,15
2025-12-02,SKU-1010,Siliguri DC,17
2025-12-03,SKU-1010,Siliguri DC,15
2025-12-04,SKU-1010,Siliguri DC,15
2025-12-05,SKU-1010,Siliguri DC,18
2025-12-06,SKU-1010,Siliguri DC,16
2025-12-07,SKU-1010,Siliguri DC,16
2025-12-08,SKU-1010,Siliguri DC,18
2025-12-09,SKU-1010,Siliguri DC,18
2025-12-10,SKU-1010,Siliguri DC,15
2025-12-11,SKU-1010,Siliguri DC,15
2025-12-12,SKU-1010,Siliguri DC,18
2025-12-13,SKU-1010,Siliguri DC,16
2025-12-14,SKU-1010,Siliguri DC,17
2025-12-15,SKU-1010,Siliguri DC,17
2025-12-16,SKU-1010,Siliguri DC,18
2025-12-17,SKU-1010,Siliguri DC,17
2025-12-18,SKU-1010,Siliguri DC,17
2025-12-19,SKU-1010,Siliguri DC,18
2025-12-20,SKU-1010,Siliguri DC,17
2025-12-21,SKU-1010,Siliguri DC,15
2025-12-22,SKU-1010,Siliguri DC,16
2025-12-23,SKU-1010,Siliguri DC,16
2025-12-24,SKU-1010,Siliguri DC,15
2025-12-25,SKU-1010,Siliguri DC,18
2025-12-26,SKU-1010,Siliguri DC,15
2025-12-27,SKU-1010,Siliguri DC,19
2025-12-28,SKU-1010,Siliguri DC,16
2025-12-29,SKU-1010,Siliguri DC,16
2025-12-30,SKU-1010,Siliguri DC,15
2025-12-31,SKU-1010,Siliguri DC,18
2026-01-01,SKU-1010,Siliguri DC,18
2026-01-02,SKU-1010,Siliguri DC,15
2026-01-03,SKU-1010,Siliguri DC,15
2026-01-04,SKU-1010,Siliguri DC,19
2026-01-05,SKU-1010,Siliguri DC,19
2026-01-06,SKU-1010,Siliguri DC,15
2026-01-07,SKU-1010,Siliguri DC,15
2026-01-08,SKU-1010,Siliguri DC,18
2026-01-09,SKU-1010,Siliguri DC,17
2026-01-10,SKU-1010,Siliguri DC,19
2026-01-11,SKU-1010,Siliguri DC,17
2026-01-12,SKU-1010,Siliguri DC,16
2026-01-13,SKU-1010,Siliguri DC,17
2026-01-14,SKU-1010,Siliguri DC,15
2026-01-15,SKU-1010,Siliguri DC,19
2026-01-16,SKU-1010,Siliguri DC,19
2026-01-17,SKU-1010,Siliguri DC,15
2026-01-18,SKU-1010,Siliguri DC,18
2026-01-19,SKU-1010,Siliguri DC,14
2026-01-20,SKU-1010,Siliguri DC,14
2026-01-21,SKU-1010,Siliguri DC,19
2026-01-22,SKU-1010,Siliguri DC,18
2026-01-23,SKU-1010,Siliguri DC,17
2026-01-24,SKU-1010,Siliguri DC,15
2026-01-25,SKU-1010,Siliguri DC,16
2026-01-26,SKU-1010,Siliguri DC,15
2026-01-27,SKU-1010,Siliguri DC,18
2026-01-28,SKU-1010,Siliguri DC,16
2026-01-29,SKU-1010,Siliguri DC,15
2026-01-30,SKU-1010,Siliguri DC,17
2026-01-31,SKU-1010,Siliguri DC,18
2026-02-01,SKU-1010,Siliguri DC,11
2026-02-02,SKU-1010,Siliguri DC,11
2026-02-03,SKU-1010,Siliguri DC,10
2026-02-04,SKU-1010,Siliguri DC,11
2026-02-05,SKU-1010,Siliguri DC,9
2026-02-06,SKU-1010,Siliguri DC,9
2026-02-07,SKU-1010,Siliguri DC,9
2026-02-08,SKU-1010,Siliguri DC,10
2026-02-09,SKU-1010,Siliguri DC,12
2026-02-10,SKU-1010,Siliguri DC,10
2026-02-11,SKU-1010,Siliguri DC,10
2026-02-12,SKU-1010,Siliguri DC,10
2026-02-13,SKU-1010,Siliguri DC,12
2026-02-14,SKU-1010,Siliguri DC,10
2026-02-15,SKU-1010,Siliguri DC,10
2026-02-16,SKU-1010,Siliguri DC,11
2026-02-17,SKU-1010,Siliguri DC,12
2026-02-18,SKU-1010,Siliguri DC,12
2026-02-19,SKU-1010,Siliguri DC,9
2026-02-20,SKU-1010,Siliguri DC,11
2026-02-21,SKU-1010,Siliguri DC,11
2026-02-22,SKU-1010,Siliguri DC,11
2026-02-23,SKU-1010,Siliguri DC,11
2026-02-24,SKU-1010,Siliguri DC,10
2026-02-25,SKU-1010,Siliguri DC,12
2026-02-26,SKU-1010,Siliguri DC,10
2026-02-27,SKU-1010,Siliguri DC,9
2026-02-28,SKU-1010,Siliguri DC,11
2026-03-01,SKU-1010,Siliguri DC,12
2026-03-02,SKU-1010,Siliguri DC,10
2026-03-03,SKU-1010,Siliguri DC,12
2026-03-04,SKU-1010,Siliguri DC,12
2026-03-05,SKU-1010,Siliguri DC,10
2026-03-06,SKU-1010,Siliguri DC,10
2026-03-07,SKU-1010,Siliguri DC,9
2026-03-08,SKU-1010,Siliguri DC,10
2026-03-09,SKU-1010,Siliguri DC,10
2026-03-10,SKU-1010,Siliguri DC,12
2026-03-11,SKU-1010,Siliguri DC,9
2026-03-12,SKU-1010,Siliguri DC,10
2026-03-13,SKU-1010,Siliguri DC,9
2026-03-14,SKU-1010,Siliguri DC,11
2026-03-15,SKU-1010,Siliguri DC,10
2026-03-16,SKU-1010,Siliguri DC,9
2026-03-17,SKU-1010,Siliguri DC,11
2026-03-18,SKU-1010,Siliguri DC,11
2026-03-19,SKU-1010,Siliguri DC,11
2026-03-20,SKU-1010,Siliguri DC,12
2026-03-21,SKU-1010,Siliguri DC,10
2026-03-22,SKU-1010,Siliguri DC,9
2026-03-23,SKU-1010,Siliguri DC,9
2026-03-24,SKU-1010,Siliguri DC,10
2026-03-25,SKU-1010,Siliguri DC,11
2026-03-26,SKU-1010,Siliguri DC,11
2026-03-27,SKU-1010,Siliguri DC,9
2026-03-28,SKU-1010,Siliguri DC,9
2026-03-29,SKU-1010,Siliguri DC,11
2026-03-30,SKU-1010,Siliguri DC,10
2026-03-31,SKU-1010,Siliguri DC,12
2026-04-01,SKU-1010,Siliguri DC,10
2026-04-02,SKU-1010,Siliguri DC,9
2026-04-03,SKU-1010,Siliguri DC,10
2026-04-04,SKU-1010,Siliguri DC,10
2026-04-05,SKU-1010,Siliguri DC,10
2026-04-06,SKU-1010,Siliguri DC,10
2026-04-07,SKU-1010,Siliguri DC,12
2026-04-08,SKU-1010,Siliguri DC,11
2026-04-09,SKU-1010,Siliguri DC,10
2026-04-10,SKU-1010,Siliguri DC,11
2026-04-11,SKU-1010,Siliguri DC,10
2026-04-12,SKU-1010,Siliguri DC,10
2026-04-13,SKU-1010,Siliguri DC,12
2026-04-14,SKU-1010,Siliguri DC,12
2026-04-15,SKU-1010,Siliguri DC,10
2026-04-16,SKU-1010,Siliguri DC,10
2026-04-17,SKU-1010,Siliguri DC,11
2026-04-18,SKU-1010,Siliguri DC,10
2026-04-19,SKU-1010,Siliguri DC,11
2026-04-20,SKU-1010,Siliguri DC,11
2026-04-21,SKU-1010,Siliguri DC,10
2026-04-22,SKU-1010,Siliguri DC,10
2026-04-23,SKU-1010,Siliguri DC,11
2026-04-24,SKU-1010,Siliguri DC,9
2026-04-25,SKU-1010,Siliguri DC,9
2026-04-26,SKU-1010,Siliguri DC,12
2026-04-27,SKU-1010,Siliguri DC,11
2026-04-28,SKU-1010,Siliguri DC,10
2026-04-29,SKU-1010,Siliguri DC,12
2026-04-30,SKU-1010,Siliguri DC,10
2026-05-01,SKU-1010,Siliguri DC,9
2026-05-02,SKU-1010,Siliguri DC,10
2026-05-03,SKU-1010,Siliguri DC,12
2026-05-04,SKU-1010,Siliguri DC,9
2026-05-05,SKU-1010,Siliguri DC,11
2026-05-06,SKU-1010,Siliguri DC,9
2026-05-07,SKU-1010,Siliguri DC,10
2026-05-08,SKU-1010,Siliguri DC,12
2026-05-09,SKU-1010,Siliguri DC,12
2026-05-10,SKU-1010,Siliguri DC,11
2026-05-11,SKU-1010,Siliguri DC,11
2026-05-12,SKU-1010,Siliguri DC,10
2026-05-13,SKU-1010,Siliguri DC,12
2026-05-14,SKU-1010,Siliguri DC,10
2026-05-15,SKU-1010,Siliguri DC,11
2026-05-16,SKU-1010,Siliguri DC,10
2026-05-17,SKU-1010,Siliguri DC,10
2026-05-18,SKU-1010,Siliguri DC,11
2026-05-19,SKU-1010,Siliguri DC,11
2026-05-20,SKU-1010,Siliguri DC,11
2026-05-21,SKU-1010,Siliguri DC,11
2026-05-22,SKU-1010,Siliguri DC,9
2026-05-23,SKU-1010,Siliguri DC,10
2026-05-24,SKU-1010,Siliguri DC,11
2026-05-25,SKU-1010,Siliguri DC,10
2026-05-26,SKU-1010,Siliguri DC,11
2026-05-27,SKU-1010,Siliguri DC,10
2026-05-28,SKU-1010,Siliguri DC,10
2026-05-29,SKU-1010,Siliguri DC,10
2026-05-30,SKU-1010,Siliguri DC,10
2026-05-31,SKU-1010,Siliguri DC,12
2026-06-01,SKU-1010,Siliguri DC,11
2026-06-02,SKU-1010,Siliguri DC,10
2026-06-03,SKU-1010,Siliguri DC,10
2026-06-04,SKU-1010,Siliguri DC,9
2026-06-05,SKU-1010,Siliguri DC,10
2026-06-06,SKU-1010,Siliguri DC,10
2026-06-07,SKU-1010,Siliguri DC,11
2026-06-08,SKU-1010,Siliguri DC,12
2026-06-09,SKU-1010,Siliguri DC,12
2026-06-10,SKU-1010,Siliguri DC,10
2026-06-11,SKU-1010,Siliguri DC,9
2026-06-12,SKU-1010,Siliguri DC,11
2026-06-13,SKU-1010,Siliguri DC,11
2026-06-14,SKU-1010,Siliguri DC,10
2026-06-15,SKU-1010,Siliguri DC,10
2026-06-16,SKU-1010,Siliguri DC,10
2026-06-17,SKU-1010,Siliguri DC,11
2026-06-18,SKU-1010,Siliguri DC,12
2026-06-19,SKU-1010,Siliguri DC,12
2026-06-20,SKU-1010,Siliguri DC,11
2026-06-21,SKU-1010,Siliguri DC,12
2026-06-22,SKU-1010,Siliguri DC,10
2026-06-23,SKU-1010,Siliguri DC,11
2026-06-24,SKU-1010,Siliguri DC,9
2026-06-25,SKU-1010,Siliguri DC,12
2026-06-26,SKU-1010,Siliguri DC,12
2026-06-27,SKU-1010,Siliguri DC,10
2026-06-28,SKU-1010,Siliguri DC,10
2026-06-29,SKU-1010,Siliguri DC,9
2026-06-30,SKU-1010,Siliguri DC,11
2026-07-01,SKU-1010,Siliguri DC,10
2026-07-02,SKU-1010,Siliguri DC,11
2026-07-03,SKU-1010,Siliguri DC,11
2026-07-04,SKU-1010,Siliguri DC,11
2026-07-05,SKU-1010,Siliguri DC,10
2026-07-06,SKU-1010,Siliguri DC,9
2026-07-07,SKU-1010,Siliguri DC,11
2026-07-08,SKU-1010,Siliguri DC,11
2026-07-09,SKU-1010,Siliguri DC,12
2026-07-10,SKU-1010,Siliguri DC,10
2026-07-11,SKU-1010,Siliguri DC,10
2026-07-12,SKU-1010,Siliguri DC,11
2026-07-13,SKU-1010,Siliguri DC,10
2026-07-14,SKU-1010,Siliguri DC,10
2026-07-15,SKU-1010,Siliguri DC,11
2026-07-16,SKU-1010,Siliguri DC,12
2026-07-17,SKU-1010,Siliguri DC,12
2026-07-18,SKU-1010,Siliguri DC,12
2026-07-19,SKU-1010,Siliguri DC,10
2026-07-20,SKU-1010,Siliguri DC,11
2026-07-21,SKU-1010,Siliguri DC,9
2026-07-22,SKU-1010,Siliguri DC,11
2026-07-23,SKU-1010,Siliguri DC,11
2026-07-24,SKU-1010,Siliguri DC,9
2026-07-25,SKU-1010,Siliguri DC,11
2026-07-26,SKU-1010,Siliguri DC,11
2026-07-27,SKU-1010,Siliguri DC,9
2026-07-28,SKU-1010,Siliguri DC,9
2026-07-29,SKU-1010,Siliguri DC,11
2026-07-30,SKU-1010,Siliguri DC,12
2026-07-31,SKU-1010,Siliguri DC,12
2026-08-01,SKU-1010,Siliguri DC,12
2026-08-02,SKU-1010,Siliguri DC,12
2026-08-03,SKU-1010,Siliguri DC,9
2026-08-04,SKU-1010,Siliguri DC,11
2026-08-05,SKU-1010,Siliguri DC,11
2026-08-06,SKU-1010,Siliguri DC,12
2026-08-07,SKU-1010,Siliguri DC,11
2026-08-08,SKU-1010,Siliguri DC,10
2026-08-09,SKU-1010,Siliguri DC,9
2026-08-10,SKU-1010,Siliguri DC,9
2026-08-11,SKU-1010,Siliguri DC,11
2026-08-12,SKU-1010,Siliguri DC,11
2026-08-13,SKU-1010,Siliguri DC,11
2026-08-14,SKU-1010,Siliguri DC,10
2026-08-15,SKU-1010,Siliguri DC,11
2026-08-16,SKU-1010,Siliguri DC,10
