order_id,medicine_type,order_quantity,urgency_level,unit_quote_price_usd,lead_time_days,supplier_reliability,on_time_delivery_rate,defect_rate_pct,cold_chain_compliance_pct,selected_supplier
ORD-00001,Vaccine,2500,Medium,272.99,7,0.891,0.918,0.6,93.9,OmniHealth Labs
ORD-00002,Painkiller,2500,Standard,41.76,4,0.929,0.9,0.01,97.3,MediCore Labs
ORD-00003,Antibiotic,250,High,111.03,7,1.0,0.881,0.85,96.5,PharmaTrust Global
ORD-00004,Antiviral,500,Standard,197.05,4,0.796,0.894,0.06,99.4,Vanguard Pharma
ORD-00005,Antibiotic,250,Medium,129.74,6,0.916,0.89,0.39,98.0,NovaCure Therapeutics
ORD-00006,Antibiotic,5000,Medium,113.5,5,0.934,0.903,1.57,94.5,Zenith LifeSciences
ORD-00007,Insulin,2500,Standard,269.65,4,0.92,0.955,0.5,95.9,VitalCare Pharmaceuticals
ORD-00008,Antiviral,500,Medium,230.76,4,0.856,0.9,0.55,95.4,MediCore Labs
ORD-00009,Antibiotic,1000,Medium,133.8,5,0.944,0.89,0.75,98.2,NovaCure Therapeutics
ORD-00010,Immunosuppressant,500,High,380.78,4,0.911,0.867,0.19,95.2,OmniHealth Labs
ORD-00011,Painkiller,500,Medium,43.84,1,0.845,0.811,0.2,96.6,Beacon Pharmaceuticals
ORD-00012,Vaccine,1000,Medium,297.66,8,0.898,0.866,0.95,94.8,Summit BioSolutions
ORD-00013,Cardiovascular Drug,5000,High,158.83,7,0.916,0.943,0.88,97.0,Aegis Health Supplies
ORD-00014,Painkiller,500,Medium,46.33,3,0.881,0.797,0.43,95.3,Beacon Pharmaceuticals
ORD-00015,Monoclonal Antibody,5000,Standard,4664.85,1,0.925,0.949,1.0,92.7,VitalCare Pharmaceuticals
ORD-00016,Chemotherapy Agent,5000,High,504.51,11,0.982,0.899,0.51,95.1,GlobalRx Supply Chain
ORD-00017,Antihistamine,2500,Medium,53.67,2,0.878,0.838,0.74,99.8,Aegis Health Supplies
ORD-00018,Immunosuppressant,250,Standard,343.91,5,0.897,0.925,0.76,95.2,OmniHealth Labs
ORD-00019,Cardiovascular Drug,2500,Medium,175.81,8,0.924,0.905,1.11,98.3,Aegis Health Supplies
ORD-00020,Chemotherapy Agent,500,Medium,584.9,9,0.97,0.905,0.12,95.4,GlobalRx Supply Chain
ORD-00021,Vaccine,500,High,273.46,5,0.955,0.919,0.5,98.1,OmniHealth Labs
ORD-00022,Immunosuppressant,100,High,316.25,6,0.864,0.941,0.72,94.6,OmniHealth Labs
ORD-00023,Insulin,1000,Standard,216.1,6,0.955,0.874,0.47,95.4,Apex BioPharma
ORD-00024,Antihistamine,5000,Medium,65.86,5,0.846,0.956,0.71,95.4,Zenith LifeSciences
ORD-00025,Monoclonal Antibody,250,High,4368.01,5,0.953,0.977,1.43,97.0,MediCore Labs
ORD-00026,Painkiller,5000,Medium,42.64,11,0.96,0.895,1.22,93.5,BioMatrix International
ORD-00027,Antihistamine,1000,Standard,52.75,5,0.918,0.92,0.84,97.1,Aegis Health Supplies
ORD-00028,Insulin,250,High,231.01,6,0.919,0.932,0.3,95.3,Apex BioPharma
ORD-00029,Antibiotic,100,High,142.75,4,0.906,0.902,0.36,99.1,NovaCure Therapeutics
ORD-00030,Cardiovascular Drug,5000,Standard,184.28,8,0.897,0.916,1.07,96.3,Aegis Health Supplies
ORD-00031,Insulin,1000,Standard,225.72,6,0.948,0.9,0.42,98.4,VitalCare Pharmaceuticals
ORD-00032,Antiviral,250,High,244.69,10,0.857,0.89,0.14,97.2,GlobalRx Supply Chain
ORD-00033,Immunosuppressant,500,Standard,427.91,6,0.927,0.958,1.25,97.2,Bharat BioLogics
ORD-00034,Cardiovascular Drug,2500,High,171.7,5,0.852,0.873,0.89,96.9,Aegis Health Supplies
ORD-00035,Painkiller,5000,High,45.97,6,0.972,0.854,0.32,96.2,MediCore Labs
ORD-00036,Vaccine,1000,High,308.48,7,0.891,0.959,1.09,97.7,Vanguard Pharma
ORD-00037,Cardiovascular Drug,2500,Medium,164.68,6,0.954,0.859,0.91,96.8,Aegis Health Supplies
ORD-00038,Vaccine,500,High,329.66,7,0.909,0.932,0.1,95.9,Quantum Health Sciences
ORD-00039,Antihistamine,250,High,60.19,7,0.92,0.937,0.91,97.7,NovaCure Therapeutics
ORD-00040,Antihistamine,5000,High,63.66,6,0.87,0.845,0.56,97.5,Aegis Health Supplies
ORD-00041,Insulin,5000,Standard,237.15,7,0.945,0.898,0.01,95.7,Apex BioPharma
ORD-00042,Antiviral,1000,Standard,187.66,5,0.806,0.938,0.27,96.0,Vanguard Pharma
ORD-00043,Vaccine,100,High,281.82,5,0.894,0.955,0.72,96.2,OmniHealth Labs
ORD-00044,Antibiotic,2500,Medium,140.33,5,0.944,0.925,0.01,97.9,NovaCure Therapeutics
ORD-00045,Antibiotic,5000,Medium,124.22,8,0.942,0.9,1.11,96.1,Bharat BioLogics
ORD-00046,Chemotherapy Agent,2500,High,481.67,10,0.938,0.878,1.0,99.1,Serum Horizon Global
ORD-00047,Antihistamine,500,Standard,61.33,4,0.914,0.794,0.15,96.4,Aegis Health Supplies
ORD-00048,Chemotherapy Agent,250,Standard,480.53,7,0.844,0.958,1.12,97.7,Serum Horizon Global
ORD-00049,Insulin,5000,Medium,208.27,4,0.885,0.915,0.68,97.1,VitalCare Pharmaceuticals
ORD-00050,Immunosuppressant,100,Medium,353.13,5,0.893,0.959,0.48,94.2,OmniHealth Labs
ORD-00051,Vaccine,100,High,309.45,8,0.944,0.944,1.53,96.8,Vanguard Pharma
ORD-00052,Painkiller,2500,Standard,51.03,6,0.942,0.849,0.01,98.4,MediCore Labs
ORD-00053,Antibiotic,2500,Medium,139.61,7,0.899,0.817,0.01,98.6,BioMatrix International
ORD-00054,Antihistamine,1000,Medium,69.06,11,0.929,1.0,1.57,98.3,NovaCure Therapeutics
ORD-00055,Monoclonal Antibody,100,Medium,6206.32,4,0.933,0.922,1.4,95.7,MediCore Labs
ORD-00056,Antibiotic,100,High,131.94,4,0.983,0.945,0.55,98.0,NovaCure Therapeutics
ORD-00057,Vaccine,2500,Standard,261.61,5,0.966,1.0,0.87,97.8,OmniHealth Labs
ORD-00058,Immunosuppressant,250,High,387.74,6,0.902,1.0,1.02,93.7,OmniHealth Labs
ORD-00059,Vaccine,250,Standard,295.97,10,0.951,0.85,1.11,95.5,Summit BioSolutions
ORD-00060,Antihistamine,2500,Standard,61.1,4,0.905,0.856,0.7,96.3,Aegis Health Supplies
ORD-00061,Painkiller,5000,High,46.22,4,0.958,0.862,0.38,95.8,MediCore Labs
ORD-00062,Chemotherapy Agent,500,High,454.27,2,0.845,0.843,0.19,97.8,Beacon Pharmaceuticals
ORD-00063,Insulin,500,Standard,208.17,7,0.953,0.963,0.9,97.4,OmniHealth Labs
ORD-00064,Vaccine,100,High,281.64,7,0.966,0.978,0.45,96.5,OmniHealth Labs
ORD-00065,Vaccine,100,Standard,290.47,5,0.887,0.915,0.63,94.3,OmniHealth Labs
ORD-00066,Antiviral,100,Standard,211.25,4,0.924,0.805,0.54,94.4,Pulse Generic Pharma
ORD-00067,Painkiller,250,Standard,46.95,6,0.933,0.763,0.02,96.7,MediCore Labs
ORD-00068,Antibiotic,5000,Standard,98.58,9,0.997,0.931,0.8,97.6,PharmaTrust Global
ORD-00069,Antibiotic,500,Medium,124.99,6,0.921,0.868,0.45,97.8,BioMatrix International
ORD-00070,Monoclonal Antibody,100,Medium,5051.48,8,0.868,0.951,0.62,93.8,CryoSafe LifeSciences
ORD-00071,Chemotherapy Agent,100,Standard,493.18,7,0.969,0.861,1.06,100.0,Serum Horizon Global
ORD-00072,Monoclonal Antibody,2500,Standard,5418.47,5,0.94,0.958,0.93,97.5,MediCore Labs
ORD-00073,Antiviral,1000,High,184.13,3,0.929,0.851,0.39,96.3,Vanguard Pharma
ORD-00074,Cardiovascular Drug,250,Medium,165.41,6,0.878,0.892,0.01,96.5,NovaCure Therapeutics
ORD-00075,Antiviral,100,Medium,250.53,11,0.839,0.871,0.58,98.5,GlobalRx Supply Chain
ORD-00076,Antiviral,2500,Standard,239.48,11,0.904,0.896,0.22,97.2,GlobalRx Supply Chain
ORD-00077,Monoclonal Antibody,5000,Medium,5265.66,7,0.958,0.977,1.09,97.2,MediCore Labs
ORD-00078,Antiviral,500,High,214.76,4,0.892,0.858,0.01,97.6,Vanguard Pharma
ORD-00079,Monoclonal Antibody,500,High,4941.4,8,0.953,0.949,1.49,95.2,MediCore Labs
ORD-00080,Monoclonal Antibody,100,Standard,4540.91,6,0.887,0.969,1.21,100.0,Pulse Generic Pharma
ORD-00081,Insulin,250,Standard,227.08,6,0.957,0.915,1.17,97.5,OmniHealth Labs
ORD-00082,Monoclonal Antibody,100,Medium,5669.08,8,0.975,0.956,1.1,97.1,MediCore Labs
ORD-00083,Antiviral,500,Medium,163.25,6,0.858,0.861,0.16,95.4,Vanguard Pharma
ORD-00084,Painkiller,100,Standard,43.29,4,0.865,0.874,0.84,98.7,Apex BioPharma
ORD-00085,Antiviral,5000,Medium,214.06,1,0.969,0.815,0.42,96.0,MediCore Labs
ORD-00086,Antiviral,500,Medium,220.8,6,0.951,0.858,0.42,96.2,Pulse Generic Pharma
ORD-00087,Immunosuppressant,500,Medium,416.29,6,0.958,0.969,0.65,95.0,OmniHealth Labs
ORD-00088,Chemotherapy Agent,2500,Standard,491.88,11,0.901,0.874,1.28,100.0,Serum Horizon Global
ORD-00089,Antibiotic,2500,Standard,120.6,9,0.921,0.942,0.49,98.2,PharmaTrust Global
ORD-00090,Vaccine,2500,Medium,297.21,5,0.95,0.87,0.04,97.4,Quantum Health Sciences
ORD-00091,Antiviral,2500,Standard,208.69,4,0.896,0.874,0.43,96.7,Vanguard Pharma
ORD-00092,Painkiller,5000,Medium,41.97,1,0.906,0.843,0.34,94.2,Beacon Pharmaceuticals
ORD-00093,Antiviral,250,High,214.67,3,0.89,0.897,0.37,96.8,MediCore Labs
ORD-00094,Insulin,250,Standard,253.41,4,0.913,0.902,0.47,98.0,VitalCare Pharmaceuticals
ORD-00095,Cardiovascular Drug,250,High,145.2,8,0.989,0.905,1.2,95.1,CryoSafe LifeSciences
ORD-00096,Cardiovascular Drug,2500,Standard,191.58,8,0.866,0.946,0.32,98.4,NovaCure Therapeutics
ORD-00097,Painkiller,2500,High,39.03,7,0.989,0.964,1.26,94.7,BioMatrix International
ORD-00098,Chemotherapy Agent,2500,Standard,444.9,9,0.926,0.883,1.03,100.0,Serum Horizon Global
ORD-00099,Vaccine,5000,Standard,287.08,5,0.884,0.948,0.75,97.7,OmniHealth Labs
ORD-00100,Monoclonal Antibody,2500,Standard,5303.48,6,0.921,0.953,1.33,96.4,Zenith LifeSciences
ORD-00101,Monoclonal Antibody,500,High,4787.93,4,0.929,0.905,1.1,99.7,Pulse Generic Pharma
ORD-00102,Chemotherapy Agent,2500,Standard,394.93,1,0.859,0.81,0.01,95.0,Beacon Pharmaceuticals
ORD-00103,Cardiovascular Drug,100,Medium,171.99,6,0.946,0.923,0.67,97.1,Aegis Health Supplies
ORD-00104,Immunosuppressant,250,Medium,344.7,5,0.94,0.951,0.45,93.4,OmniHealth Labs
ORD-00105,Vaccine,1000,Medium,313.21,6,0.934,0.953,0.96,97.4,OmniHealth Labs
ORD-00106,Vaccine,2500,Medium,278.4,8,0.865,0.875,0.75,98.2,OmniHealth Labs
ORD-00107,Antibiotic,100,Standard,114.71,4,0.915,0.84,1.55,93.0,Zenith LifeSciences
ORD-00108,Immunosuppressant,1000,Medium,392.12,4,0.928,0.921,0.44,93.7,OmniHealth Labs
ORD-00109,Painkiller,2500,Medium,42.34,4,0.849,0.847,0.34,96.2,Beacon Pharmaceuticals
ORD-00110,Painkiller,250,High,42.89,3,0.924,0.796,0.68,96.5,Beacon Pharmaceuticals
ORD-00111,Monoclonal Antibody,500,Standard,5548.72,5,0.978,1.0,1.2,97.8,MediCore Labs
ORD-00112,Antibiotic,5000,High,136.28,6,0.92,0.842,1.04,95.4,Bharat BioLogics
ORD-00113,Vaccine,5000,High,283.26,5,1.0,0.909,0.74,98.7,OmniHealth Labs
ORD-00114,Monoclonal Antibody,1000,Standard,5903.63,8,0.932,0.993,1.06,93.3,Zenith LifeSciences
ORD-00115,Monoclonal Antibody,2500,High,5848.58,5,0.991,0.978,1.28,96.9,MediCore Labs
ORD-00116,Insulin,500,Medium,228.2,6,0.978,0.856,0.53,94.4,Apex BioPharma
ORD-00117,Antibiotic,500,Standard,122.51,7,0.971,0.957,0.16,95.7,PharmaTrust Global
ORD-00118,Cardiovascular Drug,2500,Medium,175.13,10,0.943,0.881,0.6,94.9,CryoSafe LifeSciences
ORD-00119,Vaccine,1000,Medium,292.25,7,0.929,0.894,0.44,96.7,OmniHealth Labs
ORD-00120,Antibiotic,2500,High,145.34,9,0.977,0.993,0.57,98.3,PharmaTrust Global
ORD-00121,Immunosuppressant,2500,Standard,390.67,5,0.891,0.995,0.58,94.5,OmniHealth Labs
ORD-00122,Immunosuppressant,1000,High,322.08,7,1.0,0.927,0.31,95.6,OmniHealth Labs
ORD-00123,Monoclonal Antibody,5000,High,4498.05,1,0.891,0.962,1.01,92.6,VitalCare Pharmaceuticals
ORD-00124,Vaccine,500,Medium,342.81,5,0.939,0.92,0.47,97.3,Quantum Health Sciences
ORD-00125,Cardiovascular Drug,5000,Medium,158.78,7,0.944,0.921,0.85,96.5,Aegis Health Supplies
ORD-00126,Antihistamine,500,High,61.86,8,0.95,0.985,1.38,98.8,NovaCure Therapeutics
ORD-00127,Antihistamine,2500,Standard,54.93,4,0.925,0.869,0.21,96.6,Pulse Generic Pharma
ORD-00128,Antiviral,250,Medium,194.36,4,0.871,0.87,0.85,95.5,MediCore Labs
ORD-00129,Immunosuppressant,500,Medium,417.41,5,0.866,0.969,0.47,95.6,OmniHealth Labs
ORD-00130,Painkiller,2500,Standard,42.52,5,0.855,0.794,0.31,95.4,Beacon Pharmaceuticals
ORD-00131,Insulin,250,High,214.62,6,0.967,0.809,0.17,97.4,Apex BioPharma
ORD-00132,Monoclonal Antibody,100,Standard,4870.68,6,0.957,0.935,1.35,96.2,MediCore Labs
ORD-00133,Monoclonal Antibody,250,Standard,5468.81,4,0.884,0.992,0.9,94.3,Zenith LifeSciences
ORD-00134,Insulin,1000,Medium,243.18,7,0.869,0.96,0.98,94.9,PharmaTrust Global
ORD-00135,Monoclonal Antibody,500,Medium,5351.44,4,1.0,0.928,1.6,97.1,MediCore Labs
ORD-00136,Painkiller,1000,Medium,47.36,3,0.878,0.84,0.64,94.2,Beacon Pharmaceuticals
ORD-00137,Cardiovascular Drug,500,Medium,162.63,7,0.921,0.857,0.46,95.0,CryoSafe LifeSciences
ORD-00138,Antibiotic,100,Medium,131.23,4,0.888,0.832,0.57,98.0,NovaCure Therapeutics
ORD-00139,Monoclonal Antibody,100,Medium,5478.54,5,0.941,1.0,1.33,98.3,MediCore Labs
ORD-00140,Monoclonal Antibody,500,Medium,4577.62,5,0.815,1.0,1.16,99.1,Pulse Generic Pharma
ORD-00141,Cardiovascular Drug,100,Standard,187.21,9,0.855,0.909,0.74,98.1,NovaCure Therapeutics
ORD-00142,Antihistamine,1000,Standard,60.18,11,0.911,0.989,0.82,99.0,NovaCure Therapeutics
ORD-00143,Vaccine,5000,Standard,255.89,8,0.884,0.896,0.85,97.1,OmniHealth Labs
ORD-00144,Immunosuppressant,100,Standard,384.31,5,0.963,0.97,0.9,94.3,OmniHealth Labs
ORD-00145,Vaccine,2500,Standard,348.2,5,0.92,0.902,0.83,97.7,Quantum Health Sciences
ORD-00146,Antihistamine,2500,Medium,61.49,5,0.826,0.837,0.15,96.7,Pulse Generic Pharma
ORD-00147,Monoclonal Antibody,100,Medium,4391.71,7,0.879,0.977,1.1,97.9,Pulse Generic Pharma
ORD-00148,Insulin,2500,Medium,186.07,7,0.856,0.933,0.66,94.3,PharmaTrust Global
ORD-00149,Monoclonal Antibody,5000,Medium,5189.19,6,0.903,0.956,1.35,97.7,Pulse Generic Pharma
ORD-00150,Painkiller,5000,Standard,49.61,4,0.951,0.887,0.08,96.8,MediCore Labs
ORD-00151,Insulin,5000,Medium,281.22,7,0.909,0.985,1.24,97.0,Beacon Pharmaceuticals
ORD-00152,Painkiller,5000,Medium,40.65,1,0.851,0.874,0.35,95.2,Beacon Pharmaceuticals
ORD-00153,Antihistamine,5000,High,74.37,6,0.871,0.962,0.83,94.0,Zenith LifeSciences
ORD-00154,Insulin,250,Medium,219.34,7,0.911,0.985,0.84,98.9,OmniHealth Labs
ORD-00155,Painkiller,250,Standard,45.84,7,0.894,0.82,0.87,98.3,Apex BioPharma
ORD-00156,Immunosuppressant,1000,High,421.42,7,0.956,0.782,0.21,95.2,CryoSafe LifeSciences
ORD-00157,Chemotherapy Agent,2500,Medium,512.18,9,0.948,0.906,0.09,96.6,GlobalRx Supply Chain
ORD-00158,Vaccine,1000,Standard,305.19,6,0.968,0.909,1.02,97.0,OmniHealth Labs
ORD-00159,Immunosuppressant,100,High,410.16,5,0.928,0.796,0.48,91.1,Quantum Health Sciences
ORD-00160,Painkiller,100,Standard,40.95,8,0.847,0.809,0.86,97.1,Apex BioPharma
ORD-00161,Vaccine,500,Standard,346.04,4,0.953,0.928,0.97,97.2,Vanguard Pharma
ORD-00162,Painkiller,1000,Standard,45.16,4,0.914,0.825,0.38,99.2,MediCore Labs
ORD-00163,Cardiovascular Drug,1000,Medium,190.56,7,0.859,0.885,0.56,98.3,NovaCure Therapeutics
ORD-00164,Insulin,2500,High,220.95,7,0.996,0.997,0.4,97.6,VitalCare Pharmaceuticals
ORD-00165,Monoclonal Antibody,2500,Medium,3728.58,1,0.871,0.954,0.82,91.4,VitalCare Pharmaceuticals
ORD-00166,Monoclonal Antibody,5000,Standard,4368.5,4,0.865,0.906,0.86,93.0,VitalCare Pharmaceuticals
ORD-00167,Immunosuppressant,500,Medium,386.86,6,0.898,0.929,0.41,94.8,OmniHealth Labs
ORD-00168,Insulin,250,Medium,229.89,3,0.929,0.882,0.43,96.9,Apex BioPharma
ORD-00169,Cardiovascular Drug,100,Standard,143.25,7,0.805,0.928,1.06,97.5,Aegis Health Supplies
ORD-00170,Antibiotic,100,Standard,123.09,4,0.853,0.914,1.72,95.1,Zenith LifeSciences
ORD-00171,Cardiovascular Drug,5000,Standard,178.86,5,0.89,0.977,1.05,98.1,Aegis Health Supplies
ORD-00172,Monoclonal Antibody,5000,High,5479.03,10,0.981,0.954,0.7,94.1,CryoSafe LifeSciences
ORD-00173,Painkiller,1000,High,37.86,3,0.918,0.881,0.51,96.0,Beacon Pharmaceuticals
ORD-00174,Antibiotic,1000,Standard,117.41,6,0.912,0.965,0.73,95.7,PharmaTrust Global
ORD-00175,Chemotherapy Agent,5000,Medium,494.84,3,0.929,0.859,0.68,95.9,Bharat BioLogics
ORD-00176,Antibiotic,250,Medium,134.14,7,0.961,0.849,0.17,98.4,BioMatrix International
ORD-00177,Painkiller,5000,High,48.76,4,0.945,0.873,0.4,96.1,MediCore Labs
ORD-00178,Insulin,500,Standard,252.09,7,0.956,0.921,0.51,95.1,VitalCare Pharmaceuticals
ORD-00179,Painkiller,1000,Medium,44.01,8,0.956,0.861,0.01,95.6,MediCore Labs
ORD-00180,Insulin,500,Standard,217.78,7,0.831,0.999,1.14,93.8,PharmaTrust Global
ORD-00181,Chemotherapy Agent,100,Medium,498.77,2,0.855,0.92,0.4,92.9,Bharat BioLogics
ORD-00182,Vaccine,250,Standard,371.12,7,0.967,0.956,1.26,99.3,Vanguard Pharma
ORD-00183,Antibiotic,5000,High,133.1,4,0.912,0.935,0.52,98.5,NovaCure Therapeutics
ORD-00184,Antibiotic,2500,High,121.1,5,0.961,0.85,0.01,99.4,NovaCure Therapeutics
ORD-00185,Vaccine,2500,High,232.11,5,0.942,0.951,0.62,97.3,OmniHealth Labs
ORD-00186,Vaccine,1000,Medium,274.2,5,0.939,0.882,0.43,96.6,OmniHealth Labs
ORD-00187,Immunosuppressant,2500,Standard,396.26,6,0.938,0.951,0.54,94.3,OmniHealth Labs
ORD-00188,Insulin,100,Standard,235.57,5,0.941,0.849,0.55,95.0,Apex BioPharma
ORD-00189,Insulin,500,High,232.02,8,0.955,0.971,0.48,98.2,VitalCare Pharmaceuticals
ORD-00190,Monoclonal Antibody,250,Medium,5158.02,6,0.937,0.959,1.68,93.7,Zenith LifeSciences
ORD-00191,Antihistamine,5000,High,62.33,4,0.914,0.949,0.85,95.2,Zenith LifeSciences
ORD-00192,Vaccine,500,High,326.9,7,0.933,0.94,0.75,96.4,OmniHealth Labs
ORD-00193,Vaccine,5000,High,347.42,6,0.884,0.878,0.94,98.1,Vanguard Pharma
ORD-00194,Painkiller,5000,High,52.7,6,0.887,0.857,0.86,93.6,Serum Horizon Global
ORD-00195,Insulin,5000,Standard,208.01,6,0.813,0.932,0.93,93.0,PharmaTrust Global
ORD-00196,Insulin,2500,High,236.48,6,0.837,0.926,1.21,93.6,PharmaTrust Global
ORD-00197,Immunosuppressant,1000,Medium,400.75,5,0.865,0.948,0.97,100.0,VitalCare Pharmaceuticals
ORD-00198,Immunosuppressant,5000,Standard,393.69,10,0.996,0.799,0.23,94.8,CryoSafe LifeSciences
ORD-00199,Antiviral,5000,High,166.12,7,0.895,0.874,0.01,96.3,Vanguard Pharma
ORD-00200,Antiviral,5000,Standard,209.01,4,0.867,0.914,0.28,95.5,Vanguard Pharma
ORD-00201,Immunosuppressant,5000,Standard,372.14,5,0.964,0.962,0.72,94.7,OmniHealth Labs
ORD-00202,Immunosuppressant,2500,Standard,352.03,3,0.942,0.924,0.94,95.6,OmniHealth Labs
ORD-00203,Immunosuppressant,5000,Standard,398.1,7,0.948,0.884,0.21,93.1,CryoSafe LifeSciences
ORD-00204,Cardiovascular Drug,1000,Medium,150.77,4,0.868,0.975,1.09,98.9,Aegis Health Supplies
ORD-00205,Painkiller,250,Medium,40.46,7,0.935,0.837,0.31,97.2,MediCore Labs
ORD-00206,Insulin,1000,Medium,209.05,4,0.943,0.88,1.35,98.6,OmniHealth Labs
ORD-00207,Antibiotic,1000,Medium,140.89,8,0.907,0.841,1.23,92.4,Zenith LifeSciences
ORD-00208,Antiviral,100,High,202.56,4,0.898,0.938,0.54,97.3,Vanguard Pharma
ORD-00209,Vaccine,5000,High,308.87,8,0.913,0.948,1.12,99.0,Vanguard Pharma
ORD-00210,Insulin,250,Medium,219.75,7,0.845,0.941,0.95,94.2,PharmaTrust Global
ORD-00211,Antibiotic,5000,Standard,124.78,6,1.0,0.981,0.27,98.0,PharmaTrust Global
ORD-00212,Antibiotic,2500,Medium,129.62,6,0.952,0.894,0.9,93.2,Bharat BioLogics
ORD-00213,Antiviral,5000,Standard,215.46,3,0.86,0.905,0.75,96.6,Summit BioSolutions
ORD-00214,Antihistamine,100,Medium,67.64,2,0.914,0.83,0.37,97.9,Aegis Health Supplies
ORD-00215,Antibiotic,5000,High,122.51,5,0.977,0.938,0.31,97.3,NovaCure Therapeutics
ORD-00216,Painkiller,1000,Medium,45.07,8,0.88,0.833,0.65,98.1,Apex BioPharma
ORD-00217,Antiviral,100,High,176.32,7,0.867,0.88,0.29,97.8,Vanguard Pharma
ORD-00218,Cardiovascular Drug,500,Standard,179.97,8,0.802,0.866,0.65,99.6,NovaCure Therapeutics
ORD-00219,Vaccine,2500,High,330.17,5,0.929,0.965,1.34,96.8,Vanguard Pharma
ORD-00220,Insulin,500,Standard,220.04,6,0.976,0.932,0.32,95.6,VitalCare Pharmaceuticals
ORD-00221,Cardiovascular Drug,2500,Standard,162.91,7,0.858,0.953,1.25,97.9,Aegis Health Supplies
ORD-00222,Painkiller,2500,High,45.81,6,0.941,0.858,0.06,98.0,MediCore Labs
ORD-00223,Insulin,5000,Medium,187.96,6,0.958,0.895,0.97,98.0,OmniHealth Labs
ORD-00224,Immunosuppressant,1000,High,345.43,4,0.891,1.0,0.8,95.6,OmniHealth Labs
ORD-00225,Monoclonal Antibody,5000,Standard,5602.46,4,0.993,0.95,1.46,97.2,MediCore Labs
ORD-00226,Antibiotic,250,Standard,105.65,8,0.972,0.908,0.34,96.6,PharmaTrust Global
ORD-00227,Immunosuppressant,1000,Standard,400.7,5,1.0,0.995,0.7,94.0,OmniHealth Labs
ORD-00228,Antihistamine,500,Standard,61.36,3,0.863,0.849,0.49,97.4,Aegis Health Supplies
ORD-00229,Antibiotic,250,Medium,151.25,2,0.936,0.918,0.33,99.1,NovaCure Therapeutics
ORD-00230,Immunosuppressant,5000,Medium,294.87,3,0.895,1.0,0.64,94.8,OmniHealth Labs
ORD-00231,Antiviral,1000,High,213.67,3,0.907,0.88,0.76,96.8,MediCore Labs
ORD-00232,Antihistamine,5000,Medium,64.23,7,0.861,0.945,0.89,100.0,NovaCure Therapeutics
ORD-00233,Antiviral,2500,High,202.66,10,0.903,0.873,0.11,98.8,GlobalRx Supply Chain
ORD-00234,Vaccine,500,High,246.07,5,0.914,0.941,0.41,97.0,OmniHealth Labs
ORD-00235,Cardiovascular Drug,1000,Medium,208.86,7,0.957,0.885,0.67,94.3,Serum Horizon Global
ORD-00236,Antihistamine,2500,High,57.61,3,0.909,0.804,0.05,94.7,Pulse Generic Pharma
ORD-00237,Painkiller,5000,Standard,46.6,1,0.876,0.849,0.28,96.0,Beacon Pharmaceuticals
ORD-00238,Immunosuppressant,2500,High,381.87,6,0.924,0.96,0.58,94.5,OmniHealth Labs
ORD-00239,Vaccine,2500,High,292.68,7,0.912,0.893,0.77,97.5,OmniHealth Labs
ORD-00240,Insulin,1000,Medium,228.43,4,0.927,0.912,0.81,97.4,VitalCare Pharmaceuticals
ORD-00241,Antibiotic,500,High,130.59,2,0.918,0.888,0.46,99.7,NovaCure Therapeutics
ORD-00242,Immunosuppressant,250,High,471.44,8,0.899,0.986,1.05,100.0,VitalCare Pharmaceuticals
ORD-00243,Insulin,250,Standard,249.99,7,1.0,0.824,0.47,95.8,Apex BioPharma
ORD-00244,Chemotherapy Agent,100,High,504.84,6,0.839,0.895,0.83,93.0,Apex BioPharma
ORD-00245,Cardiovascular Drug,5000,High,167.47,7,0.805,0.877,0.36,100.0,NovaCure Therapeutics
ORD-00246,Monoclonal Antibody,100,Medium,5348.97,5,0.866,0.889,0.91,92.3,VitalCare Pharmaceuticals
ORD-00247,Antihistamine,2500,Medium,61.8,4,0.93,0.805,0.11,95.0,Pulse Generic Pharma
ORD-00248,Antibiotic,500,High,141.45,8,0.996,0.986,0.5,97.5,PharmaTrust Global
ORD-00249,Antibiotic,500,High,145.38,7,0.932,0.918,0.94,94.1,Bharat BioLogics
ORD-00250,Chemotherapy Agent,5000,Standard,465.61,5,0.875,0.83,0.4,95.4,Beacon Pharmaceuticals
ORD-00251,Insulin,1000,Medium,232.14,6,0.86,0.93,1.25,94.0,PharmaTrust Global
ORD-00252,Cardiovascular Drug,2500,Standard,155.84,6,0.935,0.967,1.01,98.5,Aegis Health Supplies
ORD-00253,Chemotherapy Agent,1000,High,514.64,1,0.94,0.959,0.87,93.9,Bharat BioLogics
ORD-00254,Antibiotic,250,Medium,145.59,6,0.969,0.872,0.8,99.1,NovaCure Therapeutics
ORD-00255,Chemotherapy Agent,500,Medium,473.87,4,0.923,0.783,0.18,95.3,Beacon Pharmaceuticals
ORD-00256,Painkiller,500,Standard,46.15,2,0.882,0.828,0.46,97.1,Beacon Pharmaceuticals
ORD-00257,Antiviral,1000,Medium,189.25,4,0.933,0.842,0.71,93.7,Pulse Generic Pharma
ORD-00258,Insulin,1000,Standard,218.37,8,0.888,0.958,1.37,99.8,Beacon Pharmaceuticals
ORD-00259,Vaccine,100,Standard,306.53,6,0.857,0.889,0.01,94.9,Quantum Health Sciences
ORD-00260,Antiviral,5000,Medium,228.55,9,0.865,0.868,0.26,97.7,GlobalRx Supply Chain
ORD-00261,Vaccine,250,Medium,308.88,6,0.955,0.97,0.98,98.8,Vanguard Pharma
ORD-00262,Cardiovascular Drug,100,Medium,188.58,10,0.879,0.928,0.45,98.7,NovaCure Therapeutics
ORD-00263,Antihistamine,1000,Medium,58.71,2,0.872,0.875,0.29,95.3,Pulse Generic Pharma
ORD-00264,Insulin,1000,Standard,233.32,5,0.974,0.951,1.0,97.1,OmniHealth Labs
ORD-00265,Painkiller,250,High,47.69,10,1.0,0.919,1.28,93.5,BioMatrix International
ORD-00266,Vaccine,100,High,359.72,7,0.933,0.92,1.54,96.9,Vanguard Pharma
ORD-00267,Antibiotic,2500,Standard,134.54,10,0.973,0.913,0.29,96.3,PharmaTrust Global
ORD-00268,Antiviral,500,High,201.38,1,0.858,0.87,0.72,96.6,MediCore Labs
ORD-00269,Vaccine,1000,Standard,353.59,8,0.895,0.942,0.34,97.1,Quantum Health Sciences
ORD-00270,Immunosuppressant,5000,Standard,383.34,3,0.91,0.964,0.52,93.4,OmniHealth Labs
ORD-00271,Antihistamine,5000,Medium,59.02,5,0.877,0.947,1.02,96.0,Zenith LifeSciences
ORD-00272,Vaccine,250,High,287.52,9,0.933,0.914,0.63,96.7,OmniHealth Labs
ORD-00273,Antiviral,100,Standard,210.28,3,0.831,0.938,0.27,98.0,Vanguard Pharma
ORD-00274,Immunosuppressant,2500,Medium,437.43,6,0.903,0.912,0.53,93.4,Quantum Health Sciences
ORD-00275,Immunosuppressant,5000,Standard,320.75,7,0.907,0.932,0.6,94.7,OmniHealth Labs
ORD-00276,Antihistamine,1000,Medium,65.61,2,0.915,0.838,0.39,98.3,Pulse Generic Pharma
ORD-00277,Cardiovascular Drug,1000,High,170.76,6,0.827,0.924,0.26,98.6,NovaCure Therapeutics
ORD-00278,Antihistamine,500,Standard,59.39,6,0.863,0.848,0.01,95.1,Pulse Generic Pharma
ORD-00279,Antibiotic,100,High,118.57,4,0.916,0.855,1.49,94.0,Zenith LifeSciences
ORD-00280,Chemotherapy Agent,2500,High,422.79,2,0.888,0.823,0.04,97.9,Beacon Pharmaceuticals
ORD-00281,Vaccine,100,Medium,263.15,5,0.901,0.894,0.62,98.3,OmniHealth Labs
ORD-00282,Antiviral,250,High,187.61,3,0.902,0.821,0.35,94.4,MediCore Labs
ORD-00283,Insulin,1000,High,207.24,9,0.888,0.953,1.05,92.4,PharmaTrust Global
ORD-00284,Antihistamine,500,High,52.9,9,0.943,0.9,1.71,98.6,NovaCure Therapeutics
ORD-00285,Antibiotic,1000,Standard,131.55,7,0.955,0.881,0.37,100.0,PharmaTrust Global
ORD-00286,Antiviral,5000,Standard,200.28,3,0.855,0.952,0.32,97.2,Vanguard Pharma
ORD-00287,Painkiller,500,Medium,39.48,2,0.984,0.842,0.01,94.9,Beacon Pharmaceuticals
ORD-00288,Antihistamine,250,Medium,51.42,6,0.903,1.0,0.75,95.1,Zenith LifeSciences
ORD-00289,Painkiller,1000,Medium,50.12,10,0.962,0.893,0.49,93.7,Serum Horizon Global
ORD-00290,Painkiller,5000,Standard,47.67,6,1.0,0.855,0.06,97.0,MediCore Labs
ORD-00291,Antihistamine,250,Standard,48.89,3,0.878,0.827,0.3,96.1,Pulse Generic Pharma
ORD-00292,Monoclonal Antibody,2500,High,4621.86,5,0.934,0.884,0.96,98.5,Pulse Generic Pharma
ORD-00293,Immunosuppressant,2500,Medium,387.54,9,0.885,0.792,0.62,93.5,Quantum Health Sciences
ORD-00294,Antiviral,100,High,251.54,11,0.934,0.903,0.24,99.2,GlobalRx Supply Chain
ORD-00295,Insulin,500,Medium,228.58,4,0.906,0.896,0.39,97.3,VitalCare Pharmaceuticals
ORD-00296,Immunosuppressant,5000,Medium,361.6,3,0.934,0.916,0.39,94.0,OmniHealth Labs
ORD-00297,Immunosuppressant,1000,Medium,347.09,3,0.935,0.957,0.78,93.2,OmniHealth Labs
ORD-00298,Antiviral,5000,Medium,191.17,4,0.856,0.846,0.47,95.4,MediCore Labs
ORD-00299,Vaccine,100,Medium,326.76,5,0.891,0.935,0.44,94.2,BioMatrix International
ORD-00300,Insulin,100,Medium,202.05,7,0.871,0.933,1.14,94.9,PharmaTrust Global
ORD-00301,Cardiovascular Drug,2500,Medium,182.92,6,0.955,0.933,1.05,96.4,Aegis Health Supplies
ORD-00302,Insulin,500,High,239.47,3,0.927,0.896,0.58,95.3,Apex BioPharma
ORD-00303,Cardiovascular Drug,2500,Medium,148.09,11,0.994,0.851,0.76,97.7,CryoSafe LifeSciences
ORD-00304,Insulin,5000,Standard,231.01,7,0.902,0.88,0.48,96.9,VitalCare Pharmaceuticals
ORD-00305,Antibiotic,2500,Medium,127.12,10,0.962,0.891,0.64,97.1,PharmaTrust Global
ORD-00306,Antihistamine,5000,Medium,57.76,6,0.977,0.918,1.14,95.1,Summit BioSolutions
ORD-00307,Cardiovascular Drug,5000,High,170.41,7,0.888,0.913,0.98,97.5,Aegis Health Supplies
ORD-00308,Antihistamine,2500,Medium,73.1,4,0.92,0.828,0.55,98.9,Aegis Health Supplies
ORD-00309,Insulin,2500,Medium,263.11,7,0.949,0.951,0.68,97.5,VitalCare Pharmaceuticals
ORD-00310,Antibiotic,5000,Standard,116.01,8,0.984,0.921,0.47,96.6,PharmaTrust Global
ORD-00311,Painkiller,5000,Standard,38.34,3,0.896,0.762,0.21,94.1,Beacon Pharmaceuticals
ORD-00312,Antibiotic,250,High,118.76,4,0.898,0.876,1.5,94.6,Zenith LifeSciences
ORD-00313,Vaccine,250,Medium,251.79,9,0.964,1.0,0.7,95.6,OmniHealth Labs
ORD-00314,Chemotherapy Agent,500,Medium,442.99,9,0.932,0.957,0.46,94.8,GlobalRx Supply Chain
ORD-00315,Antibiotic,100,High,137.36,6,0.92,0.933,0.34,95.7,PharmaTrust Global
ORD-00316,Cardiovascular Drug,100,High,159.31,8,0.875,0.932,1.16,99.0,Aegis Health Supplies
ORD-00317,Insulin,5000,High,224.47,5,0.957,0.988,1.59,99.3,OmniHealth Labs
ORD-00318,Monoclonal Antibody,100,High,5030.07,6,0.888,0.958,1.1,99.2,Pulse Generic Pharma
ORD-00319,Painkiller,250,High,55.59,8,0.939,0.879,0.53,94.1,Serum Horizon Global
ORD-00320,Cardiovascular Drug,500,High,168.47,7,0.969,0.88,0.4,97.0,CryoSafe LifeSciences
ORD-00321,Antiviral,1000,High,210.02,7,0.852,0.96,0.13,97.0,Vanguard Pharma
ORD-00322,Chemotherapy Agent,250,Medium,507.53,3,0.977,0.856,0.51,96.5,Bharat BioLogics
ORD-00323,Antihistamine,5000,Standard,55.84,8,0.888,1.0,0.83,95.7,Zenith LifeSciences
ORD-00324,Monoclonal Antibody,5000,Standard,5412.51,7,0.994,0.951,1.58,97.1,MediCore Labs
ORD-00325,Insulin,2500,Medium,233.71,7,0.926,0.918,0.5,94.8,Apex BioPharma
ORD-00326,Vaccine,100,Standard,299.14,9,0.902,0.927,0.85,96.4,OmniHealth Labs
ORD-00327,Painkiller,2500,Medium,43.68,4,0.953,0.85,0.04,96.6,MediCore Labs
ORD-00328,Painkiller,250,High,52.13,7,0.991,0.877,1.15,94.6,BioMatrix International
ORD-00329,Chemotherapy Agent,1000,Medium,599.68,4,0.932,0.92,0.58,94.5,Bharat BioLogics
ORD-00330,Antibiotic,1000,High,105.77,8,0.906,0.893,0.05,96.3,PharmaTrust Global
ORD-00331,Insulin,250,Standard,237.73,5,0.945,0.947,1.26,97.7,OmniHealth Labs
ORD-00332,Antibiotic,500,Medium,144.89,6,0.93,0.908,0.48,97.1,PharmaTrust Global
ORD-00333,Immunosuppressant,5000,Medium,502.06,6,0.906,0.971,1.11,99.0,VitalCare Pharmaceuticals
ORD-00334,Cardiovascular Drug,100,Medium,159.28,7,0.965,0.937,1.0,97.1,Aegis Health Supplies
ORD-00335,Chemotherapy Agent,5000,Standard,474.08,7,0.882,0.867,0.74,92.4,Apex BioPharma
ORD-00336,Antiviral,5000,High,169.19,4,0.809,0.852,0.31,96.9,Vanguard Pharma
ORD-00337,Antibiotic,250,High,136.8,9,0.914,0.813,0.49,99.0,BioMatrix International
ORD-00338,Chemotherapy Agent,250,Standard,461.3,8,0.994,0.899,0.31,95.2,GlobalRx Supply Chain
ORD-00339,Monoclonal Antibody,250,High,5403.88,1,0.897,0.925,1.08,93.1,VitalCare Pharmaceuticals
ORD-00340,Insulin,100,Medium,229.78,4,0.893,0.898,0.54,95.6,VitalCare Pharmaceuticals
ORD-00341,Monoclonal Antibody,5000,Medium,5162.12,11,0.835,0.943,0.93,95.1,CryoSafe LifeSciences
ORD-00342,Vaccine,1000,Medium,339.42,6,0.944,0.92,0.67,96.5,Vanguard Pharma
ORD-00343,Antibiotic,500,Standard,125.66,8,0.937,0.968,0.56,96.6,PharmaTrust Global
ORD-00344,Chemotherapy Agent,100,Medium,464.68,9,0.973,0.928,0.12,95.9,GlobalRx Supply Chain
ORD-00345,Immunosuppressant,1000,Medium,338.64,6,0.883,0.961,0.25,95.5,OmniHealth Labs
ORD-00346,Cardiovascular Drug,1000,Medium,143.5,8,1.0,0.834,0.34,94.6,CryoSafe LifeSciences
ORD-00347,Cardiovascular Drug,1000,High,154.01,6,0.966,0.963,1.34,97.5,Aegis Health Supplies
ORD-00348,Vaccine,500,Medium,364.91,5,0.8,0.989,0.85,95.3,BioMatrix International
ORD-00349,Chemotherapy Agent,1000,Medium,392.81,3,0.928,0.843,0.19,95.6,Beacon Pharmaceuticals
ORD-00350,Chemotherapy Agent,1000,Standard,396.37,7,1.0,0.954,0.24,96.2,GlobalRx Supply Chain
ORD-00351,Antibiotic,100,Medium,129.44,8,0.985,0.939,0.56,98.5,PharmaTrust Global
ORD-00352,Antiviral,500,Medium,203.95,4,0.89,0.842,0.75,96.6,MediCore Labs
ORD-00353,Cardiovascular Drug,100,Standard,155.53,5,0.947,0.92,1.22,97.1,Aegis Health Supplies
ORD-00354,Vaccine,500,Standard,260.57,8,0.917,0.905,0.4,94.3,BioMatrix International
ORD-00355,Insulin,2500,High,212.35,9,0.91,0.95,0.76,92.9,PharmaTrust Global
ORD-00356,Painkiller,100,Medium,41.94,3,0.808,0.781,0.23,94.0,Beacon Pharmaceuticals
ORD-00357,Painkiller,250,High,45.04,4,0.857,0.841,0.42,95.1,Beacon Pharmaceuticals
ORD-00358,Painkiller,100,High,55.35,7,0.941,0.843,0.68,91.3,Serum Horizon Global
ORD-00359,Immunosuppressant,1000,Medium,398.35,5,0.95,0.882,0.2,92.8,Quantum Health Sciences
ORD-00360,Immunosuppressant,100,Standard,417.58,6,0.856,0.947,0.56,95.3,OmniHealth Labs
ORD-00361,Immunosuppressant,250,Medium,398.89,9,0.977,0.896,0.01,94.4,CryoSafe LifeSciences
ORD-00362,Chemotherapy Agent,500,Standard,420.65,10,0.887,0.891,0.83,92.5,Apex BioPharma
ORD-00363,Chemotherapy Agent,2500,Medium,440.15,5,0.835,0.861,0.2,96.9,Beacon Pharmaceuticals
ORD-00364,Vaccine,1000,High,331.69,4,0.851,0.919,0.64,93.5,BioMatrix International
ORD-00365,Cardiovascular Drug,2500,High,169.61,4,0.896,0.892,0.99,96.2,Aegis Health Supplies
ORD-00366,Antihistamine,250,High,62.96,4,0.868,0.827,0.57,97.1,Aegis Health Supplies
ORD-00367,Immunosuppressant,1000,High,425.73,5,0.828,0.95,1.26,99.2,VitalCare Pharmaceuticals
ORD-00368,Monoclonal Antibody,500,Standard,4380.62,8,0.881,0.92,0.67,95.0,CryoSafe LifeSciences
ORD-00369,Insulin,5000,Standard,216.91,7,0.995,0.831,0.01,94.2,Apex BioPharma
ORD-00370,Vaccine,100,Standard,329.38,8,0.935,0.96,0.14,97.8,Quantum Health Sciences
ORD-00371,Immunosuppressant,1000,Medium,358.2,3,0.934,0.98,0.57,93.2,OmniHealth Labs
ORD-00372,Insulin,500,Standard,193.72,8,0.834,0.948,0.62,93.2,PharmaTrust Global
ORD-00373,Vaccine,250,High,253.81,6,0.887,0.921,0.67,98.1,OmniHealth Labs
ORD-00374,Insulin,500,Standard,221.22,8,0.923,0.942,0.64,96.2,VitalCare Pharmaceuticals
ORD-00375,Chemotherapy Agent,5000,Standard,469.95,9,0.911,0.98,0.99,98.3,Serum Horizon Global
ORD-00376,Chemotherapy Agent,500,Medium,476.57,5,0.951,0.86,0.59,94.5,Beacon Pharmaceuticals
ORD-00377,Antiviral,5000,High,185.16,6,0.896,0.882,0.36,99.9,Vanguard Pharma
ORD-00378,Antiviral,100,Standard,254.07,7,0.916,0.904,0.16,97.6,GlobalRx Supply Chain
ORD-00379,Monoclonal Antibody,1000,Medium,5240.75,7,0.895,0.93,1.34,97.9,Pulse Generic Pharma
ORD-00380,Cardiovascular Drug,1000,Medium,163.41,7,1.0,0.791,0.6,93.4,CryoSafe LifeSciences
ORD-00381,Painkiller,5000,High,50.35,4,0.84,0.866,0.64,97.7,Apex BioPharma
ORD-00382,Antibiotic,100,Medium,133.36,6,0.983,1.0,0.27,97.4,PharmaTrust Global
ORD-00383,Cardiovascular Drug,5000,Standard,213.95,6,0.942,0.784,0.56,96.2,Serum Horizon Global
ORD-00384,Cardiovascular Drug,100,Standard,147.15,7,0.929,0.868,0.87,99.2,Aegis Health Supplies
ORD-00385,Cardiovascular Drug,5000,Medium,211.88,4,0.928,0.856,0.46,94.0,Serum Horizon Global
ORD-00386,Chemotherapy Agent,100,Medium,550.16,3,0.952,0.966,0.46,94.0,Bharat BioLogics
ORD-00387,Vaccine,1000,Medium,251.12,8,0.97,0.919,0.78,95.6,OmniHealth Labs
ORD-00388,Cardiovascular Drug,250,Medium,198.93,8,0.996,0.881,0.58,97.9,Quantum Health Sciences
ORD-00389,Painkiller,2500,Medium,50.12,4,0.949,0.869,0.05,96.9,MediCore Labs
ORD-00390,Cardiovascular Drug,100,Standard,164.29,9,0.98,0.939,0.65,92.6,CryoSafe LifeSciences
ORD-00391,Antiviral,100,Medium,179.87,7,0.901,0.865,0.06,94.9,Vanguard Pharma
ORD-00392,Painkiller,250,Medium,45.1,6,0.965,0.896,0.1,96.2,MediCore Labs
ORD-00393,Monoclonal Antibody,5000,Medium,4483.9,5,0.945,0.87,1.02,98.8,Pulse Generic Pharma
ORD-00394,Antihistamine,500,High,57.23,8,0.841,1.0,0.92,95.6,Zenith LifeSciences
ORD-00395,Antihistamine,5000,Standard,53.91,8,0.874,0.947,1.07,95.8,Zenith LifeSciences
ORD-00396,Immunosuppressant,1000,High,359.01,3,0.936,1.0,0.68,94.1,OmniHealth Labs
ORD-00397,Insulin,500,Medium,195.26,6,0.894,0.945,0.32,96.5,VitalCare Pharmaceuticals
ORD-00398,Painkiller,250,High,46.86,1,0.942,0.797,0.19,94.2,Beacon Pharmaceuticals
ORD-00399,Cardiovascular Drug,1000,Medium,173.21,7,0.922,0.913,0.73,97.8,Aegis Health Supplies
ORD-00400,Vaccine,1000,High,282.06,4,0.852,0.895,0.64,93.7,BioMatrix International
ORD-00401,Insulin,2500,Standard,240.87,5,0.979,0.965,0.94,98.5,OmniHealth Labs
ORD-00402,Antiviral,250,High,190.47,4,0.901,0.911,0.01,98.9,Vanguard Pharma
ORD-00403,Monoclonal Antibody,500,Medium,6115.19,4,0.926,0.887,1.38,95.6,Zenith LifeSciences
ORD-00404,Antibiotic,100,Standard,143.97,2,0.984,0.927,0.15,97.9,NovaCure Therapeutics
ORD-00405,Insulin,5000,High,210.93,7,0.946,0.926,0.77,98.0,OmniHealth Labs
ORD-00406,Chemotherapy Agent,2500,Standard,471.1,1,0.871,0.833,0.18,97.0,Beacon Pharmaceuticals
ORD-00407,Cardiovascular Drug,2500,Standard,172.36,5,0.888,0.896,0.83,96.4,Aegis Health Supplies
ORD-00408,Antiviral,2500,High,229.01,6,0.985,0.826,0.38,94.5,Pulse Generic Pharma
ORD-00409,Cardiovascular Drug,1000,Standard,179.8,9,0.971,0.851,0.66,94.1,CryoSafe LifeSciences
ORD-00410,Vaccine,5000,Medium,323.15,7,0.957,0.811,0.5,97.5,Quantum Health Sciences
ORD-00411,Antibiotic,5000,High,124.77,7,0.937,0.952,0.74,96.4,PharmaTrust Global
ORD-00412,Monoclonal Antibody,500,High,4776.5,3,0.928,0.953,0.86,92.4,VitalCare Pharmaceuticals
ORD-00413,Immunosuppressant,1000,Medium,403.45,8,0.934,0.966,1.45,95.2,Bharat BioLogics
ORD-00414,Chemotherapy Agent,250,Medium,490.23,10,0.902,0.971,0.99,98.1,Serum Horizon Global
ORD-00415,Antiviral,100,High,208.15,7,0.905,0.879,0.18,96.0,Vanguard Pharma
ORD-00416,Antihistamine,500,High,66.97,3,0.955,0.869,0.23,97.1,Aegis Health Supplies
ORD-00417,Painkiller,2500,High,46.98,10,0.994,0.894,0.89,93.4,BioMatrix International
ORD-00418,Immunosuppressant,500,Standard,313.62,5,0.928,0.958,0.83,96.2,OmniHealth Labs
ORD-00419,Painkiller,100,Standard,43.25,8,1.0,0.857,0.19,96.7,MediCore Labs
ORD-00420,Cardiovascular Drug,1000,High,193.71,7,0.949,0.902,0.3,94.1,Serum Horizon Global
ORD-00421,Insulin,1000,Standard,231.01,8,0.966,0.92,0.91,96.3,OmniHealth Labs
ORD-00422,Antiviral,250,Medium,189.8,3,0.823,0.915,0.13,97.1,Vanguard Pharma
ORD-00423,Monoclonal Antibody,5000,High,6339.73,5,0.969,0.892,1.24,97.4,MediCore Labs
ORD-00424,Insulin,1000,Standard,236.8,3,0.962,0.833,0.4,93.7,Apex BioPharma
ORD-00425,Antihistamine,5000,High,64.56,3,0.872,0.925,0.01,95.2,Pulse Generic Pharma
ORD-00426,Chemotherapy Agent,2500,Medium,519.82,3,0.995,0.955,0.09,97.0,Bharat BioLogics
ORD-00427,Insulin,5000,Standard,249.41,6,0.934,0.945,0.58,97.5,VitalCare Pharmaceuticals
ORD-00428,Chemotherapy Agent,500,Medium,443.59,2,0.838,0.804,0.15,96.6,Beacon Pharmaceuticals
ORD-00429,Monoclonal Antibody,250,Standard,4153.4,5,0.884,0.885,0.94,91.8,VitalCare Pharmaceuticals
ORD-00430,Insulin,500,High,203.03,5,0.98,0.824,0.18,95.2,Apex BioPharma
ORD-00431,Cardiovascular Drug,5000,High,164.34,6,0.844,0.945,0.72,97.6,Aegis Health Supplies
ORD-00432,Painkiller,250,High,49.69,5,0.812,0.782,0.37,98.7,Apex BioPharma
ORD-00433,Insulin,100,Standard,232.75,8,0.933,0.907,0.76,96.6,VitalCare Pharmaceuticals
ORD-00434,Antiviral,500,Standard,185.22,4,0.873,0.833,0.45,95.1,MediCore Labs
ORD-00435,Antibiotic,5000,Medium,114.18,9,1.0,0.973,0.1,95.9,PharmaTrust Global
ORD-00436,Cardiovascular Drug,5000,Standard,211.95,8,0.956,0.866,0.81,97.5,Quantum Health Sciences
ORD-00437,Chemotherapy Agent,500,High,505.82,7,1.0,0.904,0.48,94.7,GlobalRx Supply Chain
ORD-00438,Cardiovascular Drug,1000,High,198.72,8,0.852,0.87,0.51,99.8,NovaCure Therapeutics
ORD-00439,Painkiller,5000,Medium,42.24,3,0.834,0.832,0.35,95.9,Beacon Pharmaceuticals
ORD-00440,Chemotherapy Agent,5000,Standard,484.43,10,1.0,0.903,0.2,97.5,GlobalRx Supply Chain
ORD-00441,Vaccine,5000,Standard,301.14,4,0.856,0.913,0.47,92.5,BioMatrix International
ORD-00442,Immunosuppressant,250,Standard,373.8,3,0.935,0.977,0.78,94.6,OmniHealth Labs
ORD-00443,Painkiller,100,Medium,48.48,10,0.917,0.942,0.4,93.6,Serum Horizon Global
ORD-00444,Painkiller,1000,Medium,44.56,7,0.939,0.834,0.35,95.5,MediCore Labs
ORD-00445,Cardiovascular Drug,500,Standard,170.49,5,0.914,0.908,1.1,97.7,Aegis Health Supplies
ORD-00446,Antiviral,2500,Standard,182.14,7,0.922,0.864,0.74,93.5,Pulse Generic Pharma
ORD-00447,Antiviral,2500,Medium,183.75,3,0.837,0.884,0.29,99.2,Vanguard Pharma
ORD-00448,Vaccine,100,High,251.6,9,0.925,0.962,0.92,97.1,OmniHealth Labs
ORD-00449,Cardiovascular Drug,5000,Medium,154.79,9,1.0,0.898,0.88,95.8,CryoSafe LifeSciences
ORD-00450,Painkiller,1000,Standard,39.14,4,0.881,0.879,0.01,96.9,MediCore Labs
ORD-00451,Chemotherapy Agent,250,Medium,489.53,8,0.859,0.901,0.31,95.2,GlobalRx Supply Chain
ORD-00452,Vaccine,500,Medium,321.46,8,0.958,0.816,1.56,93.9,Summit BioSolutions
ORD-00453,Antiviral,250,Standard,212.68,7,1.0,0.804,0.45,94.2,Pulse Generic Pharma
ORD-00454,Chemotherapy Agent,1000,Medium,498.27,9,1.0,0.9,0.48,94.7,GlobalRx Supply Chain
ORD-00455,Antiviral,1000,High,191.37,6,0.954,0.775,0.22,92.7,Pulse Generic Pharma
ORD-00456,Antibiotic,5000,Medium,116.36,9,0.962,0.893,0.33,95.5,PharmaTrust Global
ORD-00457,Vaccine,100,Medium,322.6,5,0.905,0.904,0.75,96.8,OmniHealth Labs
ORD-00458,Insulin,500,Medium,226.4,7,0.958,0.9,0.34,96.7,Apex BioPharma
ORD-00459,Immunosuppressant,5000,Medium,331.94,4,0.934,0.891,0.76,94.3,OmniHealth Labs
ORD-00460,Immunosuppressant,250,Standard,399.33,4,0.942,0.874,0.68,92.8,OmniHealth Labs
ORD-00461,Vaccine,2500,High,255.88,6,0.884,0.902,0.49,97.0,OmniHealth Labs
ORD-00462,Antibiotic,2500,Standard,128.79,6,0.935,0.832,0.42,99.1,NovaCure Therapeutics
ORD-00463,Immunosuppressant,250,High,420.08,7,0.938,0.852,0.28,96.0,CryoSafe LifeSciences
ORD-00464,Antihistamine,1000,Medium,51.43,10,0.921,0.965,1.02,99.7,NovaCure Therapeutics
ORD-00465,Antiviral,2500,Standard,233.23,8,0.887,0.918,0.19,98.9,GlobalRx Supply Chain
ORD-00466,Immunosuppressant,250,Standard,337.49,5,0.938,0.936,0.77,93.3,OmniHealth Labs
ORD-00467,Monoclonal Antibody,250,High,5437.92,6,0.949,0.954,1.4,98.6,MediCore Labs
ORD-00468,Vaccine,2500,Medium,328.53,9,0.902,0.914,0.01,98.3,Quantum Health Sciences
ORD-00469,Chemotherapy Agent,5000,Medium,493.04,7,0.977,0.943,0.07,95.3,GlobalRx Supply Chain
ORD-00470,Chemotherapy Agent,250,Medium,427.51,11,0.939,0.875,1.19,99.5,Serum Horizon Global
ORD-00471,Antiviral,2500,High,181.04,5,0.901,0.868,0.1,98.1,Vanguard Pharma
ORD-00472,Chemotherapy Agent,250,Medium,482.34,9,0.94,0.839,0.54,97.2,GlobalRx Supply Chain
ORD-00473,Insulin,100,Standard,242.84,5,0.991,0.867,0.08,96.4,Apex BioPharma
ORD-00474,Antiviral,500,Standard,231.68,4,0.847,0.929,1.23,95.5,Summit BioSolutions
ORD-00475,Immunosuppressant,2500,Medium,416.85,3,0.905,0.989,0.69,94.3,OmniHealth Labs
ORD-00476,Chemotherapy Agent,100,Standard,464.45,5,0.869,0.781,0.41,95.6,Beacon Pharmaceuticals
ORD-00477,Immunosuppressant,1000,High,375.52,7,0.857,0.886,1.07,98.6,VitalCare Pharmaceuticals
ORD-00478,Immunosuppressant,250,High,395.08,7,1.0,0.857,0.05,93.7,CryoSafe LifeSciences
ORD-00479,Antihistamine,500,Medium,53.92,5,0.9,0.847,0.17,94.8,Pulse Generic Pharma
ORD-00480,Cardiovascular Drug,5000,Standard,221.97,8,1.0,0.867,0.62,95.1,Serum Horizon Global
ORD-00481,Immunosuppressant,1000,Medium,383.18,4,0.899,0.947,0.46,94.0,OmniHealth Labs
ORD-00482,Antibiotic,2500,Medium,106.7,5,0.922,0.863,1.55,93.1,Zenith LifeSciences
ORD-00483,Cardiovascular Drug,250,Standard,161.57,7,0.956,0.893,0.78,96.6,CryoSafe LifeSciences
ORD-00484,Vaccine,500,High,294.63,5,0.958,0.891,0.15,96.6,Quantum Health Sciences
ORD-00485,Antiviral,5000,High,205.56,3,0.833,0.928,0.45,96.5,Vanguard Pharma
ORD-00486,Insulin,2500,High,240.7,7,0.906,0.909,0.88,98.0,OmniHealth Labs
ORD-00487,Cardiovascular Drug,100,Standard,173.76,10,1.0,0.826,0.48,97.6,Quantum Health Sciences
ORD-00488,Monoclonal Antibody,500,High,4714.5,6,0.851,0.893,1.02,99.1,Pulse Generic Pharma
ORD-00489,Antiviral,500,Medium,198.17,1,0.969,0.844,0.28,95.1,MediCore Labs
ORD-00490,Antibiotic,1000,Standard,122.37,8,1.0,0.879,1.4,96.4,Bharat BioLogics
ORD-00491,Cardiovascular Drug,500,Standard,186.54,7,0.979,0.804,0.58,95.5,CryoSafe LifeSciences
ORD-00492,Chemotherapy Agent,100,High,545.84,7,0.993,0.898,0.26,96.1,GlobalRx Supply Chain
ORD-00493,Antihistamine,1000,Standard,54.69,5,0.927,0.868,1.43,94.0,Summit BioSolutions
ORD-00494,Immunosuppressant,5000,Medium,331.37,4,0.924,0.873,0.56,94.6,OmniHealth Labs
ORD-00495,Chemotherapy Agent,2500,Standard,453.46,8,0.98,0.948,1.22,98.1,Serum Horizon Global
ORD-00496,Antihistamine,2500,Standard,56.69,10,0.902,1.0,1.55,99.9,NovaCure Therapeutics
ORD-00497,Vaccine,500,Medium,340.47,9,0.886,0.919,0.38,96.4,Quantum Health Sciences
ORD-00498,Painkiller,250,High,46.26,5,0.951,0.796,0.18,97.7,MediCore Labs
ORD-00499,Monoclonal Antibody,100,Standard,5403.69,9,0.886,0.964,0.86,93.4,CryoSafe LifeSciences
ORD-00500,Vaccine,100,Standard,276.54,4,0.898,0.969,0.3,91.9,BioMatrix International
ORD-00501,Chemotherapy Agent,100,High,683.88,1,0.94,0.912,0.87,97.3,Bharat BioLogics
ORD-00502,Painkiller,2500,Medium,37.6,3,0.879,0.842,0.32,93.8,Beacon Pharmaceuticals
ORD-00503,Cardiovascular Drug,250,Medium,200.3,9,0.841,0.915,0.24,98.7,NovaCure Therapeutics
ORD-00504,Cardiovascular Drug,500,Medium,197.97,6,0.989,0.874,0.59,95.7,Serum Horizon Global
ORD-00505,Chemotherapy Agent,250,Standard,461.64,2,0.861,0.842,0.03,98.9,Beacon Pharmaceuticals
ORD-00506,Vaccine,1000,Medium,388.67,6,0.901,0.873,0.37,96.4,Quantum Health Sciences
ORD-00507,Antihistamine,1000,High,60.36,4,0.872,0.958,0.71,94.3,Zenith LifeSciences
ORD-00508,Antihistamine,2500,High,65.2,4,0.926,0.838,0.04,96.7,Pulse Generic Pharma
ORD-00509,Antihistamine,2500,Medium,61.07,2,0.934,0.842,0.46,99.1,Aegis Health Supplies
ORD-00510,Chemotherapy Agent,1000,High,505.7,11,0.948,0.897,0.19,93.7,GlobalRx Supply Chain
ORD-00511,Insulin,100,Standard,257.56,4,0.941,0.939,0.44,96.1,VitalCare Pharmaceuticals
ORD-00512,Antiviral,100,Medium,182.55,2,0.849,0.848,0.33,96.6,MediCore Labs
ORD-00513,Antiviral,100,High,203.53,7,0.93,0.781,0.58,94.6,Pulse Generic Pharma
ORD-00514,Painkiller,250,Medium,51.28,8,0.953,0.801,0.08,96.0,MediCore Labs
ORD-00515,Insulin,2500,Medium,241.19,5,1.0,0.952,0.98,96.8,OmniHealth Labs
ORD-00516,Vaccine,2500,Standard,274.21,6,0.936,0.949,1.04,97.4,OmniHealth Labs
ORD-00517,Chemotherapy Agent,5000,High,532.5,10,0.877,0.883,0.6,98.9,Serum Horizon Global
ORD-00518,Painkiller,100,High,50.92,4,0.922,0.897,0.33,96.5,MediCore Labs
ORD-00519,Antiviral,2500,High,206.02,2,0.905,0.97,0.91,93.8,Summit BioSolutions
ORD-00520,Painkiller,5000,Medium,45.18,5,0.884,0.783,0.49,96.5,Beacon Pharmaceuticals
ORD-00521,Immunosuppressant,100,High,390.07,10,0.866,0.921,1.29,93.8,Bharat BioLogics
ORD-00522,Chemotherapy Agent,500,Medium,435.48,1,0.814,0.886,0.33,96.3,Beacon Pharmaceuticals
ORD-00523,Antiviral,250,Standard,215.07,4,0.954,0.79,0.34,94.5,Pulse Generic Pharma
ORD-00524,Antihistamine,5000,High,59.97,4,0.909,0.921,1.09,94.3,Summit BioSolutions
ORD-00525,Chemotherapy Agent,250,High,500.63,11,0.927,0.923,0.36,95.8,GlobalRx Supply Chain
ORD-00526,Chemotherapy Agent,500,High,528.83,1,0.916,0.907,0.65,95.2,Bharat BioLogics
ORD-00527,Antiviral,250,Medium,185.69,5,0.832,0.934,0.42,97.5,Vanguard Pharma
ORD-00528,Painkiller,5000,High,46.18,7,0.99,0.898,1.0,92.3,BioMatrix International
ORD-00529,Antiviral,5000,High,214.12,5,0.857,0.924,0.45,98.2,Vanguard Pharma
ORD-00530,Antiviral,250,Standard,231.71,9,0.824,0.918,0.26,98.6,GlobalRx Supply Chain
ORD-00531,Cardiovascular Drug,5000,High,177.82,8,0.936,0.894,0.51,100.0,Aegis Health Supplies
ORD-00532,Vaccine,1000,Standard,256.28,5,0.835,0.924,0.74,94.1,BioMatrix International
ORD-00533,Antiviral,2500,Standard,220.23,3,0.869,0.894,0.12,95.6,Vanguard Pharma
ORD-00534,Antihistamine,250,High,67.15,11,0.931,0.927,1.61,98.3,NovaCure Therapeutics
ORD-00535,Antiviral,5000,Medium,180.8,4,0.95,0.785,0.55,95.3,Pulse Generic Pharma
ORD-00536,Chemotherapy Agent,2500,Standard,441.56,8,0.916,0.866,1.22,100.0,Serum Horizon Global
ORD-00537,Antibiotic,250,Standard,138.61,10,0.967,0.944,0.45,97.4,PharmaTrust Global
ORD-00538,Cardiovascular Drug,5000,High,172.35,7,1.0,0.944,0.44,95.6,CryoSafe LifeSciences
ORD-00539,Monoclonal Antibody,250,Medium,4637.56,4,0.868,0.923,0.96,98.2,Pulse Generic Pharma
ORD-00540,Immunosuppressant,2500,Standard,410.5,9,0.953,0.875,0.1,93.8,CryoSafe LifeSciences
ORD-00541,Antiviral,1000,Medium,199.46,3,0.846,0.896,0.26,96.7,Vanguard Pharma
ORD-00542,Antiviral,250,Medium,241.88,6,0.86,0.954,0.95,95.3,Summit BioSolutions
ORD-00543,Monoclonal Antibody,500,High,6368.97,7,0.896,1.0,1.01,96.3,Zenith LifeSciences
ORD-00544,Monoclonal Antibody,2500,Standard,4336.36,4,0.929,0.929,0.94,93.4,VitalCare Pharmaceuticals
ORD-00545,Immunosuppressant,100,Standard,482.42,9,0.918,0.874,1.44,94.8,Bharat BioLogics
ORD-00546,Vaccine,500,High,305.73,5,0.949,0.962,0.56,96.1,Quantum Health Sciences
ORD-00547,Insulin,5000,Standard,261.85,7,0.91,0.894,1.0,94.5,PharmaTrust Global
ORD-00548,Immunosuppressant,100,High,392.89,3,0.966,0.972,0.44,93.8,OmniHealth Labs
ORD-00549,Antiviral,250,High,172.34,4,0.853,0.905,0.37,98.0,Vanguard Pharma
ORD-00550,Vaccine,100,Medium,260.96,5,0.854,0.935,0.74,96.3,OmniHealth Labs
ORD-00551,Antiviral,5000,High,258.26,10,0.915,0.937,0.46,98.3,GlobalRx Supply Chain
ORD-00552,Antihistamine,500,Standard,55.75,9,0.93,0.946,1.13,100.0,NovaCure Therapeutics
ORD-00553,Insulin,2500,Medium,222.5,5,0.993,0.934,0.98,96.3,OmniHealth Labs
ORD-00554,Antihistamine,100,Standard,70.74,7,0.863,0.967,0.72,94.6,Zenith LifeSciences
ORD-00555,Monoclonal Antibody,2500,High,4869.32,4,0.922,0.909,0.61,91.6,VitalCare Pharmaceuticals
ORD-00556,Antihistamine,1000,High,57.44,8,0.94,0.969,1.33,98.9,NovaCure Therapeutics
ORD-00557,Cardiovascular Drug,2500,High,215.89,4,0.989,0.856,0.45,95.3,Serum Horizon Global
ORD-00558,Immunosuppressant,500,High,379.69,5,0.937,0.968,0.55,95.1,OmniHealth Labs
ORD-00559,Chemotherapy Agent,1000,Standard,518.88,7,1.0,0.939,0.3,96.0,GlobalRx Supply Chain
ORD-00560,Chemotherapy Agent,1000,Medium,446.58,4,0.8,0.815,0.27,96.9,Beacon Pharmaceuticals
ORD-00561,Chemotherapy Agent,5000,Standard,485.32,7,0.924,0.917,0.24,95.3,GlobalRx Supply Chain
ORD-00562,Antiviral,5000,Standard,208.72,3,0.805,0.952,0.39,96.1,Vanguard Pharma
ORD-00563,Antibiotic,2500,Standard,112.76,10,0.975,0.948,0.35,96.0,PharmaTrust Global
ORD-00564,Antibiotic,5000,Standard,127.18,5,0.928,0.884,1.3,92.4,Zenith LifeSciences
ORD-00565,Painkiller,1000,Medium,50.17,9,0.938,0.92,0.92,93.5,Serum Horizon Global
ORD-00566,Vaccine,500,Medium,280.38,5,0.948,0.907,0.59,96.9,OmniHealth Labs
ORD-00567,Cardiovascular Drug,500,Medium,157.69,7,0.9,0.888,0.93,99.0,Aegis Health Supplies
ORD-00568,Cardiovascular Drug,2500,Medium,144.15,7,0.93,0.915,1.25,97.4,Aegis Health Supplies
ORD-00569,Painkiller,5000,Standard,43.02,5,0.965,0.839,0.7,99.1,Apex BioPharma
ORD-00570,Insulin,500,High,208.74,6,0.979,0.884,1.47,99.4,OmniHealth Labs
ORD-00571,Insulin,250,Standard,263.81,4,1.0,0.91,0.62,96.0,Apex BioPharma
ORD-00572,Antihistamine,2500,High,57.98,8,0.897,0.966,0.59,96.2,Zenith LifeSciences
ORD-00573,Antiviral,2500,Standard,204.95,4,0.823,0.886,0.37,97.9,Vanguard Pharma
ORD-00574,Chemotherapy Agent,250,Standard,491.86,8,0.836,0.883,1.27,93.3,Apex BioPharma
ORD-00575,Insulin,5000,Medium,248.82,4,0.87,0.904,0.45,95.0,VitalCare Pharmaceuticals
ORD-00576,Immunosuppressant,5000,Medium,353.18,4,0.864,0.944,0.84,93.0,OmniHealth Labs
ORD-00577,Cardiovascular Drug,500,High,202.96,6,0.957,0.796,0.63,93.8,Serum Horizon Global
ORD-00578,Insulin,250,Medium,242.26,8,0.848,0.962,0.81,95.7,PharmaTrust Global
ORD-00579,Painkiller,100,High,37.45,4,0.889,0.86,0.54,97.4,Apex BioPharma
ORD-00580,Painkiller,5000,Medium,45.6,1,0.867,0.841,0.31,96.9,Beacon Pharmaceuticals
ORD-00581,Monoclonal Antibody,100,Standard,4453.27,4,0.901,0.885,0.89,94.7,VitalCare Pharmaceuticals
ORD-00582,Vaccine,5000,Medium,298.87,10,0.907,0.986,1.18,92.1,Summit BioSolutions
ORD-00583,Antiviral,250,Medium,187.06,2,0.925,0.853,0.52,95.3,MediCore Labs
ORD-00584,Monoclonal Antibody,500,High,4419.9,5,0.862,0.95,0.89,92.5,VitalCare Pharmaceuticals
ORD-00585,Immunosuppressant,500,High,351.11,6,0.962,0.997,0.8,93.6,OmniHealth Labs
ORD-00586,Immunosuppressant,5000,High,461.2,5,0.894,0.969,1.06,100.0,VitalCare Pharmaceuticals
ORD-00587,Cardiovascular Drug,250,Medium,222.56,6,1.0,0.874,0.31,93.0,Serum Horizon Global
ORD-00588,Antihistamine,1000,Medium,64.92,4,0.852,0.81,0.72,97.1,Aegis Health Supplies
ORD-00589,Monoclonal Antibody,250,Medium,5193.11,3,0.859,0.932,1.14,93.1,VitalCare Pharmaceuticals
ORD-00590,Monoclonal Antibody,100,Medium,5114.07,4,0.878,0.966,0.87,100.0,Pulse Generic Pharma
ORD-00591,Painkiller,1000,Standard,44.85,10,1.0,0.839,1.2,94.2,BioMatrix International
ORD-00592,Antihistamine,500,Standard,67.1,7,0.926,0.99,1.14,98.5,NovaCure Therapeutics
ORD-00593,Vaccine,2500,High,315.9,7,0.841,0.9,0.47,92.7,BioMatrix International
ORD-00594,Cardiovascular Drug,5000,Medium,175.57,8,0.952,0.93,0.41,95.2,CryoSafe LifeSciences
ORD-00595,Antihistamine,250,Standard,52.35,3,0.942,0.886,1.19,92.1,Summit BioSolutions
ORD-00596,Cardiovascular Drug,100,Standard,170.2,8,0.867,0.843,0.81,97.2,Quantum Health Sciences
ORD-00597,Chemotherapy Agent,2500,Standard,447.97,5,0.859,0.835,0.17,96.8,Beacon Pharmaceuticals
ORD-00598,Immunosuppressant,2500,Medium,459.61,10,0.937,0.852,0.28,96.9,CryoSafe LifeSciences
ORD-00599,Monoclonal Antibody,1000,Standard,4714.09,4,0.975,0.897,1.44,95.8,MediCore Labs
ORD-00600,Cardiovascular Drug,1000,Medium,155.5,11,1.0,0.906,0.73,96.0,CryoSafe LifeSciences
ORD-00601,Cardiovascular Drug,250,Standard,163.11,10,0.948,0.837,0.65,94.7,CryoSafe LifeSciences
ORD-00602,Antiviral,500,High,232.9,10,0.96,0.897,0.01,98.6,GlobalRx Supply Chain
ORD-00603,Immunosuppressant,500,Medium,345.15,3,0.932,0.898,0.7,94.4,OmniHealth Labs
ORD-00604,Chemotherapy Agent,5000,High,424.94,1,0.87,0.832,0.36,95.6,Beacon Pharmaceuticals
ORD-00605,Vaccine,500,Medium,278.04,5,0.906,0.955,0.8,95.5,OmniHealth Labs
ORD-00606,Immunosuppressant,5000,Medium,398.97,7,0.956,0.846,0.01,95.2,CryoSafe LifeSciences
ORD-00607,Insulin,1000,Medium,206.63,6,0.951,0.934,1.16,98.2,OmniHealth Labs
ORD-00608,Antiviral,100,Standard,216.56,2,0.89,0.867,0.41,95.3,MediCore Labs
ORD-00609,Insulin,100,Medium,250.5,8,0.994,0.959,0.54,96.4,VitalCare Pharmaceuticals
ORD-00610,Immunosuppressant,250,Medium,399.7,3,0.916,0.956,0.29,93.0,OmniHealth Labs
ORD-00611,Antibiotic,250,High,142.45,3,0.957,0.886,0.72,97.5,NovaCure Therapeutics
ORD-00612,Chemotherapy Agent,5000,Medium,529.02,7,0.796,0.904,1.08,94.3,Apex BioPharma
ORD-00613,Antibiotic,250,Standard,131.43,3,0.976,0.855,0.29,98.6,NovaCure Therapeutics
ORD-00614,Painkiller,2500,Medium,45.22,1,0.846,0.833,0.01,95.6,Beacon Pharmaceuticals
ORD-00615,Antiviral,500,Medium,187.4,5,0.941,0.816,0.55,94.2,Pulse Generic Pharma
ORD-00616,Monoclonal Antibody,500,High,4989.94,11,0.825,0.914,0.23,95.0,CryoSafe LifeSciences
ORD-00617,Cardiovascular Drug,500,High,156.96,4,0.913,0.929,1.32,97.4,Aegis Health Supplies
ORD-00618,Antibiotic,250,Standard,126.25,9,0.909,0.895,0.53,97.8,PharmaTrust Global
ORD-00619,Cardiovascular Drug,2500,Standard,146.28,5,0.903,0.933,0.86,98.0,Aegis Health Supplies
ORD-00620,Insulin,5000,High,215.78,5,0.91,0.931,1.33,98.7,OmniHealth Labs
ORD-00621,Vaccine,100,High,282.67,6,0.944,0.978,0.4,97.0,OmniHealth Labs
ORD-00622,Cardiovascular Drug,250,Standard,177.18,8,0.958,0.924,0.85,97.8,Aegis Health Supplies
ORD-00623,Painkiller,2500,Medium,50.94,7,0.997,0.879,0.01,96.9,MediCore Labs
ORD-00624,Immunosuppressant,2500,Standard,383.25,9,0.934,0.9,0.8,92.8,Quantum Health Sciences
ORD-00625,Vaccine,1000,Medium,232.98,9,0.922,0.919,0.88,97.6,OmniHealth Labs
ORD-00626,Vaccine,1000,Medium,229.71,6,0.904,0.951,1.02,95.8,OmniHealth Labs
ORD-00627,Painkiller,250,High,42.87,8,0.901,0.853,0.01,97.9,MediCore Labs
ORD-00628,Monoclonal Antibody,250,Standard,4007.21,4,0.874,0.933,0.98,93.0,VitalCare Pharmaceuticals
ORD-00629,Monoclonal Antibody,100,Standard,5390.11,6,0.956,0.995,1.09,98.0,MediCore Labs
ORD-00630,Cardiovascular Drug,2500,Medium,151.09,9,0.981,0.886,0.84,94.3,CryoSafe LifeSciences
ORD-00631,Antiviral,5000,Standard,270.4,7,0.894,0.855,0.36,97.5,GlobalRx Supply Chain
ORD-00632,Antibiotic,500,High,144.81,5,0.977,0.938,0.44,97.7,NovaCure Therapeutics
ORD-00633,Antiviral,500,Medium,202.88,4,0.855,0.844,0.57,95.6,MediCore Labs
ORD-00634,Antibiotic,500,Medium,126.77,4,0.931,0.861,0.01,97.9,NovaCure Therapeutics
ORD-00635,Antihistamine,5000,Standard,71.97,5,0.848,0.973,0.77,95.6,Zenith LifeSciences
ORD-00636,Antibiotic,2500,High,114.94,7,0.905,0.99,0.42,96.6,PharmaTrust Global
ORD-00637,Antiviral,1000,Medium,183.67,7,0.96,0.818,0.43,93.7,Pulse Generic Pharma
ORD-00638,Cardiovascular Drug,500,Medium,169.77,7,0.926,0.873,0.93,95.4,CryoSafe LifeSciences
ORD-00639,Antihistamine,250,Medium,60.92,5,0.899,0.839,1.07,94.0,Summit BioSolutions
ORD-00640,Insulin,5000,High,232.59,7,0.974,0.936,0.71,97.4,VitalCare Pharmaceuticals
ORD-00641,Painkiller,500,Medium,38.67,2,0.877,0.868,0.49,95.7,Beacon Pharmaceuticals
ORD-00642,Antihistamine,100,Standard,53.58,7,0.926,0.882,1.19,94.4,Summit BioSolutions
ORD-00643,Insulin,100,Standard,202.25,4,0.914,0.868,0.52,96.1,Apex BioPharma
ORD-00644,Antibiotic,5000,High,142.67,2,0.96,0.82,0.47,97.9,NovaCure Therapeutics
ORD-00645,Painkiller,100,High,45.47,1,0.875,0.856,0.32,95.7,Beacon Pharmaceuticals
ORD-00646,Painkiller,1000,Standard,44.01,10,0.954,0.935,1.13,92.3,BioMatrix International
ORD-00647,Immunosuppressant,1000,Standard,389.53,7,0.957,0.997,0.79,95.1,OmniHealth Labs
ORD-00648,Vaccine,250,Medium,359.83,8,0.892,0.959,1.04,99.3,Vanguard Pharma
ORD-00649,Antihistamine,2500,High,54.36,8,0.925,0.957,1.41,99.8,NovaCure Therapeutics
ORD-00650,Monoclonal Antibody,250,Standard,6137.88,4,0.945,0.956,1.08,95.3,Zenith LifeSciences
ORD-00651,Insulin,5000,Standard,225.57,9,0.875,0.931,0.67,94.7,PharmaTrust Global
ORD-00652,Antihistamine,500,Standard,59.48,5,0.932,0.862,0.5,99.1,Aegis Health Supplies
ORD-00653,Insulin,250,High,273.84,7,0.883,0.904,1.41,99.5,Beacon Pharmaceuticals
ORD-00654,Antihistamine,250,High,60.34,7,0.897,0.992,0.39,95.3,Zenith LifeSciences
ORD-00655,Antihistamine,1000,High,60.77,5,0.922,0.858,0.52,98.0,Aegis Health Supplies
ORD-00656,Antiviral,250,Standard,215.77,10,0.919,0.786,0.22,98.8,GlobalRx Supply Chain
ORD-00657,Antibiotic,1000,Medium,148.76,5,0.946,0.89,0.28,99.8,NovaCure Therapeutics
ORD-00658,Vaccine,2500,Medium,346.67,7,0.949,0.937,1.09,99.3,Vanguard Pharma
ORD-00659,Vaccine,250,High,323.52,6,0.93,0.851,0.26,96.3,Quantum Health Sciences
ORD-00660,Monoclonal Antibody,2500,Standard,4779.89,9,0.906,0.961,0.62,92.6,CryoSafe LifeSciences
ORD-00661,Cardiovascular Drug,5000,Standard,185.73,10,0.899,0.807,0.8,97.1,Quantum Health Sciences
ORD-00662,Monoclonal Antibody,100,Medium,5699.92,7,0.978,0.987,1.23,94.7,Zenith LifeSciences
ORD-00663,Antibiotic,500,Medium,123.33,10,0.957,0.91,0.01,96.3,PharmaTrust Global
ORD-00664,Monoclonal Antibody,2500,Standard,4565.34,1,0.879,0.913,0.8,93.5,VitalCare Pharmaceuticals
ORD-00665,Chemotherapy Agent,250,Standard,464.67,7,0.886,0.852,1.17,99.9,Serum Horizon Global
ORD-00666,Monoclonal Antibody,100,Medium,4773.24,2,0.796,0.952,0.91,92.9,VitalCare Pharmaceuticals
ORD-00667,Chemotherapy Agent,250,High,495.74,2,0.94,0.935,0.59,96.2,Bharat BioLogics
ORD-00668,Vaccine,500,Standard,299.8,7,0.943,0.907,0.55,97.2,OmniHealth Labs
ORD-00669,Antiviral,500,Standard,208.74,6,0.864,0.912,0.12,96.8,Vanguard Pharma
ORD-00670,Vaccine,2500,Standard,268.9,6,0.888,0.974,0.81,96.8,OmniHealth Labs
ORD-00671,Painkiller,2500,Standard,43.51,5,0.853,0.818,0.32,94.8,Beacon Pharmaceuticals
ORD-00672,Immunosuppressant,2500,Medium,408.13,10,0.938,0.946,1.5,93.4,Bharat BioLogics
ORD-00673,Cardiovascular Drug,100,Standard,152.29,7,0.951,0.972,1.01,99.1,Aegis Health Supplies
ORD-00674,Cardiovascular Drug,100,Standard,178.59,8,0.879,0.816,0.31,97.1,NovaCure Therapeutics
ORD-00675,Insulin,250,High,238.18,6,0.924,0.924,0.33,97.7,VitalCare Pharmaceuticals
ORD-00676,Antiviral,2500,Medium,164.11,7,0.822,0.902,0.12,96.7,Vanguard Pharma
ORD-00677,Antihistamine,500,Standard,60.79,7,0.865,0.969,1.47,97.6,NovaCure Therapeutics
ORD-00678,Antiviral,500,Medium,184.52,5,0.818,0.838,0.01,96.8,Vanguard Pharma
ORD-00679,Antibiotic,250,High,109.56,4,0.895,0.907,1.23,93.4,Zenith LifeSciences
ORD-00680,Antihistamine,2500,High,66.39,2,0.916,0.854,0.42,98.4,Aegis Health Supplies
ORD-00681,Insulin,100,Standard,205.08,6,0.935,0.935,1.38,97.6,OmniHealth Labs
ORD-00682,Antiviral,5000,High,192.03,2,0.897,0.79,0.59,95.0,MediCore Labs
ORD-00683,Chemotherapy Agent,2500,Medium,544.24,9,0.949,0.876,1.09,97.7,Serum Horizon Global
ORD-00684,Monoclonal Antibody,2500,Medium,5247.07,7,0.938,0.967,1.34,97.9,MediCore Labs
ORD-00685,Vaccine,2500,Medium,282.51,10,0.876,0.951,1.02,94.4,Summit BioSolutions
ORD-00686,Cardiovascular Drug,5000,High,155.72,7,0.779,0.81,0.33,99.4,NovaCure Therapeutics
ORD-00687,Chemotherapy Agent,250,Standard,478.46,10,0.961,0.87,0.19,94.3,GlobalRx Supply Chain
ORD-00688,Antibiotic,500,Standard,123.65,10,0.925,0.764,0.5,99.6,BioMatrix International
ORD-00689,Vaccine,5000,High,285.23,7,0.866,0.982,0.57,92.5,BioMatrix International
ORD-00690,Chemotherapy Agent,2500,High,510.36,8,0.931,0.917,0.27,96.6,GlobalRx Supply Chain
ORD-00691,Chemotherapy Agent,2500,Medium,560.1,2,0.937,0.884,0.07,94.7,Bharat BioLogics
ORD-00692,Antiviral,500,Standard,166.11,8,0.925,0.771,0.27,94.8,Pulse Generic Pharma
ORD-00693,Chemotherapy Agent,100,Medium,501.65,7,0.985,0.933,0.01,98.4,GlobalRx Supply Chain
ORD-00694,Immunosuppressant,5000,Standard,393.91,6,0.918,0.971,0.43,95.5,OmniHealth Labs
ORD-00695,Immunosuppressant,5000,Medium,406.51,5,0.965,0.917,0.68,93.8,OmniHealth Labs
ORD-00696,Antihistamine,250,High,57.19,3,0.836,0.902,0.64,98.2,Aegis Health Supplies
ORD-00697,Cardiovascular Drug,5000,High,153.22,7,0.944,0.914,0.93,96.4,Aegis Health Supplies
ORD-00698,Immunosuppressant,500,High,415.07,6,1.0,0.868,0.21,95.2,CryoSafe LifeSciences
ORD-00699,Antihistamine,1000,High,61.83,4,0.89,0.893,0.34,100.0,Aegis Health Supplies
ORD-00700,Vaccine,250,Standard,288.34,8,0.872,0.893,1.4,95.1,Summit BioSolutions
ORD-00701,Antiviral,250,High,227.65,5,0.872,0.976,0.67,96.8,Summit BioSolutions
ORD-00702,Immunosuppressant,500,Medium,377.39,6,0.938,0.888,1.09,94.6,Bharat BioLogics
ORD-00703,Cardiovascular Drug,2500,Standard,163.24,9,0.969,0.86,0.53,95.9,CryoSafe LifeSciences
ORD-00704,Antihistamine,250,Medium,56.39,3,0.898,0.903,0.26,96.4,Pulse Generic Pharma
ORD-00705,Vaccine,100,High,368.92,5,0.844,0.987,0.72,93.7,BioMatrix International
ORD-00706,Cardiovascular Drug,1000,Medium,162.57,8,0.934,0.912,1.21,97.5,Aegis Health Supplies
ORD-00707,Antihistamine,1000,High,64.59,4,0.878,0.829,0.55,98.2,Aegis Health Supplies
ORD-00708,Antihistamine,1000,Standard,56.9,5,0.849,1.0,0.88,95.2,Zenith LifeSciences
ORD-00709,Antiviral,500,Medium,226.36,6,0.87,0.941,0.13,96.1,Vanguard Pharma
ORD-00710,Monoclonal Antibody,1000,Medium,4687.52,4,0.839,0.974,1.25,100.0,Pulse Generic Pharma
ORD-00711,Painkiller,2500,Standard,51.72,6,0.933,0.903,0.51,93.5,Serum Horizon Global
ORD-00712,Painkiller,1000,Standard,40.28,4,0.941,0.833,0.15,96.9,MediCore Labs
ORD-00713,Vaccine,100,Standard,313.72,6,0.839,0.916,0.69,92.3,BioMatrix International
ORD-00714,Immunosuppressant,100,High,436.76,10,0.929,0.953,1.15,95.1,Bharat BioLogics
ORD-00715,Chemotherapy Agent,250,Medium,616.4,5,0.948,0.908,0.52,95.3,Bharat BioLogics
ORD-00716,Insulin,1000,Standard,226.08,4,0.966,0.924,1.31,97.1,OmniHealth Labs
ORD-00717,Insulin,5000,High,249.68,3,0.945,0.795,0.1,96.5,Apex BioPharma
ORD-00718,Insulin,500,Standard,227.03,4,0.918,0.882,0.47,95.5,Apex BioPharma
ORD-00719,Insulin,5000,High,228.27,4,0.998,0.929,1.53,97.5,OmniHealth Labs
ORD-00720,Immunosuppressant,1000,High,345.42,4,0.954,0.95,0.86,94.2,OmniHealth Labs
ORD-00721,Antibiotic,1000,Standard,126.75,10,0.903,0.894,0.46,97.3,PharmaTrust Global
ORD-00722,Antihistamine,5000,Medium,64.31,5,0.931,0.901,0.44,97.9,Aegis Health Supplies
ORD-00723,Antiviral,100,High,169.01,5,0.904,0.839,0.37,95.4,MediCore Labs
ORD-00724,Antiviral,5000,Medium,188.04,3,0.827,0.946,0.75,95.6,MediCore Labs
ORD-00725,Antiviral,1000,Medium,196.66,3,0.897,0.83,0.66,96.6,MediCore Labs
ORD-00726,Chemotherapy Agent,500,Medium,560.96,3,0.918,0.956,0.77,95.4,Bharat BioLogics
ORD-00727,Antibiotic,2500,Medium,137.21,6,0.964,0.8,0.13,98.1,BioMatrix International
ORD-00728,Vaccine,100,Standard,266.64,9,0.925,0.873,1.41,92.6,Summit BioSolutions
ORD-00729,Chemotherapy Agent,1000,Standard,491.91,3,0.889,0.743,0.36,95.8,Beacon Pharmaceuticals
ORD-00730,Cardiovascular Drug,1000,Medium,160.27,7,0.994,0.879,0.83,94.9,CryoSafe LifeSciences
ORD-00731,Vaccine,1000,High,291.69,7,0.918,0.957,0.67,95.8,OmniHealth Labs
ORD-00732,Antibiotic,5000,Medium,132.34,10,0.883,0.824,0.68,98.2,BioMatrix International
ORD-00733,Antiviral,500,High,263.31,3,0.92,0.894,1.01,94.4,Summit BioSolutions
ORD-00734,Vaccine,250,Medium,254.05,6,0.961,0.957,0.89,96.8,OmniHealth Labs
ORD-00735,Immunosuppressant,100,Medium,413.9,6,0.957,0.813,0.04,95.2,CryoSafe LifeSciences
ORD-00736,Antihistamine,100,High,65.0,4,0.923,0.896,0.46,97.9,Aegis Health Supplies
ORD-00737,Antihistamine,1000,Medium,60.57,4,0.837,0.992,0.76,95.0,Zenith LifeSciences
ORD-00738,Vaccine,2500,Standard,262.61,9,0.94,0.933,0.82,96.0,OmniHealth Labs
ORD-00739,Antiviral,5000,Medium,225.92,2,0.854,0.87,1.11,95.8,Summit BioSolutions
ORD-00740,Painkiller,100,Medium,42.29,5,0.977,0.86,0.21,98.5,MediCore Labs
ORD-00741,Vaccine,250,High,279.56,7,0.906,0.942,0.89,95.3,OmniHealth Labs
ORD-00742,Immunosuppressant,250,Standard,443.88,6,0.96,0.863,0.57,93.8,CryoSafe LifeSciences
ORD-00743,Vaccine,2500,High,298.1,4,0.739,0.968,0.43,92.1,BioMatrix International
ORD-00744,Monoclonal Antibody,1000,Medium,5863.01,10,0.947,0.958,0.87,95.1,CryoSafe LifeSciences
ORD-00745,Vaccine,2500,High,304.33,6,0.956,0.929,0.46,98.9,OmniHealth Labs
ORD-00746,Cardiovascular Drug,2500,High,174.29,6,0.848,0.943,0.52,97.9,NovaCure Therapeutics
ORD-00747,Antihistamine,5000,Standard,67.87,4,0.906,0.995,1.13,94.3,Zenith LifeSciences
ORD-00748,Chemotherapy Agent,500,High,661.3,1,0.898,0.94,0.76,94.3,Bharat BioLogics
ORD-00749,Monoclonal Antibody,5000,Medium,4028.98,5,0.899,0.947,1.26,92.9,VitalCare Pharmaceuticals
ORD-00750,Immunosuppressant,1000,Medium,387.64,4,0.947,0.987,0.59,96.1,OmniHealth Labs
ORD-00751,Vaccine,2500,High,305.37,6,0.972,0.917,0.28,95.3,Quantum Health Sciences
ORD-00752,Chemotherapy Agent,500,High,571.01,3,0.977,0.937,0.01,96.1,Bharat BioLogics
ORD-00753,Immunosuppressant,500,Medium,453.03,8,0.828,0.939,1.1,98.9,VitalCare Pharmaceuticals
ORD-00754,Vaccine,2500,High,314.52,6,0.959,0.902,0.54,97.3,Quantum Health Sciences
ORD-00755,Immunosuppressant,100,Medium,352.14,3,0.97,0.996,0.57,92.6,OmniHealth Labs
ORD-00756,Cardiovascular Drug,500,Medium,182.56,8,1.0,0.798,0.53,95.8,CryoSafe LifeSciences
ORD-00757,Antihistamine,2500,Medium,62.97,6,0.918,0.816,0.13,95.4,Pulse Generic Pharma
ORD-00758,Immunosuppressant,500,Medium,334.67,4,0.956,0.94,0.62,94.8,OmniHealth Labs
ORD-00759,Antiviral,2500,High,216.13,7,0.896,0.865,0.01,97.8,Vanguard Pharma
ORD-00760,Immunosuppressant,2500,High,388.94,7,0.957,0.973,0.32,94.1,OmniHealth Labs
ORD-00761,Antibiotic,1000,Medium,155.78,5,0.94,0.871,0.45,98.3,NovaCure Therapeutics
ORD-00762,Insulin,250,Medium,223.38,7,0.928,0.841,0.33,96.5,Apex BioPharma
ORD-00763,Vaccine,500,High,277.06,5,0.972,0.933,0.79,96.3,OmniHealth Labs
ORD-00764,Painkiller,100,High,49.67,7,0.909,0.891,0.88,93.2,Serum Horizon Global
ORD-00765,Cardiovascular Drug,250,High,170.18,6,0.965,0.868,1.07,98.4,Aegis Health Supplies
ORD-00766,Antibiotic,250,Medium,125.78,8,0.959,0.919,0.04,98.3,PharmaTrust Global
ORD-00767,Vaccine,500,Medium,256.91,5,0.883,0.888,0.32,94.9,Quantum Health Sciences
ORD-00768,Antibiotic,500,Medium,137.77,9,1.0,0.884,0.69,97.9,PharmaTrust Global
ORD-00769,Painkiller,5000,High,39.72,4,0.895,0.814,0.28,94.9,Beacon Pharmaceuticals
ORD-00770,Antiviral,500,Medium,223.91,3,0.837,0.919,1.09,95.9,Summit BioSolutions
ORD-00771,Immunosuppressant,1000,Medium,344.89,5,0.933,0.921,0.55,95.5,OmniHealth Labs
ORD-00772,Painkiller,100,Standard,42.54,8,0.966,0.815,0.37,98.4,MediCore Labs
ORD-00773,Insulin,500,Standard,221.89,7,1.0,0.872,0.38,97.2,Apex BioPharma
ORD-00774,Antiviral,5000,Standard,192.06,6,0.887,0.947,0.47,97.4,Vanguard Pharma
ORD-00775,Immunosuppressant,1000,Medium,443.69,9,0.892,0.959,1.4,94.0,Bharat BioLogics
ORD-00776,Immunosuppressant,1000,High,396.5,3,0.944,0.917,0.59,95.3,OmniHealth Labs
ORD-00777,Antiviral,250,Standard,188.69,4,0.879,0.888,0.15,98.7,Vanguard Pharma
ORD-00778,Antibiotic,250,Standard,116.25,9,0.965,0.938,0.57,96.7,PharmaTrust Global
ORD-00779,Antihistamine,500,Medium,62.36,8,0.857,1.0,0.79,93.4,Zenith LifeSciences
ORD-00780,Painkiller,250,Medium,51.24,8,0.955,0.85,0.48,92.2,Serum Horizon Global
ORD-00781,Insulin,2500,Standard,236.24,6,0.931,0.952,1.08,98.6,OmniHealth Labs
ORD-00782,Monoclonal Antibody,500,Standard,4605.59,8,0.847,0.941,1.54,98.0,Pulse Generic Pharma
ORD-00783,Cardiovascular Drug,100,Standard,139.52,11,0.991,0.866,0.35,97.0,CryoSafe LifeSciences
ORD-00784,Antiviral,2500,Medium,201.57,4,0.841,0.942,0.16,97.2,Vanguard Pharma
ORD-00785,Chemotherapy Agent,250,High,567.39,4,0.929,0.922,0.62,97.4,Bharat BioLogics
ORD-00786,Insulin,1000,Medium,210.51,5,0.977,0.937,0.72,99.2,OmniHealth Labs
ORD-00787,Chemotherapy Agent,100,High,439.17,8,0.985,0.901,1.12,100.0,Serum Horizon Global
ORD-00788,Monoclonal Antibody,250,Standard,3660.59,6,0.836,0.979,0.91,99.0,Pulse Generic Pharma
ORD-00789,Vaccine,2500,Medium,332.06,8,1.0,0.843,0.09,96.7,Quantum Health Sciences
ORD-00790,Antibiotic,500,Standard,114.39,6,0.983,0.918,0.59,97.4,PharmaTrust Global
ORD-00791,Antibiotic,500,High,142.93,5,0.897,0.837,0.55,99.2,NovaCure Therapeutics
ORD-00792,Antihistamine,2500,High,61.28,3,0.94,0.898,1.41,94.9,Summit BioSolutions
ORD-00793,Insulin,500,High,233.21,7,0.92,0.897,0.36,98.4,VitalCare Pharmaceuticals
ORD-00794,Painkiller,1000,Standard,42.82,4,0.894,0.797,0.16,96.5,MediCore Labs
ORD-00795,Monoclonal Antibody,100,Standard,4126.12,3,0.879,0.914,0.91,94.2,VitalCare Pharmaceuticals
ORD-00796,Painkiller,2500,Standard,40.18,7,0.998,0.857,1.17,93.8,BioMatrix International
ORD-00797,Painkiller,500,Standard,41.21,8,0.892,0.816,0.99,98.4,Apex BioPharma
ORD-00798,Immunosuppressant,100,Medium,357.3,6,0.97,0.932,0.82,94.9,OmniHealth Labs
ORD-00799,Antihistamine,5000,Standard,60.75,7,0.911,0.921,1.5,99.0,NovaCure Therapeutics
ORD-00800,Painkiller,2500,High,39.84,5,0.855,0.87,1.01,97.2,Apex BioPharma
ORD-00801,Painkiller,2500,High,47.28,7,0.966,0.908,0.91,93.8,BioMatrix International
ORD-00802,Cardiovascular Drug,5000,Standard,168.17,6,0.831,0.961,0.94,99.0,Aegis Health Supplies
ORD-00803,Antibiotic,100,Standard,138.15,8,1.0,0.934,0.09,95.7,PharmaTrust Global
ORD-00804,Chemotherapy Agent,1000,Medium,491.06,4,0.921,0.832,0.39,95.8,Bharat BioLogics
ORD-00805,Chemotherapy Agent,500,Standard,520.11,4,0.846,0.746,0.3,97.1,Beacon Pharmaceuticals
ORD-00806,Vaccine,100,High,288.05,6,0.817,0.919,0.95,93.4,BioMatrix International
ORD-00807,Chemotherapy Agent,1000,High,376.04,1,0.855,0.808,0.26,96.6,Beacon Pharmaceuticals
ORD-00808,Chemotherapy Agent,2500,Medium,556.96,5,0.971,0.866,0.66,95.6,Bharat BioLogics
ORD-00809,Antiviral,1000,Medium,188.27,3,0.89,0.911,0.31,97.1,Vanguard Pharma
ORD-00810,Vaccine,1000,Standard,283.0,9,0.9,0.908,0.87,96.9,OmniHealth Labs
ORD-00811,Chemotherapy Agent,2500,Medium,506.74,7,0.94,0.903,0.29,96.5,GlobalRx Supply Chain
ORD-00812,Painkiller,250,Medium,41.45,5,0.905,0.822,0.92,97.9,Apex BioPharma
ORD-00813,Monoclonal Antibody,5000,Medium,4944.83,3,0.884,0.928,0.98,93.6,VitalCare Pharmaceuticals
ORD-00814,Vaccine,1000,Medium,353.73,9,0.908,0.881,0.25,96.5,Quantum Health Sciences
ORD-00815,Immunosuppressant,2500,High,378.64,4,0.889,0.885,0.77,94.2,OmniHealth Labs
ORD-00816,Antibiotic,5000,High,157.81,4,0.912,0.904,0.48,98.6,NovaCure Therapeutics
ORD-00817,Chemotherapy Agent,500,Medium,555.25,5,0.929,0.887,0.55,95.1,Bharat BioLogics
ORD-00818,Antiviral,5000,Standard,214.98,5,0.952,0.787,0.4,93.5,Pulse Generic Pharma
ORD-00819,Vaccine,2500,High,323.31,4,0.921,0.942,1.06,99.2,Vanguard Pharma
ORD-00820,Cardiovascular Drug,2500,Standard,185.91,8,0.895,0.827,0.41,98.4,Quantum Health Sciences
ORD-00821,Immunosuppressant,2500,High,414.57,9,0.926,0.946,1.74,94.7,Bharat BioLogics
ORD-00822,Painkiller,1000,Standard,40.89,6,0.894,0.768,0.79,97.0,Apex BioPharma
ORD-00823,Chemotherapy Agent,250,Standard,535.04,8,0.984,0.925,1.14,99.7,Serum Horizon Global
ORD-00824,Vaccine,2500,High,349.38,6,0.949,0.963,0.61,95.8,Vanguard Pharma
ORD-00825,Immunosuppressant,1000,Standard,331.74,3,0.914,0.995,0.72,95.0,OmniHealth Labs
ORD-00826,Vaccine,250,High,357.61,6,0.96,0.94,1.13,98.7,Vanguard Pharma
ORD-00827,Antibiotic,500,High,152.63,3,0.977,0.937,0.42,99.5,NovaCure Therapeutics
ORD-00828,Vaccine,1000,Medium,353.19,4,0.939,0.932,0.85,96.8,Vanguard Pharma
ORD-00829,Vaccine,2500,Medium,277.85,10,0.905,0.877,1.22,94.7,Summit BioSolutions
ORD-00830,Immunosuppressant,250,Medium,350.22,7,1.0,1.0,0.66,92.2,OmniHealth Labs
ORD-00831,Monoclonal Antibody,100,Standard,5040.51,5,0.838,0.914,1.04,98.7,Pulse Generic Pharma
ORD-00832,Antibiotic,1000,Medium,130.51,9,0.875,0.863,0.32,97.6,BioMatrix International
ORD-00833,Chemotherapy Agent,500,High,513.97,11,0.928,0.93,0.05,95.9,GlobalRx Supply Chain
ORD-00834,Immunosuppressant,500,Standard,392.81,4,0.918,0.982,0.68,95.1,OmniHealth Labs
ORD-00835,Antiviral,500,Standard,213.72,6,0.908,0.957,0.32,95.2,Vanguard Pharma
ORD-00836,Cardiovascular Drug,1000,High,151.05,9,1.0,0.897,0.71,94.8,CryoSafe LifeSciences
ORD-00837,Immunosuppressant,1000,Standard,354.83,5,0.874,0.953,0.66,95.5,OmniHealth Labs
ORD-00838,Antiviral,500,Medium,197.91,7,0.811,0.967,0.28,97.1,Vanguard Pharma
ORD-00839,Vaccine,5000,Standard,247.03,9,0.911,1.0,0.81,95.8,OmniHealth Labs
ORD-00840,Insulin,100,Medium,214.35,9,0.876,0.945,1.08,94.1,PharmaTrust Global
ORD-00841,Painkiller,2500,Standard,41.19,6,0.898,0.89,0.4,96.2,MediCore Labs
ORD-00842,Chemotherapy Agent,2500,Medium,431.59,1,0.942,0.884,0.68,96.2,Beacon Pharmaceuticals
ORD-00843,Vaccine,1000,Medium,276.76,8,0.902,0.876,1.43,94.9,Summit BioSolutions
ORD-00844,Antiviral,100,Standard,200.88,3,0.85,0.95,0.89,96.0,Summit BioSolutions
ORD-00845,Insulin,250,High,219.82,4,0.936,0.861,0.25,95.7,Apex BioPharma
ORD-00846,Vaccine,500,Standard,266.26,8,0.866,0.932,1.01,98.1,OmniHealth Labs
ORD-00847,Antiviral,500,High,208.28,3,0.862,0.898,0.38,98.3,Vanguard Pharma
ORD-00848,Immunosuppressant,500,High,426.2,6,0.968,0.951,1.3,95.4,Bharat BioLogics
ORD-00849,Antiviral,1000,Standard,215.48,4,0.903,0.87,0.57,93.9,Pulse Generic Pharma
ORD-00850,Antiviral,100,High,248.01,7,0.882,0.886,0.29,99.6,GlobalRx Supply Chain
ORD-00851,Insulin,250,Medium,232.42,6,0.93,0.829,0.2,96.9,Apex BioPharma
ORD-00852,Chemotherapy Agent,500,Medium,382.11,9,0.933,0.899,0.31,96.4,GlobalRx Supply Chain
ORD-00853,Insulin,1000,Standard,227.09,8,0.887,0.914,1.14,96.4,OmniHealth Labs
ORD-00854,Vaccine,5000,High,322.1,5,0.854,0.957,0.59,92.0,BioMatrix International
ORD-00855,Monoclonal Antibody,500,Standard,5591.32,5,0.98,0.921,1.15,96.4,MediCore Labs
ORD-00856,Insulin,5000,Standard,201.06,3,0.927,0.898,0.34,94.8,Apex BioPharma
ORD-00857,Painkiller,100,High,45.6,1,0.822,0.88,0.29,95.1,Beacon Pharmaceuticals
ORD-00858,Vaccine,2500,Medium,308.09,5,0.902,0.97,0.42,98.9,Vanguard Pharma
ORD-00859,Insulin,100,Medium,231.2,5,0.832,0.862,0.08,96.3,Apex BioPharma
ORD-00860,Antiviral,100,High,174.88,5,0.843,0.907,0.22,98.1,Vanguard Pharma
ORD-00861,Vaccine,500,Medium,334.75,5,0.907,0.914,0.83,97.8,Vanguard Pharma
ORD-00862,Chemotherapy Agent,1000,Standard,497.21,9,0.99,0.963,0.45,95.2,GlobalRx Supply Chain
ORD-00863,Antihistamine,100,Standard,56.4,8,0.955,0.954,0.98,100.0,NovaCure Therapeutics
ORD-00864,Antiviral,2500,Standard,203.28,4,0.926,0.9,0.46,95.3,MediCore Labs
ORD-00865,Painkiller,1000,Medium,47.72,9,0.955,0.879,1.04,91.8,BioMatrix International
ORD-00866,Antihistamine,100,Standard,56.49,6,0.854,0.984,0.74,95.3,Zenith LifeSciences
ORD-00867,Antiviral,250,Medium,195.5,5,0.869,0.915,0.27,99.4,Vanguard Pharma
ORD-00868,Cardiovascular Drug,2500,High,168.68,4,0.913,0.873,1.05,99.5,Aegis Health Supplies
ORD-00869,Insulin,5000,Standard,239.12,8,0.961,0.924,0.17,98.3,VitalCare Pharmaceuticals
ORD-00870,Antiviral,100,High,193.32,5,0.854,0.88,0.34,96.3,Vanguard Pharma
ORD-00871,Monoclonal Antibody,1000,Medium,4879.66,3,0.957,0.902,0.84,91.2,VitalCare Pharmaceuticals
ORD-00872,Vaccine,100,Medium,292.84,5,0.801,0.954,0.78,94.7,BioMatrix International
ORD-00873,Cardiovascular Drug,5000,High,207.57,7,0.968,0.899,0.34,93.7,Serum Horizon Global
ORD-00874,Antihistamine,2500,High,63.7,4,0.885,0.853,1.35,94.8,Summit BioSolutions
ORD-00875,Cardiovascular Drug,100,Medium,174.52,4,0.98,0.83,0.51,95.0,Serum Horizon Global
ORD-00876,Cardiovascular Drug,500,Standard,162.79,10,0.932,0.91,0.81,93.9,CryoSafe LifeSciences
ORD-00877,Insulin,1000,Medium,205.22,5,0.964,0.941,0.36,98.3,VitalCare Pharmaceuticals
ORD-00878,Vaccine,250,High,307.14,4,0.91,0.938,1.13,97.6,Vanguard Pharma
ORD-00879,Monoclonal Antibody,500,High,4798.54,4,0.99,0.961,1.22,96.6,MediCore Labs
ORD-00880,Vaccine,100,Medium,321.3,5,0.919,0.947,1.22,97.1,Vanguard Pharma
ORD-00881,Immunosuppressant,5000,High,390.69,4,0.91,0.953,0.69,93.7,OmniHealth Labs
ORD-00882,Chemotherapy Agent,250,Standard,571.1,4,0.983,0.901,0.4,95.4,Bharat BioLogics
ORD-00883,Antiviral,5000,Medium,194.53,1,0.902,0.822,0.43,95.0,MediCore Labs
ORD-00884,Immunosuppressant,1000,Standard,399.73,9,0.971,0.932,1.39,93.5,Bharat BioLogics
ORD-00885,Monoclonal Antibody,1000,Standard,4561.03,3,0.851,0.994,0.38,93.3,VitalCare Pharmaceuticals
ORD-00886,Immunosuppressant,100,Standard,422.55,6,0.984,0.789,0.01,95.2,CryoSafe LifeSciences
ORD-00887,Painkiller,2500,High,38.81,5,0.899,0.829,0.33,95.0,Beacon Pharmaceuticals
ORD-00888,Chemotherapy Agent,2500,High,494.47,7,0.987,0.965,0.78,96.9,GlobalRx Supply Chain
ORD-00889,Chemotherapy Agent,250,Standard,445.96,5,0.895,0.762,0.44,95.4,Beacon Pharmaceuticals
ORD-00890,Antibiotic,2500,Medium,136.08,4,0.979,0.904,0.28,98.5,NovaCure Therapeutics
ORD-00891,Antiviral,1000,Standard,203.85,8,0.97,0.861,0.52,93.7,Pulse Generic Pharma
ORD-00892,Insulin,100,High,228.65,6,0.975,0.813,0.17,96.0,Apex BioPharma
ORD-00893,Painkiller,250,High,45.91,3,0.897,0.802,0.35,94.6,Beacon Pharmaceuticals
ORD-00894,Antiviral,100,High,209.04,6,0.982,0.838,0.83,93.5,Pulse Generic Pharma
ORD-00895,Antihistamine,500,Medium,60.77,7,0.929,0.943,1.18,98.3,NovaCure Therapeutics
ORD-00896,Immunosuppressant,5000,High,421.84,8,0.874,0.897,0.67,91.8,Quantum Health Sciences
ORD-00897,Chemotherapy Agent,500,Medium,472.96,9,1.0,0.897,0.36,96.9,GlobalRx Supply Chain
ORD-00898,Cardiovascular Drug,100,Standard,143.84,8,0.986,0.852,0.48,95.5,CryoSafe LifeSciences
ORD-00899,Antibiotic,5000,Medium,144.11,6,0.865,0.912,1.57,92.0,Zenith LifeSciences
ORD-00900,Chemotherapy Agent,500,Standard,380.87,8,0.866,0.918,1.24,99.6,Serum Horizon Global
ORD-00901,Painkiller,100,Medium,40.37,1,0.855,0.933,0.61,95.6,Beacon Pharmaceuticals
ORD-00902,Antibiotic,2500,Medium,124.0,8,1.0,0.888,0.66,97.3,PharmaTrust Global
ORD-00903,Painkiller,1000,High,47.41,4,0.963,0.813,0.35,95.1,Beacon Pharmaceuticals
ORD-00904,Insulin,250,High,254.64,7,0.973,0.872,0.36,97.2,Apex BioPharma
ORD-00905,Immunosuppressant,500,High,323.28,6,0.948,0.994,0.88,94.7,OmniHealth Labs
ORD-00906,Antibiotic,5000,Standard,117.91,4,0.949,0.841,1.08,93.0,Zenith LifeSciences
ORD-00907,Antihistamine,2500,Medium,67.83,2,0.875,0.809,0.01,95.9,Pulse Generic Pharma
ORD-00908,Insulin,5000,Medium,224.08,4,0.942,0.933,1.07,98.9,OmniHealth Labs
ORD-00909,Immunosuppressant,2500,Medium,393.0,5,0.959,0.895,0.16,91.6,OmniHealth Labs
ORD-00910,Cardiovascular Drug,250,Medium,192.54,10,0.849,0.852,0.53,99.3,NovaCure Therapeutics
ORD-00911,Antibiotic,500,Medium,147.42,3,1.0,0.87,0.42,98.7,NovaCure Therapeutics
ORD-00912,Monoclonal Antibody,250,High,6186.98,5,0.945,0.917,1.43,96.9,MediCore Labs
ORD-00913,Chemotherapy Agent,5000,Standard,432.28,4,0.876,0.863,0.36,96.6,Beacon Pharmaceuticals
ORD-00914,Chemotherapy Agent,2500,Standard,505.4,8,1.0,0.914,0.4,95.6,GlobalRx Supply Chain
ORD-00915,Insulin,1000,Medium,250.75,6,0.928,0.877,1.22,98.2,OmniHealth Labs
ORD-00916,Immunosuppressant,2500,High,296.93,6,0.905,0.982,0.8,95.7,OmniHealth Labs
ORD-00917,Vaccine,100,Standard,243.96,6,0.935,0.9,1.04,92.6,Summit BioSolutions
ORD-00918,Antibiotic,100,Medium,122.12,10,0.921,0.904,0.37,98.7,PharmaTrust Global
ORD-00919,Monoclonal Antibody,500,High,4693.32,4,0.868,0.918,1.44,100.0,Pulse Generic Pharma
ORD-00920,Vaccine,1000,Standard,314.0,6,0.939,0.923,0.15,96.7,Quantum Health Sciences
ORD-00921,Cardiovascular Drug,1000,Medium,166.69,7,0.882,0.952,1.17,99.2,Aegis Health Supplies
ORD-00922,Painkiller,500,High,45.98,4,0.896,0.803,0.16,95.7,Beacon Pharmaceuticals
ORD-00923,Immunosuppressant,1000,Medium,428.63,6,0.941,0.934,1.4,95.8,Bharat BioLogics
ORD-00924,Immunosuppressant,250,Medium,421.63,7,0.983,0.792,0.27,95.6,CryoSafe LifeSciences
ORD-00925,Antibiotic,500,Standard,115.46,2,1.0,0.888,0.45,100.0,NovaCure Therapeutics
ORD-00926,Antibiotic,500,Standard,125.27,10,0.974,0.965,0.5,97.2,PharmaTrust Global
ORD-00927,Chemotherapy Agent,500,High,469.61,4,0.92,0.792,0.45,96.2,Beacon Pharmaceuticals
ORD-00928,Immunosuppressant,1000,Medium,366.24,8,0.975,0.846,0.24,93.4,CryoSafe LifeSciences
ORD-00929,Antibiotic,1000,Medium,135.74,6,0.924,0.867,0.01,98.6,BioMatrix International
ORD-00930,Antiviral,5000,Standard,231.83,4,0.862,0.852,0.16,97.5,Vanguard Pharma
ORD-00931,Cardiovascular Drug,5000,Standard,151.71,8,0.966,0.862,0.49,94.5,CryoSafe LifeSciences
ORD-00932,Monoclonal Antibody,5000,Medium,4355.38,1,0.898,0.905,1.1,93.6,VitalCare Pharmaceuticals
ORD-00933,Vaccine,100,High,313.75,6,0.84,0.931,0.7,93.5,BioMatrix International
ORD-00934,Insulin,500,Medium,212.26,5,0.912,0.848,0.3,95.7,Apex BioPharma
ORD-00935,Insulin,2500,High,197.18,7,0.925,0.921,1.28,96.8,OmniHealth Labs
ORD-00936,Vaccine,5000,Medium,316.14,7,0.858,0.898,0.34,96.3,Quantum Health Sciences
ORD-00937,Chemotherapy Agent,100,Standard,470.09,10,0.893,0.871,1.01,100.0,Serum Horizon Global
ORD-00938,Monoclonal Antibody,2500,Standard,4819.45,3,0.85,0.921,0.87,93.5,VitalCare Pharmaceuticals
ORD-00939,Cardiovascular Drug,100,Medium,184.01,5,0.828,0.975,0.96,98.2,Aegis Health Supplies
ORD-00940,Painkiller,1000,Standard,47.4,5,0.875,0.885,0.26,94.9,Beacon Pharmaceuticals
ORD-00941,Cardiovascular Drug,500,Medium,173.96,7,0.96,0.861,0.58,97.2,CryoSafe LifeSciences
ORD-00942,Antiviral,100,Medium,185.64,5,0.84,0.873,0.28,97.8,Vanguard Pharma
ORD-00943,Antiviral,500,Medium,200.1,2,0.858,0.857,0.78,95.1,MediCore Labs
ORD-00944,Painkiller,250,High,45.63,4,0.924,0.841,0.25,97.4,MediCore Labs
ORD-00945,Monoclonal Antibody,250,Standard,4392.13,6,0.915,0.98,1.24,98.5,Pulse Generic Pharma
ORD-00946,Chemotherapy Agent,100,High,589.42,4,0.991,0.882,0.35,95.5,Bharat BioLogics
ORD-00947,Painkiller,1000,Standard,43.67,5,0.812,0.87,0.29,94.9,Beacon Pharmaceuticals
ORD-00948,Painkiller,500,Standard,43.38,5,0.842,0.832,0.29,94.8,Beacon Pharmaceuticals
ORD-00949,Monoclonal Antibody,5000,High,5002.78,5,0.96,0.978,1.36,96.9,MediCore Labs
ORD-00950,Vaccine,2500,Standard,305.22,5,0.928,0.904,0.47,95.1,OmniHealth Labs
ORD-00951,Cardiovascular Drug,5000,Standard,151.87,8,0.983,0.854,0.92,99.7,Aegis Health Supplies
ORD-00952,Painkiller,5000,Medium,40.94,5,0.896,0.808,0.54,97.1,Apex BioPharma
ORD-00953,Immunosuppressant,250,High,367.91,7,1.0,0.932,1.23,95.7,Bharat BioLogics
ORD-00954,Monoclonal Antibody,1000,Standard,3965.56,3,0.857,0.973,1.27,93.7,VitalCare Pharmaceuticals
ORD-00955,Antibiotic,2500,High,159.82,6,1.0,0.874,0.3,96.8,NovaCure Therapeutics
ORD-00956,Monoclonal Antibody,500,High,4945.3,6,0.886,1.0,0.98,99.7,Pulse Generic Pharma
ORD-00957,Immunosuppressant,100,Standard,294.7,5,0.959,0.938,0.74,93.7,OmniHealth Labs
ORD-00958,Antibiotic,5000,Standard,122.08,3,0.966,0.837,0.11,100.0,NovaCure Therapeutics
ORD-00959,Antiviral,1000,Standard,220.71,2,0.811,0.879,0.26,94.7,MediCore Labs
ORD-00960,Vaccine,100,High,336.78,4,0.921,1.0,1.1,98.2,Vanguard Pharma
ORD-00961,Antibiotic,100,Standard,121.83,9,0.953,0.934,0.47,97.1,PharmaTrust Global
ORD-00962,Immunosuppressant,2500,Standard,331.28,4,0.905,0.931,0.55,94.4,OmniHealth Labs
ORD-00963,Immunosuppressant,500,Medium,387.69,7,0.981,0.854,0.2,94.6,CryoSafe LifeSciences
ORD-00964,Monoclonal Antibody,2500,High,4830.79,4,0.86,0.887,0.94,98.8,Pulse Generic Pharma
ORD-00965,Cardiovascular Drug,500,Standard,171.32,6,0.873,0.932,1.07,97.2,Aegis Health Supplies
ORD-00966,Immunosuppressant,1000,High,391.9,6,0.957,0.893,1.8,95.3,Bharat BioLogics
ORD-00967,Insulin,100,Medium,242.69,5,0.892,0.917,0.44,96.5,VitalCare Pharmaceuticals
ORD-00968,Chemotherapy Agent,100,Standard,496.29,2,0.942,0.905,0.63,93.3,Bharat BioLogics
ORD-00969,Painkiller,5000,Standard,42.83,2,0.916,0.778,0.39,96.0,Beacon Pharmaceuticals
ORD-00970,Vaccine,2500,High,317.46,7,0.872,0.968,0.47,95.0,BioMatrix International
ORD-00971,Immunosuppressant,100,High,426.89,8,0.986,0.857,0.04,95.9,CryoSafe LifeSciences
ORD-00972,Insulin,250,Medium,216.79,4,0.937,0.882,0.15,95.7,Apex BioPharma
ORD-00973,Vaccine,1000,High,318.04,5,0.906,0.973,0.89,99.3,Vanguard Pharma
ORD-00974,Antibiotic,5000,Standard,137.79,4,0.883,0.875,0.34,98.4,NovaCure Therapeutics
ORD-00975,Antihistamine,1000,Medium,63.73,9,0.905,1.0,1.23,99.8,NovaCure Therapeutics
ORD-00976,Immunosuppressant,100,Medium,388.95,5,0.923,0.962,0.44,93.9,OmniHealth Labs
ORD-00977,Antiviral,100,Medium,202.41,5,0.921,0.914,0.18,97.7,Vanguard Pharma
ORD-00978,Immunosuppressant,1000,High,433.26,7,0.947,0.845,0.44,93.4,CryoSafe LifeSciences
ORD-00979,Insulin,5000,Medium,270.58,6,0.899,0.904,0.85,94.6,PharmaTrust Global
ORD-00980,Vaccine,500,Standard,289.27,8,0.914,1.0,0.54,96.7,OmniHealth Labs
ORD-00981,Antibiotic,2500,Standard,134.1,9,0.973,0.875,1.01,95.3,Bharat BioLogics
ORD-00982,Antiviral,100,High,212.98,5,0.919,0.88,0.32,96.6,Vanguard Pharma
ORD-00983,Chemotherapy Agent,500,Medium,444.94,4,0.821,0.788,0.27,97.4,Beacon Pharmaceuticals
ORD-00984,Monoclonal Antibody,100,Medium,4923.89,6,1.0,0.975,1.44,98.4,MediCore Labs
ORD-00985,Painkiller,250,High,43.99,2,0.914,0.781,0.12,97.1,Beacon Pharmaceuticals
ORD-00986,Antibiotic,500,High,136.44,6,0.948,0.836,0.19,99.0,BioMatrix International
ORD-00987,Monoclonal Antibody,250,Medium,4590.74,10,0.918,0.987,0.51,94.6,CryoSafe LifeSciences
ORD-00988,Antibiotic,100,Standard,129.77,3,0.972,0.936,0.44,97.6,NovaCure Therapeutics
ORD-00989,Chemotherapy Agent,2500,Medium,484.7,7,0.902,0.888,1.08,98.0,Serum Horizon Global
ORD-00990,Vaccine,5000,High,297.72,5,0.884,0.904,0.31,96.5,Quantum Health Sciences
ORD-00991,Antibiotic,5000,Standard,146.88,3,1.0,0.873,0.1,98.6,NovaCure Therapeutics
ORD-00992,Antihistamine,100,Medium,60.65,2,0.902,0.841,0.01,96.7,Pulse Generic Pharma
ORD-00993,Cardiovascular Drug,5000,Standard,159.79,8,0.972,0.93,0.69,96.2,CryoSafe LifeSciences
ORD-00994,Antihistamine,5000,Medium,60.59,5,0.921,0.824,0.01,96.7,Pulse Generic Pharma
ORD-00995,Antiviral,2500,Standard,185.55,4,0.908,0.862,0.23,96.4,Vanguard Pharma
ORD-00996,Antibiotic,2500,Standard,136.38,7,0.862,0.858,1.36,93.1,Zenith LifeSciences
ORD-00997,Vaccine,500,Standard,298.94,8,0.907,0.956,0.76,97.8,Vanguard Pharma
ORD-00998,Vaccine,250,High,303.48,5,0.924,0.964,0.66,95.5,OmniHealth Labs
ORD-00999,Painkiller,500,Medium,47.15,7,0.932,0.902,0.5,95.3,Serum Horizon Global
ORD-01000,Chemotherapy Agent,5000,High,559.68,2,0.96,0.87,0.32,94.2,Bharat BioLogics
ORD-01001,Antiviral,500,Medium,194.0,5,0.8,0.976,0.1,97.5,Vanguard Pharma
ORD-01002,Immunosuppressant,250,High,436.77,7,0.995,0.836,1.43,94.6,Bharat BioLogics
ORD-01003,Monoclonal Antibody,5000,Standard,5395.6,4,0.993,1.0,0.89,97.7,MediCore Labs
ORD-01004,Antibiotic,5000,Medium,150.6,5,0.941,0.899,0.19,97.5,NovaCure Therapeutics
ORD-01005,Immunosuppressant,2500,Standard,392.54,4,0.956,1.0,0.82,95.0,OmniHealth Labs
ORD-01006,Antiviral,1000,High,205.02,5,0.921,0.827,0.82,92.9,Pulse Generic Pharma
ORD-01007,Insulin,250,Standard,224.18,4,0.971,0.858,0.73,95.8,VitalCare Pharmaceuticals
ORD-01008,Immunosuppressant,500,Medium,401.08,8,0.901,0.857,0.42,93.9,Quantum Health Sciences
ORD-01009,Chemotherapy Agent,2500,Standard,523.5,10,1.0,0.904,0.44,95.1,GlobalRx Supply Chain
ORD-01010,Immunosuppressant,2500,High,412.69,4,0.936,0.962,0.66,94.1,OmniHealth Labs
ORD-01011,Insulin,1000,Medium,237.1,3,0.987,0.931,0.45,95.6,Apex BioPharma
ORD-01012,Immunosuppressant,5000,High,397.32,5,0.941,0.971,0.45,93.2,OmniHealth Labs
ORD-01013,Antibiotic,100,Standard,118.28,7,0.901,0.986,0.72,95.5,PharmaTrust Global
ORD-01014,Antibiotic,2500,Medium,128.3,8,0.961,0.899,0.21,97.7,PharmaTrust Global
ORD-01015,Antibiotic,100,Standard,140.47,5,0.924,0.891,1.38,94.2,Bharat BioLogics
ORD-01016,Vaccine,250,Standard,298.81,6,0.886,0.878,0.66,96.5,OmniHealth Labs
ORD-01017,Chemotherapy Agent,1000,Medium,490.39,7,0.989,0.929,0.34,95.6,GlobalRx Supply Chain
ORD-01018,Cardiovascular Drug,2500,Standard,206.06,4,0.956,0.82,0.37,95.5,Serum Horizon Global
ORD-01019,Vaccine,250,Medium,316.74,6,0.907,0.937,0.13,96.8,Quantum Health Sciences
ORD-01020,Immunosuppressant,500,Medium,348.2,7,0.934,1.0,0.57,95.0,OmniHealth Labs
ORD-01021,Immunosuppressant,2500,High,315.83,5,0.933,0.911,0.38,94.2,OmniHealth Labs
ORD-01022,Antibiotic,2500,Medium,134.24,8,0.913,0.939,1.18,96.5,Bharat BioLogics
ORD-01023,Antihistamine,100,Standard,66.57,9,0.929,0.996,1.37,98.0,NovaCure Therapeutics
ORD-01024,Cardiovascular Drug,250,Medium,158.09,7,0.895,0.881,1.17,96.3,Aegis Health Supplies
ORD-01025,Antiviral,500,Standard,193.68,4,0.873,0.851,0.52,96.5,Vanguard Pharma
ORD-01026,Immunosuppressant,500,Standard,388.8,4,0.884,0.932,0.37,94.8,OmniHealth Labs
ORD-01027,Cardiovascular Drug,2500,Standard,201.7,9,0.958,0.846,0.65,97.0,Quantum Health Sciences
ORD-01028,Antibiotic,2500,Standard,119.76,6,0.993,0.903,0.33,99.4,PharmaTrust Global
ORD-01029,Cardiovascular Drug,250,Medium,187.51,9,0.912,0.849,0.31,98.1,NovaCure Therapeutics
ORD-01030,Antihistamine,5000,High,51.06,7,0.928,0.97,1.4,99.5,NovaCure Therapeutics
ORD-01031,Painkiller,500,Medium,40.25,4,0.831,0.91,0.39,95.4,Beacon Pharmaceuticals
ORD-01032,Cardiovascular Drug,100,Standard,175.06,7,0.951,0.883,0.63,98.4,Quantum Health Sciences
ORD-01033,Antibiotic,250,Standard,133.46,9,0.989,0.958,0.39,96.8,PharmaTrust Global
ORD-01034,Monoclonal Antibody,5000,Medium,4905.43,1,0.843,0.915,0.81,94.3,VitalCare Pharmaceuticals
ORD-01035,Antiviral,1000,Medium,187.22,7,0.85,0.836,0.01,97.8,Vanguard Pharma
ORD-01036,Antihistamine,250,Medium,58.11,3,0.867,0.836,0.01,96.5,Pulse Generic Pharma
ORD-01037,Monoclonal Antibody,1000,Medium,4561.27,3,0.91,0.939,1.01,93.5,VitalCare Pharmaceuticals
ORD-01038,Cardiovascular Drug,100,High,215.29,10,0.942,0.854,0.56,98.9,Quantum Health Sciences
ORD-01039,Antihistamine,1000,Standard,66.34,2,0.91,0.819,0.31,97.3,Aegis Health Supplies
ORD-01040,Monoclonal Antibody,500,Medium,4888.18,5,0.852,0.963,1.02,91.8,VitalCare Pharmaceuticals
ORD-01041,Antihistamine,1000,Standard,56.51,6,0.904,0.806,0.65,96.3,Aegis Health Supplies
ORD-01042,Chemotherapy Agent,2500,Standard,480.97,3,0.84,0.854,0.01,95.3,Beacon Pharmaceuticals
ORD-01043,Chemotherapy Agent,500,High,353.01,7,1.0,0.923,0.55,96.8,GlobalRx Supply Chain
ORD-01044,Insulin,500,Standard,200.6,3,1.0,0.863,0.01,96.3,Apex BioPharma
ORD-01045,Immunosuppressant,1000,High,434.89,7,0.973,0.816,0.53,94.7,CryoSafe LifeSciences
ORD-01046,Cardiovascular Drug,1000,Medium,161.46,5,0.934,0.829,1.08,98.0,Aegis Health Supplies
ORD-01047,Monoclonal Antibody,5000,Standard,4576.72,5,0.871,0.902,1.38,97.7,Pulse Generic Pharma
ORD-01048,Antiviral,500,High,164.99,4,0.961,0.84,0.62,94.2,Pulse Generic Pharma
ORD-01049,Immunosuppressant,1000,Standard,345.84,3,0.957,0.959,0.43,94.3,OmniHealth Labs
ORD-01050,Antihistamine,500,High,51.3,5,0.872,0.937,0.92,94.3,Zenith LifeSciences
ORD-01051,Immunosuppressant,5000,Medium,394.83,5,0.91,0.856,0.33,95.0,Quantum Health Sciences
ORD-01052,Insulin,100,Standard,223.12,8,0.89,0.933,0.45,97.7,VitalCare Pharmaceuticals
ORD-01053,Cardiovascular Drug,2500,High,213.45,6,0.853,0.893,0.36,99.3,NovaCure Therapeutics
ORD-01054,Antibiotic,250,High,151.07,7,0.898,0.903,0.24,97.3,BioMatrix International
ORD-01055,Monoclonal Antibody,250,High,4545.99,3,0.87,0.928,0.5,92.3,VitalCare Pharmaceuticals
ORD-01056,Insulin,1000,Standard,190.91,7,0.945,0.879,0.19,95.2,Apex BioPharma
ORD-01057,Antibiotic,250,Standard,150.51,5,0.958,0.929,0.56,99.1,NovaCure Therapeutics
ORD-01058,Vaccine,500,Medium,280.7,6,0.933,0.941,0.82,96.3,OmniHealth Labs
ORD-01059,Antiviral,5000,Medium,161.35,2,0.891,0.828,0.29,96.6,MediCore Labs
ORD-01060,Immunosuppressant,2500,Standard,429.47,6,0.969,0.778,0.31,95.3,CryoSafe LifeSciences
ORD-01061,Antibiotic,5000,High,118.57,7,0.92,0.945,0.74,97.6,PharmaTrust Global
ORD-01062,Immunosuppressant,100,Medium,377.16,3,0.911,0.945,0.45,93.3,OmniHealth Labs
ORD-01063,Monoclonal Antibody,250,Standard,5111.77,5,0.882,0.911,0.65,94.9,VitalCare Pharmaceuticals
ORD-01064,Antibiotic,2500,Standard,128.25,9,0.948,0.932,0.82,97.5,PharmaTrust Global
ORD-01065,Chemotherapy Agent,5000,High,544.52,5,0.937,0.934,0.74,95.0,Bharat BioLogics
ORD-01066,Immunosuppressant,5000,High,380.94,3,0.968,0.877,0.75,94.8,OmniHealth Labs
ORD-01067,Monoclonal Antibody,500,High,4751.51,10,0.896,0.879,0.35,93.4,CryoSafe LifeSciences
ORD-01068,Monoclonal Antibody,2500,Standard,5018.46,2,0.852,0.954,0.96,92.7,VitalCare Pharmaceuticals
ORD-01069,Chemotherapy Agent,100,Medium,460.39,7,0.992,0.914,0.32,95.3,GlobalRx Supply Chain
ORD-01070,Antibiotic,5000,Standard,121.62,8,0.953,0.906,0.27,96.4,PharmaTrust Global
ORD-01071,Insulin,5000,Standard,209.81,9,0.893,0.965,0.97,93.3,PharmaTrust Global
ORD-01072,Antiviral,250,High,210.32,6,0.884,0.848,0.61,94.3,Pulse Generic Pharma
ORD-01073,Immunosuppressant,500,Standard,400.64,10,0.972,0.927,0.9,94.6,Bharat BioLogics
ORD-01074,Antibiotic,2500,Medium,130.53,7,0.937,0.861,1.03,96.5,Bharat BioLogics
ORD-01075,Painkiller,500,Medium,46.87,9,0.973,0.893,0.82,91.9,Serum Horizon Global
ORD-01076,Chemotherapy Agent,2500,Standard,501.37,1,0.876,0.796,0.37,95.5,Beacon Pharmaceuticals
ORD-01077,Antihistamine,1000,High,68.67,7,0.979,0.973,1.05,99.5,NovaCure Therapeutics
ORD-01078,Vaccine,2500,Medium,321.78,7,0.882,0.963,0.6,94.3,BioMatrix International
ORD-01079,Antibiotic,2500,Medium,135.46,9,0.97,0.915,0.48,97.7,PharmaTrust Global
ORD-01080,Monoclonal Antibody,500,Standard,4897.48,2,0.896,0.944,0.73,93.0,VitalCare Pharmaceuticals
ORD-01081,Painkiller,2500,Standard,41.18,8,0.883,0.902,0.94,97.5,Apex BioPharma
ORD-01082,Antihistamine,500,High,60.54,5,0.935,0.857,0.59,94.6,Pulse Generic Pharma
ORD-01083,Vaccine,1000,Standard,260.7,9,0.932,0.942,0.6,94.7,OmniHealth Labs
ORD-01084,Cardiovascular Drug,2500,Standard,168.57,11,0.952,0.875,0.74,95.6,CryoSafe LifeSciences
ORD-01085,Immunosuppressant,100,Medium,336.37,5,0.899,0.976,0.72,95.1,OmniHealth Labs
ORD-01086,Antihistamine,500,Medium,61.51,3,0.94,0.837,0.28,95.5,Pulse Generic Pharma
ORD-01087,Cardiovascular Drug,2500,High,192.53,6,0.954,0.979,0.92,97.3,Aegis Health Supplies
ORD-01088,Painkiller,1000,High,51.09,8,0.904,0.829,0.56,94.3,Serum Horizon Global
ORD-01089,Antibiotic,2500,Standard,134.46,6,0.894,0.953,1.67,93.8,Zenith LifeSciences
ORD-01090,Chemotherapy Agent,250,Standard,528.75,1,0.827,0.871,0.03,96.2,Beacon Pharmaceuticals
ORD-01091,Chemotherapy Agent,500,Standard,440.11,5,0.873,0.841,0.5,97.6,Beacon Pharmaceuticals
ORD-01092,Painkiller,250,Standard,50.17,10,0.958,0.824,1.08,92.5,BioMatrix International
ORD-01093,Antiviral,500,Medium,163.13,4,1.0,0.803,0.86,94.6,Pulse Generic Pharma
ORD-01094,Immunosuppressant,100,High,453.82,7,0.908,0.975,0.71,99.2,VitalCare Pharmaceuticals
ORD-01095,Monoclonal Antibody,5000,Medium,4539.71,2,0.859,0.962,0.94,91.9,VitalCare Pharmaceuticals
ORD-01096,Insulin,500,High,215.68,8,0.937,0.923,0.37,97.2,VitalCare Pharmaceuticals
ORD-01097,Antiviral,2500,High,212.9,1,0.886,0.92,0.34,94.2,MediCore Labs
ORD-01098,Antiviral,2500,Medium,199.17,4,0.84,0.886,0.46,98.8,Vanguard Pharma
ORD-01099,Insulin,2500,High,238.21,6,0.922,0.962,0.93,95.6,OmniHealth Labs
ORD-01100,Antibiotic,250,High,124.0,8,0.969,0.918,0.64,98.1,PharmaTrust Global
ORD-01101,Painkiller,1000,High,51.86,4,0.954,0.852,0.16,97.4,MediCore Labs
ORD-01102,Vaccine,5000,High,301.9,7,0.934,0.895,0.78,97.7,OmniHealth Labs
ORD-01103,Painkiller,2500,High,43.52,4,0.938,0.896,0.27,97.5,MediCore Labs
ORD-01104,Cardiovascular Drug,500,Standard,186.49,4,0.921,0.937,0.42,95.1,Serum Horizon Global
ORD-01105,Vaccine,1000,Medium,350.61,6,0.937,0.94,1.13,98.0,Vanguard Pharma
ORD-01106,Insulin,250,Medium,219.8,5,0.971,0.858,0.39,94.6,Apex BioPharma
ORD-01107,Antihistamine,250,High,62.56,4,0.939,0.927,1.24,93.9,Summit BioSolutions
ORD-01108,Monoclonal Antibody,1000,High,4914.84,5,0.945,0.97,1.58,97.4,MediCore Labs
ORD-01109,Chemotherapy Agent,5000,Medium,607.57,1,0.9,0.836,0.01,95.4,Bharat BioLogics
ORD-01110,Insulin,1000,Medium,254.83,5,0.949,0.947,1.25,97.8,OmniHealth Labs
ORD-01111,Immunosuppressant,500,High,387.19,3,0.937,0.946,0.55,93.9,OmniHealth Labs
ORD-01112,Insulin,2500,Standard,222.77,3,0.867,0.841,0.25,95.2,Apex BioPharma
ORD-01113,Chemotherapy Agent,100,High,450.53,2,0.866,0.82,0.01,96.9,Beacon Pharmaceuticals
ORD-01114,Antihistamine,2500,Medium,62.65,9,0.879,0.964,1.5,97.1,NovaCure Therapeutics
ORD-01115,Insulin,5000,Medium,232.21,6,0.855,0.949,0.99,94.1,PharmaTrust Global
ORD-01116,Insulin,500,High,251.04,6,0.943,0.962,1.07,96.7,OmniHealth Labs
ORD-01117,Cardiovascular Drug,100,High,210.36,6,0.946,0.863,0.29,94.5,Serum Horizon Global
ORD-01118,Monoclonal Antibody,2500,Standard,4496.67,2,0.883,0.901,0.77,93.1,VitalCare Pharmaceuticals
ORD-01119,Insulin,250,Medium,251.43,3,0.974,0.882,0.64,94.9,Apex BioPharma
ORD-01120,Monoclonal Antibody,2500,Standard,5485.32,6,0.929,0.94,1.19,97.4,MediCore Labs
ORD-01121,Cardiovascular Drug,500,High,196.9,8,0.902,0.906,1.24,98.1,Aegis Health Supplies
ORD-01122,Painkiller,100,Medium,46.78,7,1.0,0.884,0.95,92.5,BioMatrix International
ORD-01123,Antiviral,250,Standard,201.29,3,0.882,0.91,0.06,96.6,Vanguard Pharma
ORD-01124,Insulin,100,Standard,195.61,6,0.982,0.893,0.42,95.4,Apex BioPharma
ORD-01125,Antihistamine,250,Medium,68.99,2,0.92,0.87,0.13,97.7,Aegis Health Supplies
ORD-01126,Cardiovascular Drug,100,High,185.4,5,0.871,0.936,0.95,96.7,Aegis Health Supplies
ORD-01127,Antiviral,500,Medium,217.45,2,0.857,0.911,0.65,94.6,Summit BioSolutions
ORD-01128,Antiviral,5000,Standard,233.35,7,0.846,0.906,0.39,99.8,GlobalRx Supply Chain
ORD-01129,Antihistamine,5000,Medium,63.94,8,0.79,0.981,0.71,94.1,Zenith LifeSciences
ORD-01130,Vaccine,5000,Medium,258.97,6,0.938,0.992,0.83,97.3,OmniHealth Labs
ORD-01131,Antihistamine,250,High,58.62,5,0.881,0.858,0.19,97.1,Pulse Generic Pharma
ORD-01132,Chemotherapy Agent,500,High,459.84,7,0.966,0.883,0.81,99.1,Serum Horizon Global
ORD-01133,Antibiotic,1000,Standard,124.91,8,0.925,1.0,0.55,99.9,PharmaTrust Global
ORD-01134,Cardiovascular Drug,500,Medium,226.41,7,0.893,0.931,0.47,100.0,NovaCure Therapeutics
ORD-01135,Vaccine,250,Medium,263.8,7,0.925,0.934,0.43,96.3,OmniHealth Labs
ORD-01136,Antibiotic,2500,Standard,132.01,8,0.859,0.92,0.15,99.4,BioMatrix International
ORD-01137,Immunosuppressant,500,High,394.26,4,0.896,0.943,0.31,94.6,OmniHealth Labs
ORD-01138,Insulin,100,Medium,226.41,7,0.949,0.902,0.45,98.1,VitalCare Pharmaceuticals
ORD-01139,Antibiotic,1000,Standard,128.78,4,1.0,0.896,0.29,99.7,NovaCure Therapeutics
ORD-01140,Vaccine,100,Medium,278.03,8,0.904,0.906,0.53,97.0,OmniHealth Labs
ORD-01141,Insulin,100,Standard,218.39,4,0.945,0.842,0.5,95.2,Apex BioPharma
ORD-01142,Antibiotic,2500,Medium,136.67,3,0.992,0.9,0.44,97.0,NovaCure Therapeutics
ORD-01143,Insulin,100,Standard,256.99,4,0.969,0.982,1.32,98.5,OmniHealth Labs
ORD-01144,Antiviral,100,High,203.07,2,0.941,0.846,0.19,95.1,MediCore Labs
ORD-01145,Painkiller,250,Medium,39.21,6,0.919,0.862,0.64,97.8,Apex BioPharma
ORD-01146,Cardiovascular Drug,1000,Medium,165.99,7,0.996,0.886,0.68,94.4,CryoSafe LifeSciences
ORD-01147,Chemotherapy Agent,5000,High,505.69,2,0.856,0.841,0.38,94.6,Beacon Pharmaceuticals
ORD-01148,Antihistamine,5000,High,60.2,5,0.905,0.862,0.29,98.9,Aegis Health Supplies
ORD-01149,Monoclonal Antibody,500,Medium,5826.47,4,0.987,0.948,1.25,96.4,MediCore Labs
ORD-01150,Antihistamine,5000,Standard,63.36,4,0.907,0.855,0.8,97.8,Aegis Health Supplies
ORD-01151,Antibiotic,1000,Standard,117.19,7,1.0,0.904,0.4,96.7,PharmaTrust Global
ORD-01152,Antibiotic,2500,Medium,137.18,7,0.977,0.924,0.37,97.8,PharmaTrust Global
ORD-01153,Antibiotic,250,High,136.2,6,0.988,0.939,0.52,96.7,PharmaTrust Global
ORD-01154,Painkiller,100,Medium,46.54,9,0.924,0.886,1.07,91.6,BioMatrix International
ORD-01155,Vaccine,2500,Medium,250.3,6,0.835,0.897,0.56,92.0,BioMatrix International
ORD-01156,Immunosuppressant,250,Medium,426.59,8,0.983,0.835,0.22,94.6,CryoSafe LifeSciences
ORD-01157,Monoclonal Antibody,1000,Standard,5131.68,4,0.843,0.945,1.16,99.4,Pulse Generic Pharma
ORD-01158,Antiviral,250,Medium,189.01,3,0.909,0.795,0.35,94.3,MediCore Labs
ORD-01159,Chemotherapy Agent,2500,Medium,522.19,11,0.961,0.918,0.31,97.5,GlobalRx Supply Chain
ORD-01160,Painkiller,1000,Standard,49.51,5,0.899,0.882,0.36,95.5,Beacon Pharmaceuticals
ORD-01161,Immunosuppressant,1000,Medium,405.61,8,0.967,0.868,0.2,95.2,CryoSafe LifeSciences
ORD-01162,Immunosuppressant,2500,Medium,435.18,9,0.899,0.981,1.19,99.3,VitalCare Pharmaceuticals
ORD-01163,Monoclonal Antibody,100,High,5017.16,7,0.779,0.85,1.23,98.4,Pulse Generic Pharma
ORD-01164,Antiviral,250,Medium,179.35,5,0.897,0.823,0.57,95.2,MediCore Labs
ORD-01165,Cardiovascular Drug,2500,Standard,168.37,4,0.964,0.952,1.08,96.9,Aegis Health Supplies
ORD-01166,Painkiller,1000,Medium,43.02,7,0.881,0.868,0.64,95.2,Apex BioPharma
ORD-01167,Painkiller,100,High,48.42,6,0.896,0.865,0.67,97.0,Apex BioPharma
ORD-01168,Insulin,2500,Medium,221.01,7,0.918,0.902,0.49,96.6,VitalCare Pharmaceuticals
ORD-01169,Antibiotic,5000,High,120.2,2,0.954,0.846,0.31,99.1,NovaCure Therapeutics
ORD-01170,Antiviral,2500,Medium,202.47,7,0.899,0.884,0.16,96.6,Vanguard Pharma
ORD-01171,Immunosuppressant,100,Medium,348.18,7,0.899,0.912,0.48,92.9,OmniHealth Labs
ORD-01172,Vaccine,250,Medium,289.81,6,0.931,0.917,0.83,97.1,OmniHealth Labs
ORD-01173,Chemotherapy Agent,5000,Standard,474.82,11,0.916,0.911,1.06,99.4,Serum Horizon Global
ORD-01174,Insulin,1000,Medium,246.48,5,0.936,0.868,0.17,96.2,Apex BioPharma
ORD-01175,Immunosuppressant,250,Standard,350.94,7,0.959,0.955,0.27,94.5,OmniHealth Labs
ORD-01176,Insulin,1000,Medium,190.85,4,0.96,0.892,1.44,95.8,OmniHealth Labs
ORD-01177,Chemotherapy Agent,5000,Medium,526.35,6,0.844,0.829,0.53,94.1,Apex BioPharma
ORD-01178,Antihistamine,100,Standard,49.05,9,0.902,0.981,1.48,98.5,NovaCure Therapeutics
ORD-01179,Vaccine,100,Medium,359.76,4,0.863,0.904,1.08,98.0,Vanguard Pharma
ORD-01180,Vaccine,500,Medium,290.91,6,0.855,0.946,0.92,97.2,OmniHealth Labs
ORD-01181,Immunosuppressant,5000,High,505.06,6,0.864,0.924,0.77,99.6,VitalCare Pharmaceuticals
ORD-01182,Monoclonal Antibody,2500,Medium,5209.07,9,0.946,0.899,0.5,94.7,CryoSafe LifeSciences
ORD-01183,Chemotherapy Agent,250,Standard,501.3,4,0.918,0.89,0.31,95.0,Bharat BioLogics
ORD-01184,Insulin,500,Standard,239.4,7,0.959,0.815,0.34,96.9,Apex BioPharma
ORD-01185,Antihistamine,2500,Medium,56.72,3,0.908,0.89,0.4,96.7,Aegis Health Supplies
ORD-01186,Antiviral,250,Standard,188.9,5,0.855,0.899,0.06,96.5,Vanguard Pharma
ORD-01187,Cardiovascular Drug,1000,High,204.7,7,0.845,0.847,0.43,97.9,NovaCure Therapeutics
ORD-01188,Antihistamine,500,Medium,59.2,8,0.918,0.923,0.7,93.8,Zenith LifeSciences
ORD-01189,Monoclonal Antibody,100,Standard,5522.13,4,0.892,0.922,1.47,93.6,Zenith LifeSciences
ORD-01190,Insulin,5000,Medium,179.46,7,0.894,0.934,0.32,96.9,VitalCare Pharmaceuticals
ORD-01191,Chemotherapy Agent,5000,Standard,426.95,7,0.878,0.904,0.83,92.9,Apex BioPharma
ORD-01192,Vaccine,500,High,328.5,4,0.928,0.975,0.67,97.6,Vanguard Pharma
ORD-01193,Antiviral,500,Standard,183.09,6,0.866,0.927,0.14,95.5,Vanguard Pharma
ORD-01194,Insulin,1000,High,242.69,3,0.92,0.856,0.36,96.5,Apex BioPharma
ORD-01195,Immunosuppressant,100,Medium,362.25,4,0.945,0.885,0.73,95.6,OmniHealth Labs
ORD-01196,Cardiovascular Drug,1000,High,207.1,10,0.944,0.829,0.76,100.0,Quantum Health Sciences
ORD-01197,Cardiovascular Drug,2500,Standard,182.74,7,0.84,0.85,0.38,99.5,NovaCure Therapeutics
ORD-01198,Antiviral,250,Medium,256.29,10,0.859,0.896,0.04,97.0,GlobalRx Supply Chain
ORD-01199,Cardiovascular Drug,5000,High,165.99,7,0.991,0.805,0.77,98.6,Quantum Health Sciences
ORD-01200,Cardiovascular Drug,250,Standard,168.11,8,0.912,0.959,0.72,98.1,Aegis Health Supplies
ORD-01201,Painkiller,2500,High,40.09,3,0.919,0.772,0.58,95.8,Beacon Pharmaceuticals
ORD-01202,Painkiller,5000,Medium,43.36,7,0.913,0.861,0.23,97.4,MediCore Labs
ORD-01203,Vaccine,100,High,349.91,4,0.86,0.992,0.68,93.6,BioMatrix International
ORD-01204,Immunosuppressant,250,Standard,417.7,7,0.888,0.929,1.21,99.8,VitalCare Pharmaceuticals
ORD-01205,Antiviral,5000,High,189.19,4,0.852,0.864,0.08,95.7,Vanguard Pharma
ORD-01206,Monoclonal Antibody,250,Standard,4769.2,4,0.93,0.9,1.0,93.2,VitalCare Pharmaceuticals
ORD-01207,Vaccine,1000,Medium,305.14,5,0.843,0.958,0.66,93.6,BioMatrix International
ORD-01208,Cardiovascular Drug,100,Standard,153.52,8,0.961,0.899,0.56,96.3,CryoSafe LifeSciences
ORD-01209,Antihistamine,500,Medium,65.87,9,0.918,0.988,1.51,99.1,NovaCure Therapeutics
ORD-01210,Antihistamine,100,Medium,66.01,2,0.961,0.897,0.46,97.2,Aegis Health Supplies
ORD-01211,Monoclonal Antibody,5000,High,4662.87,4,0.867,0.878,1.01,98.3,Pulse Generic Pharma
ORD-01212,Monoclonal Antibody,2500,High,5733.7,5,0.93,0.994,1.42,99.1,MediCore Labs
ORD-01213,Vaccine,1000,Medium,290.54,9,0.902,0.946,0.69,98.2,OmniHealth Labs
ORD-01214,Immunosuppressant,250,Medium,345.54,5,0.855,0.951,0.61,93.8,OmniHealth Labs
ORD-01215,Vaccine,500,High,320.51,5,0.894,0.967,1.21,98.4,Vanguard Pharma
ORD-01216,Insulin,1000,High,235.17,4,0.891,0.903,0.49,97.3,VitalCare Pharmaceuticals
ORD-01217,Cardiovascular Drug,1000,Standard,166.19,8,0.948,0.878,0.7,94.2,CryoSafe LifeSciences
ORD-01218,Antiviral,2500,Medium,198.31,4,0.893,0.888,0.13,97.3,Vanguard Pharma
ORD-01219,Chemotherapy Agent,500,Medium,501.61,5,0.963,0.917,0.34,94.8,Bharat BioLogics
ORD-01220,Antibiotic,5000,Standard,141.59,7,0.922,0.902,0.61,97.9,PharmaTrust Global
ORD-01221,Cardiovascular Drug,2500,High,220.61,7,0.932,0.808,0.54,94.2,Serum Horizon Global
ORD-01222,Monoclonal Antibody,5000,Standard,4053.48,5,0.86,0.919,0.86,92.9,VitalCare Pharmaceuticals
ORD-01223,Chemotherapy Agent,1000,Medium,451.35,2,0.86,0.853,0.25,96.7,Beacon Pharmaceuticals
ORD-01224,Antihistamine,1000,Medium,61.77,5,0.876,0.828,0.54,96.9,Aegis Health Supplies
ORD-01225,Vaccine,500,High,259.5,5,0.99,0.98,0.74,98.3,OmniHealth Labs
ORD-01226,Painkiller,500,High,40.68,5,0.895,0.871,0.27,95.5,Beacon Pharmaceuticals
ORD-01227,Chemotherapy Agent,500,Medium,579.97,4,0.946,0.931,0.62,95.7,Bharat BioLogics
ORD-01228,Painkiller,5000,Standard,49.81,4,0.919,0.869,0.27,96.0,MediCore Labs
ORD-01229,Cardiovascular Drug,500,Standard,216.91,6,0.901,0.784,0.49,95.8,Serum Horizon Global
ORD-01230,Cardiovascular Drug,100,Medium,187.57,8,0.881,0.976,0.86,98.6,Aegis Health Supplies
ORD-01231,Chemotherapy Agent,1000,High,633.56,4,0.935,0.931,0.64,95.3,Bharat BioLogics
ORD-01232,Antiviral,5000,Medium,213.09,6,0.847,0.87,0.01,97.1,Vanguard Pharma
ORD-01233,Monoclonal Antibody,250,High,6655.34,4,0.912,0.952,1.5,95.0,Zenith LifeSciences
ORD-01234,Immunosuppressant,100,Standard,364.55,5,0.857,0.984,0.64,94.0,OmniHealth Labs
ORD-01235,Immunosuppressant,100,Medium,334.68,5,0.959,0.951,0.58,93.8,OmniHealth Labs
ORD-01236,Monoclonal Antibody,2500,High,5002.79,5,0.871,0.98,1.11,97.2,Pulse Generic Pharma
ORD-01237,Antibiotic,1000,Medium,126.4,9,1.0,0.953,0.54,96.7,PharmaTrust Global
ORD-01238,Cardiovascular Drug,100,High,170.26,8,0.909,0.966,0.9,97.2,Aegis Health Supplies
ORD-01239,Painkiller,100,Standard,42.42,5,0.906,0.798,0.39,95.8,MediCore Labs
ORD-01240,Immunosuppressant,100,Medium,406.99,9,0.859,1.0,1.01,99.7,VitalCare Pharmaceuticals
ORD-01241,Monoclonal Antibody,1000,Standard,4884.96,5,0.891,0.895,1.19,98.2,Pulse Generic Pharma
ORD-01242,Immunosuppressant,5000,Medium,426.2,5,0.922,0.998,1.21,97.9,VitalCare Pharmaceuticals
ORD-01243,Vaccine,5000,Standard,273.51,6,0.855,0.947,0.57,94.3,BioMatrix International
ORD-01244,Antihistamine,1000,Medium,59.49,8,0.955,0.889,1.31,99.1,NovaCure Therapeutics
ORD-01245,Antibiotic,250,Medium,120.54,7,0.968,0.881,1.22,95.0,Bharat BioLogics
ORD-01246,Cardiovascular Drug,1000,Standard,170.08,9,0.904,0.874,0.51,95.7,CryoSafe LifeSciences
ORD-01247,Monoclonal Antibody,2500,Medium,4619.18,2,0.938,0.943,0.91,93.5,VitalCare Pharmaceuticals
ORD-01248,Antibiotic,100,Medium,145.91,3,0.912,0.839,0.35,100.0,NovaCure Therapeutics
ORD-01249,Painkiller,500,Medium,38.52,2,0.908,0.789,0.38,95.3,Beacon Pharmaceuticals
ORD-01250,Cardiovascular Drug,1000,Medium,155.48,4,0.931,0.929,0.67,97.2,Aegis Health Supplies
ORD-01251,Antibiotic,100,Medium,122.93,7,0.959,0.968,0.52,97.2,PharmaTrust Global
ORD-01252,Insulin,1000,High,249.42,6,0.904,0.869,0.22,95.8,VitalCare Pharmaceuticals
ORD-01253,Antihistamine,5000,Medium,53.56,3,0.837,0.839,0.79,100.0,Aegis Health Supplies
ORD-01254,Monoclonal Antibody,250,Medium,4855.56,3,0.874,0.95,1.06,94.5,VitalCare Pharmaceuticals
ORD-01255,Chemotherapy Agent,2500,High,525.63,8,0.91,0.888,1.26,97.8,Serum Horizon Global
ORD-01256,Antibiotic,2500,Medium,138.13,8,0.91,0.929,0.32,100.0,BioMatrix International
ORD-01257,Chemotherapy Agent,5000,Medium,444.97,7,0.878,0.876,0.42,93.9,Apex BioPharma
ORD-01258,Insulin,250,Standard,216.76,5,1.0,0.854,0.43,94.9,Apex BioPharma
ORD-01259,Insulin,500,Medium,266.4,11,0.909,0.9,1.45,98.3,Beacon Pharmaceuticals
ORD-01260,Antihistamine,5000,Medium,66.94,8,0.894,0.958,1.65,98.3,NovaCure Therapeutics
ORD-01261,Monoclonal Antibody,500,High,4819.27,7,0.858,0.886,1.21,98.9,Pulse Generic Pharma
ORD-01262,Antibiotic,2500,High,146.58,4,0.92,0.844,0.49,98.1,NovaCure Therapeutics
ORD-01263,Insulin,2500,Standard,207.41,6,0.891,0.968,0.66,91.3,PharmaTrust Global
ORD-01264,Monoclonal Antibody,100,High,5109.23,6,0.908,0.915,0.93,98.8,Pulse Generic Pharma
ORD-01265,Antiviral,250,Medium,173.93,7,0.889,0.864,0.1,97.4,Vanguard Pharma
ORD-01266,Antihistamine,2500,Medium,62.51,7,0.915,0.997,1.23,99.7,NovaCure Therapeutics
ORD-01267,Antibiotic,100,Standard,142.05,5,0.943,0.882,0.58,96.5,NovaCure Therapeutics
ORD-01268,Painkiller,100,Standard,41.2,4,0.922,0.865,0.56,97.7,Apex BioPharma
ORD-01269,Painkiller,500,High,44.8,11,0.98,0.827,1.04,93.0,BioMatrix International
ORD-01270,Antiviral,250,Medium,228.69,4,0.812,0.856,0.97,96.9,Summit BioSolutions
ORD-01271,Antihistamine,2500,Standard,59.92,4,0.914,0.831,0.19,95.2,Pulse Generic Pharma
ORD-01272,Antibiotic,5000,Medium,120.44,6,0.972,0.842,0.97,95.0,Bharat BioLogics
ORD-01273,Antiviral,500,Medium,178.9,4,0.866,0.845,0.84,96.7,MediCore Labs
ORD-01274,Vaccine,250,Standard,270.24,9,0.908,0.94,0.77,97.2,OmniHealth Labs
ORD-01275,Painkiller,100,High,48.3,4,0.983,0.778,0.36,97.0,MediCore Labs
ORD-01276,Antihistamine,5000,Standard,57.49,7,0.859,0.905,0.44,94.3,Zenith LifeSciences
ORD-01277,Immunosuppressant,1000,Medium,383.71,3,0.978,0.924,0.72,94.2,OmniHealth Labs
ORD-01278,Painkiller,1000,Standard,49.19,2,0.877,0.869,0.22,95.2,Beacon Pharmaceuticals
ORD-01279,Vaccine,1000,Medium,316.3,6,0.958,0.92,0.6,95.2,OmniHealth Labs
ORD-01280,Painkiller,500,High,43.55,2,0.844,0.828,0.06,97.2,Beacon Pharmaceuticals
ORD-01281,Vaccine,1000,Standard,304.11,8,0.908,0.897,1.04,94.4,Summit BioSolutions
ORD-01282,Painkiller,500,Medium,48.1,7,0.92,0.879,0.1,95.7,MediCore Labs
ORD-01283,Chemotherapy Agent,2500,Medium,433.45,4,0.857,0.851,0.33,97.6,Beacon Pharmaceuticals
ORD-01284,Cardiovascular Drug,5000,High,156.42,5,0.945,0.913,1.1,99.0,Aegis Health Supplies
ORD-01285,Cardiovascular Drug,500,Standard,166.19,7,1.0,0.909,0.62,95.9,Serum Horizon Global
ORD-01286,Antiviral,2500,Medium,185.71,6,0.948,0.794,0.4,94.0,Pulse Generic Pharma
ORD-01287,Vaccine,2500,High,303.76,4,0.901,0.919,1.08,99.5,Vanguard Pharma
ORD-01288,Cardiovascular Drug,5000,Medium,176.84,11,1.0,0.9,0.64,94.5,CryoSafe LifeSciences
ORD-01289,Antibiotic,2500,Standard,142.88,6,0.937,0.874,0.1,99.0,NovaCure Therapeutics
ORD-01290,Antiviral,5000,Standard,199.54,4,0.858,0.843,0.3,96.2,MediCore Labs
ORD-01291,Insulin,250,Medium,241.0,4,0.987,0.921,1.28,98.3,OmniHealth Labs
ORD-01292,Painkiller,1000,Medium,44.45,4,0.84,0.766,0.33,94.5,Beacon Pharmaceuticals
ORD-01293,Painkiller,1000,Medium,50.92,4,0.936,0.845,0.34,97.6,MediCore Labs
ORD-01294,Vaccine,250,Medium,312.07,8,0.885,0.872,0.4,96.3,Quantum Health Sciences
ORD-01295,Painkiller,1000,Standard,46.29,4,0.932,0.842,0.55,97.4,MediCore Labs
ORD-01296,Monoclonal Antibody,100,Medium,6151.72,4,0.947,0.908,1.41,95.8,Zenith LifeSciences
ORD-01297,Chemotherapy Agent,1000,High,594.98,1,1.0,0.895,0.35,94.1,Bharat BioLogics
ORD-01298,Painkiller,5000,Standard,40.8,9,0.916,0.884,0.25,92.8,Serum Horizon Global
ORD-01299,Monoclonal Antibody,500,High,4239.55,5,0.93,0.999,0.76,94.2,VitalCare Pharmaceuticals
ORD-01300,Antiviral,1000,Medium,188.68,4,0.889,0.888,0.28,97.7,Vanguard Pharma
ORD-01301,Antiviral,1000,Medium,202.34,3,0.821,0.892,0.18,95.8,Vanguard Pharma
ORD-01302,Immunosuppressant,250,Medium,337.29,6,0.9,0.915,1.34,96.1,Bharat BioLogics
ORD-01303,Vaccine,2500,Standard,399.08,7,0.889,0.912,0.27,96.5,Quantum Health Sciences
ORD-01304,Cardiovascular Drug,500,Standard,191.96,5,0.903,0.926,1.0,98.4,Aegis Health Supplies
ORD-01305,Cardiovascular Drug,500,Standard,152.3,4,0.944,0.935,1.24,98.4,Aegis Health Supplies
ORD-01306,Antibiotic,100,Medium,126.46,5,0.936,0.841,1.59,95.2,Zenith LifeSciences
ORD-01307,Antihistamine,100,Standard,56.14,4,0.828,0.9,0.29,96.9,Pulse Generic Pharma
ORD-01308,Chemotherapy Agent,500,Standard,470.79,8,1.0,0.951,0.36,96.9,GlobalRx Supply Chain
ORD-01309,Vaccine,1000,High,299.63,6,0.883,0.926,0.26,97.7,Quantum Health Sciences
ORD-01310,Monoclonal Antibody,1000,Medium,5553.63,7,0.907,0.961,0.48,93.8,CryoSafe LifeSciences
ORD-01311,Cardiovascular Drug,5000,Medium,157.14,9,0.98,0.912,0.38,94.8,CryoSafe LifeSciences
ORD-01312,Antibiotic,250,High,132.32,5,0.903,0.889,0.23,98.9,NovaCure Therapeutics
ORD-01313,Vaccine,100,Standard,369.47,7,0.881,0.901,0.65,98.1,Vanguard Pharma
ORD-01314,Cardiovascular Drug,2500,Medium,184.13,10,0.953,0.807,0.92,98.7,Quantum Health Sciences
ORD-01315,Antibiotic,250,Medium,134.93,9,0.989,1.0,0.65,97.2,PharmaTrust Global
ORD-01316,Antibiotic,100,High,133.18,8,0.943,0.913,1.6,92.4,Zenith LifeSciences
ORD-01317,Antiviral,2500,High,175.74,4,0.945,0.734,0.64,93.1,Pulse Generic Pharma
ORD-01318,Monoclonal Antibody,500,High,5349.53,4,0.876,0.926,1.24,94.2,Zenith LifeSciences
ORD-01319,Chemotherapy Agent,1000,Medium,511.34,7,0.943,0.879,0.88,98.9,Serum Horizon Global
ORD-01320,Painkiller,5000,Standard,47.99,1,0.844,0.87,0.47,96.2,Beacon Pharmaceuticals
ORD-01321,Painkiller,100,Medium,43.06,10,0.934,0.873,1.31,93.3,BioMatrix International
ORD-01322,Vaccine,5000,High,372.71,7,0.844,0.988,0.9,98.1,Vanguard Pharma
ORD-01323,Chemotherapy Agent,2500,Medium,383.93,9,0.907,0.929,0.44,95.7,GlobalRx Supply Chain
ORD-01324,Antibiotic,2500,Medium,121.72,8,0.957,0.87,0.45,98.1,PharmaTrust Global
ORD-01325,Cardiovascular Drug,250,Medium,157.91,5,0.954,0.921,1.22,97.9,Aegis Health Supplies
ORD-01326,Painkiller,1000,Standard,48.34,6,0.851,0.803,0.05,95.5,MediCore Labs
ORD-01327,Immunosuppressant,1000,Standard,430.11,9,0.936,0.913,0.28,95.3,CryoSafe LifeSciences
ORD-01328,Insulin,100,High,199.06,7,0.938,0.935,0.73,97.7,OmniHealth Labs
ORD-01329,Monoclonal Antibody,100,Standard,4627.09,6,0.781,0.96,1.26,99.8,Pulse Generic Pharma
ORD-01330,Chemotherapy Agent,100,High,437.97,1,0.88,0.892,0.46,95.7,Beacon Pharmaceuticals
ORD-01331,Insulin,100,Medium,238.52,7,0.903,0.904,0.41,96.0,VitalCare Pharmaceuticals
ORD-01332,Immunosuppressant,250,Medium,422.65,7,0.935,0.779,0.09,94.4,CryoSafe LifeSciences
ORD-01333,Chemotherapy Agent,1000,Standard,491.48,1,0.855,0.846,0.6,96.3,Beacon Pharmaceuticals
ORD-01334,Monoclonal Antibody,100,Medium,5413.47,7,0.964,0.967,1.17,97.3,MediCore Labs
ORD-01335,Antiviral,100,Medium,274.5,7,0.942,0.897,0.44,97.7,GlobalRx Supply Chain
ORD-01336,Painkiller,500,Medium,43.3,7,0.922,0.856,0.16,96.9,MediCore Labs
ORD-01337,Insulin,250,Standard,218.95,10,0.864,0.92,1.2,93.6,PharmaTrust Global
ORD-01338,Painkiller,5000,High,47.82,4,0.975,0.835,0.08,96.1,MediCore Labs
ORD-01339,Painkiller,500,Medium,51.65,11,1.0,0.89,1.06,93.3,BioMatrix International
ORD-01340,Antiviral,5000,High,225.48,3,0.819,0.951,0.89,93.1,Summit BioSolutions
ORD-01341,Immunosuppressant,5000,Medium,417.46,8,0.939,0.888,1.3,95.4,Bharat BioLogics
ORD-01342,Immunosuppressant,250,High,465.45,6,0.959,0.874,0.51,94.1,CryoSafe LifeSciences
ORD-01343,Antihistamine,5000,Medium,73.71,2,0.929,0.835,0.47,97.6,Aegis Health Supplies
ORD-01344,Vaccine,250,Medium,285.49,8,0.887,0.968,0.84,97.5,OmniHealth Labs
ORD-01345,Immunosuppressant,100,Medium,444.59,4,0.931,0.964,0.83,95.8,OmniHealth Labs
ORD-01346,Antihistamine,2500,High,60.1,5,0.91,0.861,0.35,96.0,Pulse Generic Pharma
ORD-01347,Painkiller,5000,High,52.83,6,0.971,0.814,0.01,95.9,MediCore Labs
ORD-01348,Vaccine,5000,High,356.36,4,0.903,0.984,0.72,99.9,Vanguard Pharma
ORD-01349,Painkiller,250,Medium,45.74,7,0.989,0.888,1.24,92.4,BioMatrix International
ORD-01350,Antiviral,1000,High,185.84,2,0.865,0.847,0.85,95.8,MediCore Labs
ORD-01351,Cardiovascular Drug,5000,Standard,161.19,7,0.925,0.937,1.12,98.1,Aegis Health Supplies
ORD-01352,Painkiller,2500,Medium,50.08,6,0.931,0.857,0.22,96.3,MediCore Labs
ORD-01353,Immunosuppressant,500,Medium,466.72,6,0.91,0.969,1.47,94.6,Bharat BioLogics
ORD-01354,Antiviral,100,Standard,222.88,3,0.835,0.95,0.01,95.8,Vanguard Pharma
ORD-01355,Cardiovascular Drug,250,Medium,155.95,9,0.96,0.871,0.24,96.4,CryoSafe LifeSciences
ORD-01356,Painkiller,2500,High,45.08,6,0.907,0.872,0.65,93.0,Serum Horizon Global
ORD-01357,Vaccine,2500,High,356.8,6,0.975,0.961,1.1,97.6,Vanguard Pharma
ORD-01358,Chemotherapy Agent,2500,Medium,492.43,11,1.0,0.912,0.06,95.4,GlobalRx Supply Chain
ORD-01359,Antiviral,2500,High,224.42,1,0.878,0.839,0.52,94.5,MediCore Labs
ORD-01360,Immunosuppressant,250,Medium,378.91,7,0.933,0.949,0.63,94.8,OmniHealth Labs
ORD-01361,Monoclonal Antibody,1000,Medium,6126.14,4,0.897,0.971,1.51,97.5,MediCore Labs
ORD-01362,Antibiotic,100,Medium,123.73,8,0.93,0.855,0.35,98.6,BioMatrix International
ORD-01363,Insulin,1000,High,228.01,4,0.951,0.929,0.6,96.4,VitalCare Pharmaceuticals
ORD-01364,Immunosuppressant,5000,Medium,334.83,4,0.821,0.944,0.46,93.4,OmniHealth Labs
ORD-01365,Monoclonal Antibody,5000,High,4190.39,1,0.861,1.0,0.82,92.8,VitalCare Pharmaceuticals
ORD-01366,Antihistamine,5000,Medium,61.34,3,0.871,0.893,0.32,99.1,Aegis Health Supplies
ORD-01367,Insulin,2500,Standard,263.01,7,0.912,0.98,0.47,96.5,VitalCare Pharmaceuticals
ORD-01368,Chemotherapy Agent,100,Standard,458.61,7,0.978,0.903,0.16,97.0,GlobalRx Supply Chain
ORD-01369,Cardiovascular Drug,250,High,205.71,4,0.952,0.876,0.53,92.7,Serum Horizon Global
ORD-01370,Antihistamine,2500,Medium,59.81,4,0.99,0.894,1.3,93.8,Summit BioSolutions
ORD-01371,Monoclonal Antibody,2500,Standard,5358.86,5,0.784,0.96,1.22,98.8,Pulse Generic Pharma
ORD-01372,Painkiller,250,Medium,40.17,5,0.991,0.889,0.01,98.4,MediCore Labs
ORD-01373,Antibiotic,250,Medium,130.08,6,0.932,0.974,0.67,99.3,PharmaTrust Global
ORD-01374,Insulin,5000,High,223.11,6,0.985,0.819,0.14,95.6,Apex BioPharma
ORD-01375,Antibiotic,5000,Standard,109.63,6,0.926,0.856,1.42,92.9,Zenith LifeSciences
ORD-01376,Antibiotic,250,Standard,131.26,10,0.931,0.913,0.52,97.9,PharmaTrust Global
ORD-01377,Monoclonal Antibody,500,High,6035.71,7,0.936,0.94,1.43,95.4,Zenith LifeSciences
ORD-01378,Monoclonal Antibody,1000,Standard,4883.62,1,0.934,0.923,0.81,92.9,VitalCare Pharmaceuticals
ORD-01379,Painkiller,250,High,47.21,1,0.898,0.882,0.01,97.0,Beacon Pharmaceuticals
ORD-01380,Immunosuppressant,2500,Standard,379.09,3,0.963,0.967,0.55,95.2,OmniHealth Labs
ORD-01381,Vaccine,250,Standard,350.44,6,0.865,0.871,0.25,96.5,Quantum Health Sciences
ORD-01382,Antihistamine,250,High,52.9,3,0.91,0.814,1.68,94.6,Summit BioSolutions
ORD-01383,Monoclonal Antibody,1000,High,5996.99,7,1.0,0.935,1.36,96.9,MediCore Labs
ORD-01384,Chemotherapy Agent,1000,Medium,512.65,2,0.994,0.975,0.76,95.2,Bharat BioLogics
ORD-01385,Antiviral,2500,Medium,207.24,6,0.914,0.896,0.15,99.1,Vanguard Pharma
ORD-01386,Cardiovascular Drug,250,Medium,174.76,6,0.907,0.941,1.07,98.9,Aegis Health Supplies
ORD-01387,Monoclonal Antibody,2500,Medium,4545.15,7,0.862,0.915,1.1,99.0,Pulse Generic Pharma
ORD-01388,Monoclonal Antibody,100,Medium,4925.95,6,0.987,0.95,1.15,97.2,MediCore Labs
ORD-01389,Cardiovascular Drug,2500,Standard,164.34,4,0.93,0.949,0.79,96.4,Aegis Health Supplies
ORD-01390,Antiviral,500,Standard,241.0,9,0.892,0.919,0.13,100.0,GlobalRx Supply Chain
ORD-01391,Painkiller,1000,Medium,49.0,4,0.895,0.793,0.26,95.0,Beacon Pharmaceuticals
ORD-01392,Antibiotic,250,Standard,118.28,6,0.932,0.903,0.36,96.1,PharmaTrust Global
ORD-01393,Antibiotic,2500,Medium,125.46,9,0.967,0.94,0.49,95.6,PharmaTrust Global
ORD-01394,Monoclonal Antibody,100,Medium,5451.15,4,1.0,1.0,1.27,97.1,MediCore Labs
ORD-01395,Cardiovascular Drug,100,High,196.23,5,0.996,0.794,0.28,93.5,Serum Horizon Global
ORD-01396,Monoclonal Antibody,2500,Medium,4799.96,4,0.906,0.936,0.79,92.3,VitalCare Pharmaceuticals
ORD-01397,Antihistamine,250,Medium,54.97,11,0.896,0.974,1.03,97.8,NovaCure Therapeutics
ORD-01398,Insulin,2500,High,197.56,6,0.821,0.945,1.17,94.5,PharmaTrust Global
ORD-01399,Antihistamine,5000,Medium,59.84,6,0.904,0.836,0.35,95.9,Pulse Generic Pharma
ORD-01400,Cardiovascular Drug,250,Medium,192.71,8,0.991,0.875,0.58,96.4,Serum Horizon Global
ORD-01401,Antibiotic,1000,High,129.27,8,0.956,0.939,1.0,96.7,Bharat BioLogics
ORD-01402,Antibiotic,250,Medium,129.21,7,0.871,0.831,1.53,94.6,Zenith LifeSciences
ORD-01403,Chemotherapy Agent,250,High,579.25,5,0.947,0.935,0.64,93.5,Bharat BioLogics
ORD-01404,Antiviral,5000,Medium,205.16,6,0.858,0.865,0.14,97.3,Vanguard Pharma
ORD-01405,Cardiovascular Drug,5000,High,191.47,7,0.831,0.834,0.76,97.3,NovaCure Therapeutics
ORD-01406,Vaccine,1000,Standard,291.86,7,0.942,0.966,0.8,97.4,OmniHealth Labs
ORD-01407,Antiviral,1000,Standard,220.64,11,0.923,0.909,0.44,97.4,GlobalRx Supply Chain
ORD-01408,Insulin,2500,Medium,216.79,8,0.878,0.928,0.9,93.1,PharmaTrust Global
ORD-01409,Cardiovascular Drug,500,Standard,185.16,7,0.845,0.925,0.36,98.9,NovaCure Therapeutics
ORD-01410,Immunosuppressant,100,Standard,361.2,3,0.937,0.987,0.26,93.3,OmniHealth Labs
ORD-01411,Antibiotic,2500,High,145.86,7,0.911,0.833,0.34,97.4,BioMatrix International
ORD-01412,Antiviral,250,Standard,190.39,7,0.977,0.774,0.11,94.5,Pulse Generic Pharma
ORD-01413,Antiviral,5000,Medium,225.75,5,0.897,0.882,0.66,95.2,MediCore Labs
ORD-01414,Antibiotic,1000,Medium,141.92,7,1.0,0.919,0.55,99.3,PharmaTrust Global
ORD-01415,Monoclonal Antibody,250,Medium,6279.31,6,0.937,0.981,1.13,95.2,MediCore Labs
ORD-01416,Antibiotic,100,Medium,144.17,5,0.934,0.917,1.26,96.0,Bharat BioLogics
ORD-01417,Cardiovascular Drug,5000,Medium,187.23,6,0.9,0.916,1.33,97.7,Aegis Health Supplies
ORD-01418,Monoclonal Antibody,100,High,5690.12,5,0.851,0.929,1.22,95.6,Zenith LifeSciences
ORD-01419,Immunosuppressant,1000,High,425.29,5,0.869,0.892,1.01,99.5,VitalCare Pharmaceuticals
ORD-01420,Monoclonal Antibody,500,High,4020.83,2,0.924,0.936,0.93,95.4,VitalCare Pharmaceuticals
ORD-01421,Cardiovascular Drug,100,Standard,146.19,8,0.963,0.917,0.86,98.3,Aegis Health Supplies
ORD-01422,Insulin,2500,High,234.37,5,0.894,0.962,0.27,99.3,VitalCare Pharmaceuticals
ORD-01423,Monoclonal Antibody,250,Medium,5803.46,4,0.925,0.908,1.59,98.0,MediCore Labs
ORD-01424,Vaccine,500,Standard,253.3,8,0.91,0.937,0.81,94.1,OmniHealth Labs
ORD-01425,Insulin,500,Medium,246.81,7,0.849,0.984,1.11,93.5,PharmaTrust Global
ORD-01426,Immunosuppressant,100,Standard,364.98,3,0.938,0.964,0.81,95.2,OmniHealth Labs
ORD-01427,Painkiller,5000,Medium,36.14,4,0.84,0.838,0.36,94.6,Beacon Pharmaceuticals
ORD-01428,Monoclonal Antibody,2500,Medium,4636.74,4,0.908,0.933,1.19,97.3,Pulse Generic Pharma
ORD-01429,Vaccine,500,Medium,263.12,4,0.887,0.992,0.14,94.1,BioMatrix International
ORD-01430,Vaccine,2500,Medium,333.84,6,0.899,1.0,0.89,97.1,Vanguard Pharma
ORD-01431,Insulin,2500,High,259.11,7,0.77,0.895,1.18,99.0,Beacon Pharmaceuticals
ORD-01432,Immunosuppressant,250,Medium,416.66,9,0.905,0.845,1.33,98.7,VitalCare Pharmaceuticals
ORD-01433,Immunosuppressant,500,High,348.89,3,0.957,0.928,0.82,94.8,OmniHealth Labs
ORD-01434,Insulin,2500,High,216.14,6,0.923,0.953,0.54,97.8,VitalCare Pharmaceuticals
ORD-01435,Vaccine,500,Standard,334.39,7,0.906,0.953,0.57,93.6,BioMatrix International
ORD-01436,Monoclonal Antibody,100,High,5953.79,4,0.928,0.931,1.4,94.0,Zenith LifeSciences
ORD-01437,Painkiller,5000,Medium,40.65,1,0.929,0.817,0.35,96.5,Beacon Pharmaceuticals
ORD-01438,Cardiovascular Drug,250,Standard,195.84,9,0.934,0.839,0.37,96.6,Quantum Health Sciences
ORD-01439,Cardiovascular Drug,250,Standard,167.76,5,0.91,0.915,0.81,98.7,Aegis Health Supplies
ORD-01440,Monoclonal Antibody,2500,Medium,5038.17,8,0.829,0.948,1.22,99.5,Pulse Generic Pharma
ORD-01441,Insulin,100,Medium,237.52,4,0.982,0.954,0.43,97.1,VitalCare Pharmaceuticals
ORD-01442,Antiviral,5000,High,219.99,8,0.966,0.801,0.66,93.8,Pulse Generic Pharma
ORD-01443,Antibiotic,500,Medium,135.0,4,0.933,0.909,0.62,98.9,NovaCure Therapeutics
ORD-01444,Antibiotic,500,High,149.26,5,0.888,0.802,0.46,99.6,NovaCure Therapeutics
ORD-01445,Vaccine,5000,Medium,290.27,8,0.935,0.952,1.15,95.0,Summit BioSolutions
ORD-01446,Antiviral,1000,Standard,224.76,11,0.967,0.89,0.23,98.8,GlobalRx Supply Chain
ORD-01447,Cardiovascular Drug,500,High,171.9,4,0.921,0.913,1.14,96.6,Aegis Health Supplies
ORD-01448,Antiviral,5000,Medium,174.07,6,0.818,0.841,0.32,96.5,Vanguard Pharma
ORD-01449,Painkiller,100,Standard,44.93,5,0.863,0.811,0.8,98.8,Apex BioPharma
ORD-01450,Antibiotic,2500,Standard,120.67,8,0.889,0.859,1.49,93.2,Zenith LifeSciences
ORD-01451,Cardiovascular Drug,2500,High,216.43,6,0.985,0.881,0.92,95.8,Serum Horizon Global
ORD-01452,Antibiotic,250,Standard,120.21,7,0.895,0.892,0.51,95.9,PharmaTrust Global
ORD-01453,Antibiotic,100,Medium,157.29,5,0.903,0.87,0.05,98.3,NovaCure Therapeutics
ORD-01454,Insulin,2500,Standard,256.45,7,1.0,0.888,0.2,97.2,Apex BioPharma
ORD-01455,Insulin,250,Standard,221.11,4,0.959,0.872,0.54,96.2,VitalCare Pharmaceuticals
ORD-01456,Chemotherapy Agent,100,High,565.2,1,0.956,0.911,0.26,94.6,Bharat BioLogics
ORD-01457,Chemotherapy Agent,1000,Standard,477.22,7,1.0,0.913,0.01,95.6,GlobalRx Supply Chain
ORD-01458,Painkiller,100,Medium,51.43,4,0.939,0.81,0.2,99.2,MediCore Labs
ORD-01459,Immunosuppressant,2500,High,456.56,6,0.875,0.916,1.13,99.1,VitalCare Pharmaceuticals
ORD-01460,Monoclonal Antibody,500,High,5719.49,4,0.936,0.968,1.08,94.2,Zenith LifeSciences
ORD-01461,Vaccine,2500,Standard,231.58,6,0.942,0.969,0.64,97.1,OmniHealth Labs
ORD-01462,Insulin,1000,High,241.25,6,0.956,0.905,0.28,98.3,VitalCare Pharmaceuticals
ORD-01463,Antibiotic,250,Medium,135.84,6,0.97,0.908,0.48,97.3,PharmaTrust Global
ORD-01464,Antibiotic,500,Medium,127.84,9,0.949,0.811,0.96,95.3,Bharat BioLogics
ORD-01465,Antihistamine,1000,Medium,55.13,5,0.909,0.844,0.07,94.2,Pulse Generic Pharma
ORD-01466,Vaccine,5000,Standard,304.43,8,0.897,1.0,0.58,98.1,OmniHealth Labs
ORD-01467,Vaccine,100,Standard,340.84,6,0.934,0.967,0.23,95.6,Quantum Health Sciences
ORD-01468,Immunosuppressant,500,Medium,393.02,6,0.876,0.994,0.82,94.8,OmniHealth Labs
ORD-01469,Painkiller,1000,High,43.12,6,0.834,0.836,0.88,98.2,Apex BioPharma
ORD-01470,Antibiotic,500,Standard,128.92,7,0.921,0.887,0.36,96.4,BioMatrix International
ORD-01471,Antiviral,500,High,245.69,10,0.847,0.905,0.09,99.1,GlobalRx Supply Chain
ORD-01472,Antiviral,2500,Medium,196.02,4,0.859,0.892,0.01,96.0,Vanguard Pharma
ORD-01473,Vaccine,500,Medium,296.56,8,0.921,0.96,0.46,97.0,OmniHealth Labs
ORD-01474,Antihistamine,1000,Medium,58.29,7,0.934,0.895,1.21,97.5,NovaCure Therapeutics
ORD-01475,Insulin,5000,Medium,222.1,4,1.0,0.851,0.43,94.5,Apex BioPharma
ORD-01476,Cardiovascular Drug,1000,Standard,167.43,4,0.902,0.951,0.8,98.4,Aegis Health Supplies
ORD-01477,Chemotherapy Agent,1000,High,543.5,1,0.968,0.893,0.17,94.3,Bharat BioLogics
ORD-01478,Antihistamine,100,Standard,54.12,4,0.911,0.855,1.34,94.2,Summit BioSolutions
ORD-01479,Painkiller,250,High,46.42,7,0.955,0.76,0.02,94.9,MediCore Labs
ORD-01480,Antihistamine,1000,High,65.66,11,0.917,0.995,1.17,98.3,NovaCure Therapeutics
ORD-01481,Immunosuppressant,2500,Medium,379.75,4,0.924,0.945,0.69,94.2,OmniHealth Labs
ORD-01482,Insulin,1000,High,290.71,5,1.0,0.929,0.4,96.1,Apex BioPharma
ORD-01483,Antiviral,2500,High,203.48,4,0.982,0.865,0.54,94.8,Pulse Generic Pharma
ORD-01484,Cardiovascular Drug,250,Medium,196.7,9,0.853,0.89,0.64,98.6,NovaCure Therapeutics
ORD-01485,Monoclonal Antibody,250,Medium,5085.58,11,0.831,0.868,0.9,92.6,CryoSafe LifeSciences
ORD-01486,Antihistamine,2500,Standard,63.88,5,0.881,0.939,0.63,94.3,Zenith LifeSciences
ORD-01487,Antihistamine,250,Medium,49.13,11,0.934,0.931,1.17,97.6,NovaCure Therapeutics
ORD-01488,Chemotherapy Agent,100,Standard,462.37,11,0.871,0.912,1.1,99.7,Serum Horizon Global
ORD-01489,Antibiotic,5000,Medium,127.06,6,0.955,0.905,0.43,96.8,PharmaTrust Global
ORD-01490,Immunosuppressant,1000,Standard,402.09,8,0.924,0.826,0.19,94.4,CryoSafe LifeSciences
ORD-01491,Antihistamine,1000,Medium,60.54,7,0.819,0.95,1.22,98.5,NovaCure Therapeutics
ORD-01492,Cardiovascular Drug,500,Medium,166.5,6,0.983,0.938,1.36,98.4,Aegis Health Supplies
ORD-01493,Immunosuppressant,500,Medium,380.17,5,0.908,0.944,0.92,92.1,OmniHealth Labs
ORD-01494,Immunosuppressant,2500,High,409.4,4,0.899,0.975,0.49,92.9,OmniHealth Labs
ORD-01495,Monoclonal Antibody,250,Medium,6159.73,4,0.889,0.941,1.2,94.2,Zenith LifeSciences
ORD-01496,Immunosuppressant,500,Standard,348.24,7,0.912,0.991,0.7,93.2,OmniHealth Labs
ORD-01497,Monoclonal Antibody,2500,Standard,5480.36,4,0.977,0.925,1.32,96.2,MediCore Labs
ORD-01498,Monoclonal Antibody,100,Standard,4992.69,5,0.936,0.903,1.02,94.5,VitalCare Pharmaceuticals
ORD-01499,Cardiovascular Drug,100,Medium,202.6,6,0.945,0.812,0.75,94.3,Serum Horizon Global
ORD-01500,Antibiotic,5000,Medium,129.81,5,0.959,0.842,0.43,97.3,NovaCure Therapeutics
ORD-01501,Antiviral,1000,High,174.54,2,0.873,0.875,0.31,95.5,MediCore Labs
ORD-01502,Antihistamine,100,Standard,56.15,6,0.895,0.758,0.5,96.1,Pulse Generic Pharma
ORD-01503,Insulin,1000,Standard,223.33,8,0.838,0.939,1.32,94.7,PharmaTrust Global
ORD-01504,Vaccine,500,High,248.74,5,0.885,0.965,0.57,95.1,OmniHealth Labs
ORD-01505,Chemotherapy Agent,2500,High,605.87,11,0.865,0.915,1.07,100.0,Serum Horizon Global
ORD-01506,Monoclonal Antibody,2500,High,5978.54,4,0.983,0.947,0.98,97.5,MediCore Labs
ORD-01507,Vaccine,2500,Medium,332.23,9,0.964,0.882,0.41,97.0,Quantum Health Sciences
ORD-01508,Vaccine,500,Medium,273.14,9,0.927,0.939,0.88,98.8,OmniHealth Labs
ORD-01509,Vaccine,100,Medium,246.46,7,0.898,0.99,0.78,99.1,OmniHealth Labs
ORD-01510,Antiviral,100,Medium,199.1,6,0.947,0.85,0.57,91.4,Pulse Generic Pharma
ORD-01511,Chemotherapy Agent,250,Medium,454.02,7,0.94,0.902,0.01,95.3,GlobalRx Supply Chain
ORD-01512,Antibiotic,100,High,144.4,7,0.968,0.918,0.68,96.2,PharmaTrust Global
ORD-01513,Monoclonal Antibody,250,Medium,4336.92,3,0.804,0.94,0.78,95.1,VitalCare Pharmaceuticals
ORD-01514,Painkiller,5000,High,47.53,4,0.963,0.849,0.39,97.7,MediCore Labs
ORD-01515,Monoclonal Antibody,2500,High,6076.58,8,0.961,0.902,0.55,94.0,CryoSafe LifeSciences
ORD-01516,Chemotherapy Agent,1000,High,499.76,4,0.982,0.939,0.41,94.4,Bharat BioLogics
ORD-01517,Vaccine,2500,Standard,286.38,6,0.881,0.95,1.07,97.8,OmniHealth Labs
ORD-01518,Vaccine,1000,High,293.98,5,0.927,0.944,0.43,97.2,OmniHealth Labs
ORD-01519,Chemotherapy Agent,500,High,479.44,11,0.905,0.919,1.38,100.0,Serum Horizon Global
ORD-01520,Antihistamine,2500,Medium,52.85,3,0.977,0.841,0.28,98.4,Aegis Health Supplies
ORD-01521,Chemotherapy Agent,500,Standard,490.99,5,0.907,0.871,0.73,95.4,Bharat BioLogics
ORD-01522,Insulin,2500,Medium,272.54,6,0.893,0.937,0.45,96.9,VitalCare Pharmaceuticals
ORD-01523,Insulin,250,High,241.33,4,0.948,0.922,1.23,99.4,OmniHealth Labs
ORD-01524,Painkiller,100,Medium,39.19,3,0.866,0.85,0.25,95.5,Beacon Pharmaceuticals
ORD-01525,Antiviral,100,High,231.93,8,1.0,0.82,0.68,94.7,Pulse Generic Pharma
ORD-01526,Painkiller,500,Standard,44.91,7,0.956,0.783,0.1,96.4,MediCore Labs
ORD-01527,Antibiotic,2500,High,152.95,4,0.994,0.853,0.25,98.5,NovaCure Therapeutics
ORD-01528,Antihistamine,5000,High,61.22,3,0.874,0.881,0.02,94.3,Pulse Generic Pharma
ORD-01529,Antibiotic,500,Medium,140.83,5,0.944,0.92,0.2,99.4,NovaCure Therapeutics
ORD-01530,Antiviral,2500,Medium,188.07,6,0.941,0.85,0.5,94.0,Pulse Generic Pharma
ORD-01531,Immunosuppressant,100,Medium,373.97,3,0.926,0.968,0.56,95.4,OmniHealth Labs
ORD-01532,Monoclonal Antibody,500,High,5451.58,4,0.872,0.964,0.69,98.1,MediCore Labs
ORD-01533,Chemotherapy Agent,500,Medium,505.27,11,0.88,0.985,1.37,99.4,Serum Horizon Global
ORD-01534,Chemotherapy Agent,100,Medium,438.13,3,0.89,0.861,0.01,95.2,Beacon Pharmaceuticals
ORD-01535,Antihistamine,500,Medium,57.34,2,0.902,0.842,0.36,95.9,Aegis Health Supplies
ORD-01536,Antibiotic,500,Medium,140.98,7,0.987,0.861,1.09,97.3,Bharat BioLogics
ORD-01537,Immunosuppressant,500,Medium,417.01,8,0.919,0.862,0.25,93.5,CryoSafe LifeSciences
ORD-01538,Monoclonal Antibody,250,Standard,5087.22,10,0.891,0.908,0.78,94.4,CryoSafe LifeSciences
ORD-01539,Chemotherapy Agent,100,Medium,428.78,9,0.844,0.888,0.77,94.4,Apex BioPharma
ORD-01540,Painkiller,2500,Medium,44.58,6,0.954,0.894,0.04,98.2,MediCore Labs
ORD-01541,Painkiller,1000,Standard,46.09,11,0.971,0.817,1.09,92.2,BioMatrix International
ORD-01542,Insulin,250,High,248.72,10,0.837,0.926,1.14,92.6,PharmaTrust Global
ORD-01543,Antibiotic,500,High,146.2,2,0.965,0.881,0.21,100.0,NovaCure Therapeutics
ORD-01544,Cardiovascular Drug,500,High,195.41,10,0.829,0.912,0.25,98.8,NovaCure Therapeutics
ORD-01545,Antihistamine,1000,Medium,57.35,2,0.893,0.806,0.75,96.9,Aegis Health Supplies
ORD-01546,Chemotherapy Agent,2500,High,434.75,2,0.832,0.87,0.27,95.6,Beacon Pharmaceuticals
ORD-01547,Chemotherapy Agent,100,High,513.51,3,0.958,0.903,0.76,93.8,Bharat BioLogics
ORD-01548,Insulin,100,High,257.91,4,0.967,0.915,1.3,96.8,OmniHealth Labs
ORD-01549,Chemotherapy Agent,2500,Standard,478.53,8,0.989,0.884,0.56,95.8,GlobalRx Supply Chain
ORD-01550,Vaccine,2500,Standard,267.1,8,0.907,0.975,0.65,95.9,OmniHealth Labs
ORD-01551,Immunosuppressant,250,Standard,337.41,7,0.951,0.778,0.24,95.4,CryoSafe LifeSciences
ORD-01552,Antibiotic,1000,Medium,128.0,8,0.955,0.939,1.21,94.9,Bharat BioLogics
ORD-01553,Antibiotic,5000,Standard,126.01,6,0.933,0.887,0.63,96.2,PharmaTrust Global
ORD-01554,Painkiller,2500,High,46.53,9,0.946,0.888,0.6,90.9,Serum Horizon Global
ORD-01555,Painkiller,5000,Standard,42.55,4,0.876,0.871,0.27,95.8,Beacon Pharmaceuticals
ORD-01556,Monoclonal Antibody,100,Medium,5640.57,4,0.985,0.935,1.42,96.8,MediCore Labs
ORD-01557,Antihistamine,500,Medium,56.1,7,0.906,0.957,0.59,94.2,Zenith LifeSciences
ORD-01558,Chemotherapy Agent,1000,High,430.78,9,0.9,0.923,1.22,100.0,Serum Horizon Global
ORD-01559,Antibiotic,5000,High,144.56,3,0.944,0.868,0.48,100.0,NovaCure Therapeutics
ORD-01560,Cardiovascular Drug,250,High,160.36,9,0.894,0.89,0.66,93.8,CryoSafe LifeSciences
ORD-01561,Chemotherapy Agent,5000,High,565.51,2,0.924,0.897,0.26,95.7,Bharat BioLogics
ORD-01562,Painkiller,250,Standard,46.2,8,0.962,0.824,1.0,93.7,BioMatrix International
ORD-01563,Insulin,2500,High,245.1,7,0.977,0.94,0.31,96.7,VitalCare Pharmaceuticals
ORD-01564,Monoclonal Antibody,1000,Medium,5908.11,10,0.943,0.943,0.55,95.8,CryoSafe LifeSciences
ORD-01565,Insulin,100,High,266.62,4,1.0,0.877,0.14,97.3,Apex BioPharma
ORD-01566,Vaccine,250,Standard,300.67,7,0.893,0.93,0.88,100.0,Vanguard Pharma
ORD-01567,Monoclonal Antibody,1000,Standard,4886.27,4,0.867,0.964,0.87,94.3,VitalCare Pharmaceuticals
ORD-01568,Chemotherapy Agent,500,High,646.39,1,0.948,0.897,0.4,95.3,Bharat BioLogics
ORD-01569,Antibiotic,5000,High,114.21,7,0.945,0.99,0.51,98.4,PharmaTrust Global
ORD-01570,Cardiovascular Drug,2500,Standard,158.37,4,0.931,0.824,1.12,98.6,Aegis Health Supplies
ORD-01571,Immunosuppressant,250,High,450.9,10,0.979,1.0,1.11,93.5,Bharat BioLogics
ORD-01572,Immunosuppressant,5000,High,391.59,5,0.849,0.955,1.09,100.0,VitalCare Pharmaceuticals
ORD-01573,Antibiotic,100,Medium,132.54,5,0.921,0.87,0.42,97.6,NovaCure Therapeutics
ORD-01574,Monoclonal Antibody,250,Standard,4853.01,5,0.964,0.938,0.85,93.2,VitalCare Pharmaceuticals
ORD-01575,Chemotherapy Agent,2500,Standard,463.68,11,0.883,0.92,1.39,100.0,Serum Horizon Global
ORD-01576,Antiviral,2500,Standard,194.9,3,0.869,0.903,0.19,96.8,Vanguard Pharma
ORD-01577,Antibiotic,100,Medium,140.36,3,0.987,0.85,0.22,98.1,NovaCure Therapeutics
ORD-01578,Antihistamine,5000,Standard,64.44,3,0.922,0.817,0.01,94.8,Pulse Generic Pharma
ORD-01579,Antibiotic,5000,Standard,135.48,7,0.954,0.954,0.49,96.9,PharmaTrust Global
ORD-01580,Painkiller,500,Medium,49.17,2,0.903,0.871,0.41,95.4,Beacon Pharmaceuticals
ORD-01581,Insulin,2500,Medium,222.79,5,1.0,0.839,0.51,95.5,Apex BioPharma
ORD-01582,Insulin,5000,Medium,273.26,7,0.808,0.92,1.24,98.9,Beacon Pharmaceuticals
ORD-01583,Painkiller,1000,Standard,44.98,5,0.853,0.754,0.7,95.5,Beacon Pharmaceuticals
ORD-01584,Antiviral,250,High,175.83,1,0.909,0.882,0.73,95.1,MediCore Labs
ORD-01585,Antihistamine,5000,Standard,54.36,3,0.927,0.876,1.32,92.2,Summit BioSolutions
ORD-01586,Chemotherapy Agent,5000,Medium,486.24,2,0.842,0.88,0.3,96.1,Beacon Pharmaceuticals
ORD-01587,Monoclonal Antibody,500,Medium,5257.23,7,1.0,0.947,1.2,97.6,MediCore Labs
ORD-01588,Chemotherapy Agent,500,High,507.17,4,0.909,0.876,0.52,95.7,Bharat BioLogics
ORD-01589,Antihistamine,250,Medium,60.03,6,0.85,0.903,0.57,96.6,Aegis Health Supplies
ORD-01590,Insulin,500,High,210.45,4,0.976,0.986,0.83,96.0,OmniHealth Labs
ORD-01591,Painkiller,5000,High,42.52,8,0.856,0.906,0.56,96.8,Apex BioPharma
ORD-01592,Cardiovascular Drug,250,High,191.15,6,1.0,0.871,0.66,94.3,Serum Horizon Global
ORD-01593,Antibiotic,500,Standard,133.32,6,0.879,0.884,1.22,96.6,Bharat BioLogics
ORD-01594,Antibiotic,500,Standard,118.06,8,0.975,0.987,0.55,97.1,PharmaTrust Global
ORD-01595,Insulin,500,Standard,217.62,4,0.977,0.899,0.28,95.0,Apex BioPharma
ORD-01596,Antiviral,100,High,221.57,3,0.902,0.943,0.94,96.1,Summit BioSolutions
ORD-01597,Antihistamine,500,High,67.52,6,0.892,0.812,0.71,99.7,Aegis Health Supplies
ORD-01598,Painkiller,500,Standard,44.62,4,0.831,0.822,0.14,94.1,Beacon Pharmaceuticals
ORD-01599,Antibiotic,250,Standard,125.58,8,0.983,0.923,0.41,96.7,PharmaTrust Global
ORD-01600,Antihistamine,250,Standard,56.43,5,0.931,0.851,0.09,95.2,Pulse Generic Pharma
ORD-01601,Immunosuppressant,250,Medium,326.31,4,0.909,0.97,0.38,93.3,OmniHealth Labs
ORD-01602,Monoclonal Antibody,2500,Medium,4479.38,1,0.886,0.967,0.94,91.8,VitalCare Pharmaceuticals
ORD-01603,Vaccine,500,High,331.13,6,0.801,0.938,0.41,92.7,BioMatrix International
ORD-01604,Antiviral,5000,Medium,209.88,3,0.869,0.927,0.17,98.2,Vanguard Pharma
ORD-01605,Cardiovascular Drug,250,High,246.66,5,0.954,0.908,0.59,93.9,Serum Horizon Global
ORD-01606,Monoclonal Antibody,250,Medium,5045.64,7,0.86,0.913,1.2,96.7,Zenith LifeSciences
ORD-01607,Painkiller,100,High,45.62,6,0.924,0.838,0.64,97.6,MediCore Labs
ORD-01608,Monoclonal Antibody,5000,High,4018.12,4,0.898,0.951,0.94,93.3,VitalCare Pharmaceuticals
ORD-01609,Chemotherapy Agent,250,Medium,463.99,3,0.885,0.728,0.29,95.9,Beacon Pharmaceuticals
ORD-01610,Painkiller,5000,Medium,42.82,4,0.883,0.8,0.16,97.4,MediCore Labs
ORD-01611,Chemotherapy Agent,5000,High,448.42,8,0.955,0.904,0.99,100.0,Serum Horizon Global
ORD-01612,Antibiotic,500,Medium,128.56,10,0.927,0.964,0.4,95.4,PharmaTrust Global
ORD-01613,Antibiotic,1000,High,139.45,2,0.97,0.84,0.42,99.6,NovaCure Therapeutics
ORD-01614,Immunosuppressant,2500,Medium,337.78,4,0.892,0.961,0.85,93.4,OmniHealth Labs
ORD-01615,Antibiotic,5000,High,152.33,4,0.945,0.862,0.55,97.3,NovaCure Therapeutics
ORD-01616,Antiviral,100,Standard,220.58,5,0.903,0.877,0.25,94.8,MediCore Labs
ORD-01617,Insulin,100,Standard,203.5,5,0.979,0.993,1.39,98.5,OmniHealth Labs
ORD-01618,Vaccine,2500,Standard,318.12,8,0.909,0.882,0.04,97.6,Quantum Health Sciences
ORD-01619,Antibiotic,100,High,152.08,5,1.0,0.911,0.31,98.3,NovaCure Therapeutics
ORD-01620,Antibiotic,2500,High,117.61,8,0.969,0.95,0.6,96.5,PharmaTrust Global
ORD-01621,Antiviral,500,High,196.83,2,0.888,0.859,0.27,95.3,MediCore Labs
ORD-01622,Antibiotic,250,High,138.11,6,0.938,0.889,0.63,97.5,PharmaTrust Global
ORD-01623,Antibiotic,1000,Medium,109.1,7,0.937,0.935,0.36,97.6,PharmaTrust Global
ORD-01624,Painkiller,100,Standard,46.88,8,0.962,0.826,0.01,96.8,MediCore Labs
ORD-01625,Painkiller,1000,High,46.27,2,0.897,0.865,0.22,96.6,Beacon Pharmaceuticals
ORD-01626,Immunosuppressant,500,Medium,345.71,9,0.963,0.903,1.59,94.4,Bharat BioLogics
ORD-01627,Antihistamine,250,Medium,53.69,5,0.895,1.0,0.45,95.4,Zenith LifeSciences
ORD-01628,Monoclonal Antibody,500,High,4177.15,5,0.913,0.95,0.95,93.2,VitalCare Pharmaceuticals
ORD-01629,Chemotherapy Agent,1000,Medium,545.31,4,1.0,0.842,0.58,94.2,Bharat BioLogics
ORD-01630,Monoclonal Antibody,250,Medium,5496.89,6,0.862,0.957,1.43,94.5,Zenith LifeSciences
ORD-01631,Antihistamine,250,Medium,67.95,6,0.894,0.84,0.72,96.5,Aegis Health Supplies
ORD-01632,Cardiovascular Drug,100,Standard,149.97,10,0.962,0.899,0.54,95.4,CryoSafe LifeSciences
ORD-01633,Monoclonal Antibody,500,Standard,4418.91,4,0.882,0.862,0.88,97.8,Pulse Generic Pharma
ORD-01634,Insulin,5000,Medium,224.89,6,0.969,0.892,1.31,99.1,OmniHealth Labs
ORD-01635,Cardiovascular Drug,5000,Medium,184.19,9,0.926,0.83,0.5,97.2,Quantum Health Sciences
ORD-01636,Vaccine,250,Medium,265.07,9,0.905,0.953,0.88,97.6,OmniHealth Labs
ORD-01637,Cardiovascular Drug,100,Medium,160.44,7,0.914,0.937,0.86,99.8,Aegis Health Supplies
ORD-01638,Painkiller,5000,Medium,43.22,4,0.903,0.819,0.82,98.4,Apex BioPharma
ORD-01639,Chemotherapy Agent,500,Medium,432.02,3,0.894,0.871,0.16,97.0,Beacon Pharmaceuticals
ORD-01640,Insulin,250,Standard,184.02,4,0.949,0.966,1.21,98.2,OmniHealth Labs
ORD-01641,Antiviral,100,Medium,207.14,5,0.837,0.897,0.48,97.4,Vanguard Pharma
ORD-01642,Antiviral,1000,Standard,209.87,2,0.909,0.769,0.62,95.5,MediCore Labs
ORD-01643,Immunosuppressant,250,High,403.93,3,0.917,0.929,0.64,95.5,OmniHealth Labs
ORD-01644,Chemotherapy Agent,1000,Medium,557.86,3,0.943,1.0,0.54,94.6,Bharat BioLogics
ORD-01645,Painkiller,5000,Standard,42.57,4,0.961,0.872,0.01,96.5,MediCore Labs
ORD-01646,Cardiovascular Drug,500,High,136.66,6,0.93,0.963,1.13,97.2,Aegis Health Supplies
ORD-01647,Immunosuppressant,1000,High,354.77,4,0.937,0.993,0.41,92.9,OmniHealth Labs
ORD-01648,Painkiller,1000,High,44.51,8,0.841,0.831,0.68,96.8,Apex BioPharma
ORD-01649,Antibiotic,5000,Medium,123.83,2,1.0,0.86,0.24,98.6,NovaCure Therapeutics
ORD-01650,Antiviral,500,Medium,176.86,3,0.922,0.883,0.38,98.4,Vanguard Pharma
ORD-01651,Antibiotic,5000,Standard,128.49,4,0.954,0.893,0.34,98.0,NovaCure Therapeutics
ORD-01652,Antihistamine,2500,Standard,64.36,3,0.917,0.868,0.13,97.3,Aegis Health Supplies
ORD-01653,Immunosuppressant,500,Medium,423.19,7,0.913,0.876,0.24,94.8,CryoSafe LifeSciences
ORD-01654,Antiviral,250,Medium,202.82,6,0.906,0.909,0.11,95.8,Vanguard Pharma
ORD-01655,Insulin,100,Standard,235.62,8,0.968,0.923,0.42,97.5,VitalCare Pharmaceuticals
ORD-01656,Insulin,100,Medium,246.64,4,0.948,0.859,1.13,98.0,OmniHealth Labs
ORD-01657,Monoclonal Antibody,250,Medium,4473.6,3,0.936,0.965,0.91,92.9,VitalCare Pharmaceuticals
ORD-01658,Vaccine,5000,High,287.63,5,0.939,0.926,0.76,96.1,OmniHealth Labs
ORD-01659,Painkiller,100,Medium,44.49,7,0.848,0.854,0.34,98.1,Apex BioPharma
ORD-01660,Immunosuppressant,250,High,359.94,7,0.924,0.98,0.65,95.2,OmniHealth Labs
ORD-01661,Immunosuppressant,5000,Standard,339.25,3,0.941,0.961,0.37,93.8,OmniHealth Labs
ORD-01662,Chemotherapy Agent,2500,High,432.74,6,0.854,0.854,0.89,92.6,Apex BioPharma
ORD-01663,Antibiotic,5000,Standard,162.24,5,0.947,0.902,1.02,94.8,Bharat BioLogics
ORD-01664,Antibiotic,100,High,150.84,6,0.963,0.854,0.3,98.3,NovaCure Therapeutics
ORD-01665,Insulin,250,High,249.61,4,1.0,0.865,0.01,97.0,Apex BioPharma
ORD-01666,Cardiovascular Drug,250,High,161.18,7,0.975,0.905,0.69,94.8,CryoSafe LifeSciences
ORD-01667,Immunosuppressant,500,Standard,434.51,5,0.913,1.0,1.44,99.5,VitalCare Pharmaceuticals
ORD-01668,Antibiotic,5000,Standard,117.41,6,0.92,0.878,1.5,91.3,Zenith LifeSciences
ORD-01669,Insulin,250,Medium,219.54,4,0.867,0.907,0.37,95.6,Apex BioPharma
ORD-01670,Cardiovascular Drug,1000,High,193.97,8,0.999,0.81,0.94,92.7,Serum Horizon Global
ORD-01671,Vaccine,250,High,259.16,6,0.924,0.94,0.83,96.5,OmniHealth Labs
ORD-01672,Monoclonal Antibody,5000,Medium,5111.9,4,0.906,0.897,1.03,93.6,Zenith LifeSciences
ORD-01673,Insulin,500,Medium,213.77,4,0.925,0.854,0.75,95.7,Apex BioPharma
ORD-01674,Antihistamine,100,Medium,63.08,2,0.885,0.789,0.52,98.2,Aegis Health Supplies
ORD-01675,Vaccine,1000,Medium,285.14,5,0.902,0.876,0.81,96.4,OmniHealth Labs
ORD-01676,Vaccine,5000,Medium,272.51,6,0.964,0.911,1.15,94.8,Summit BioSolutions
ORD-01677,Insulin,250,Medium,225.95,8,0.881,0.904,0.31,97.5,VitalCare Pharmaceuticals
ORD-01678,Monoclonal Antibody,250,Medium,6100.29,4,1.0,0.964,1.91,96.8,MediCore Labs
ORD-01679,Antibiotic,5000,Standard,134.57,9,0.9,0.88,0.82,94.6,Bharat BioLogics
ORD-01680,Antiviral,100,Medium,197.07,5,0.816,0.92,0.31,97.9,Vanguard Pharma
ORD-01681,Vaccine,250,Standard,300.37,5,0.949,0.954,0.7,96.1,OmniHealth Labs
ORD-01682,Painkiller,250,Standard,44.37,8,0.869,0.836,0.57,98.4,Apex BioPharma
ORD-01683,Monoclonal Antibody,1000,Medium,5261.08,7,0.95,0.967,1.18,95.4,Zenith LifeSciences
ORD-01684,Cardiovascular Drug,5000,Medium,181.45,5,0.888,0.934,0.79,96.9,Aegis Health Supplies
ORD-01685,Antiviral,2500,Medium,195.17,2,0.939,0.836,0.42,95.5,MediCore Labs
ORD-01686,Cardiovascular Drug,1000,Standard,156.96,7,0.995,0.833,1.05,94.3,CryoSafe LifeSciences
ORD-01687,Chemotherapy Agent,100,Standard,512.2,7,0.876,0.925,0.75,94.1,Apex BioPharma
ORD-01688,Monoclonal Antibody,100,Medium,4394.11,1,0.878,0.961,0.76,91.6,VitalCare Pharmaceuticals
ORD-01689,Insulin,1000,Standard,278.61,7,0.979,0.893,1.0,97.9,OmniHealth Labs
ORD-01690,Monoclonal Antibody,500,High,4521.42,2,0.934,0.914,1.04,93.1,VitalCare Pharmaceuticals
ORD-01691,Monoclonal Antibody,500,High,4877.21,4,0.881,0.901,0.68,92.5,VitalCare Pharmaceuticals
ORD-01692,Chemotherapy Agent,100,Medium,483.1,9,0.913,0.955,0.55,95.6,GlobalRx Supply Chain
ORD-01693,Cardiovascular Drug,250,High,196.65,6,0.899,0.873,0.69,99.1,NovaCure Therapeutics
ORD-01694,Painkiller,250,Medium,39.38,9,1.0,0.972,1.17,92.9,BioMatrix International
ORD-01695,Antibiotic,500,Standard,116.54,8,0.866,0.783,0.74,98.2,BioMatrix International
ORD-01696,Antiviral,1000,High,192.57,3,0.841,0.937,0.27,97.3,Vanguard Pharma
ORD-01697,Chemotherapy Agent,250,High,554.69,1,0.874,0.863,0.09,97.4,Beacon Pharmaceuticals
ORD-01698,Antibiotic,1000,Standard,118.15,8,0.967,0.919,0.15,97.5,PharmaTrust Global
ORD-01699,Painkiller,1000,Standard,42.14,6,0.907,0.849,0.75,97.0,Apex BioPharma
ORD-01700,Antiviral,1000,Medium,254.33,8,0.834,0.886,0.3,98.3,GlobalRx Supply Chain
ORD-01701,Antibiotic,500,Standard,142.92,4,0.993,0.888,0.27,98.8,NovaCure Therapeutics
ORD-01702,Antihistamine,1000,Medium,61.4,5,0.905,0.836,0.37,99.1,Aegis Health Supplies
ORD-01703,Antiviral,100,Standard,219.85,3,0.942,0.886,0.41,98.1,Vanguard Pharma
ORD-01704,Vaccine,250,Medium,294.92,7,0.915,0.917,1.03,98.7,Vanguard Pharma
ORD-01705,Vaccine,2500,Standard,347.69,6,0.838,0.966,0.65,95.7,BioMatrix International
ORD-01706,Cardiovascular Drug,2500,High,185.95,11,0.948,0.804,0.99,97.9,Quantum Health Sciences
ORD-01707,Antiviral,500,Standard,181.74,6,0.843,0.943,0.27,95.8,Vanguard Pharma
ORD-01708,Immunosuppressant,250,Medium,307.14,4,0.885,0.946,0.45,94.6,OmniHealth Labs
ORD-01709,Immunosuppressant,2500,High,410.13,5,0.897,0.967,1.39,100.0,VitalCare Pharmaceuticals
ORD-01710,Vaccine,100,Medium,312.2,5,0.897,0.953,0.18,97.5,Quantum Health Sciences
ORD-01711,Insulin,2500,Medium,240.22,8,0.871,0.87,0.44,96.2,VitalCare Pharmaceuticals
ORD-01712,Antiviral,100,Medium,187.92,6,0.818,0.918,0.33,96.5,Vanguard Pharma
ORD-01713,Cardiovascular Drug,250,Standard,158.14,4,0.918,0.935,1.04,96.8,Aegis Health Supplies
ORD-01714,Antiviral,500,Standard,181.54,4,0.964,0.934,0.01,98.4,Vanguard Pharma
ORD-01715,Vaccine,5000,Standard,356.44,8,0.935,0.918,0.61,96.6,Quantum Health Sciences
ORD-01716,Antibiotic,100,High,133.3,10,1.0,0.943,0.52,96.3,PharmaTrust Global
ORD-01717,Cardiovascular Drug,2500,High,167.87,4,0.852,0.946,0.99,98.7,Aegis Health Supplies
ORD-01718,Antihistamine,500,Medium,56.94,6,0.932,0.844,0.42,93.7,Pulse Generic Pharma
ORD-01719,Antibiotic,500,Standard,152.85,4,0.978,0.928,0.46,100.0,NovaCure Therapeutics
ORD-01720,Insulin,250,Standard,219.21,5,0.952,0.912,1.31,98.5,OmniHealth Labs
ORD-01721,Monoclonal Antibody,1000,Standard,5598.86,4,0.984,0.861,1.47,97.1,MediCore Labs
ORD-01722,Painkiller,250,High,47.71,7,1.0,0.907,0.29,96.8,MediCore Labs
ORD-01723,Monoclonal Antibody,500,Medium,6419.98,4,1.0,1.0,1.39,96.0,MediCore Labs
ORD-01724,Chemotherapy Agent,500,Medium,466.19,10,0.974,0.929,0.14,94.6,GlobalRx Supply Chain
ORD-01725,Painkiller,100,High,43.74,7,0.935,0.814,0.46,94.1,Serum Horizon Global
ORD-01726,Monoclonal Antibody,5000,High,4651.26,2,0.862,0.858,1.15,92.4,VitalCare Pharmaceuticals
ORD-01727,Immunosuppressant,500,Standard,351.4,3,0.927,0.981,0.48,93.5,OmniHealth Labs
ORD-01728,Painkiller,2500,Medium,46.68,8,0.953,0.833,0.2,98.0,MediCore Labs
ORD-01729,Monoclonal Antibody,250,Medium,4767.41,5,0.814,0.983,1.25,98.4,Pulse Generic Pharma
ORD-01730,Immunosuppressant,100,High,352.72,6,0.894,0.939,0.52,93.0,OmniHealth Labs
ORD-01731,Antihistamine,5000,High,61.62,3,0.93,0.882,1.34,94.7,Summit BioSolutions
ORD-01732,Antiviral,250,High,192.72,5,0.847,0.852,0.23,96.2,Vanguard Pharma
ORD-01733,Cardiovascular Drug,5000,High,194.18,6,0.927,0.929,0.92,97.7,Aegis Health Supplies
ORD-01734,Vaccine,500,High,257.62,6,0.956,1.0,0.82,96.7,OmniHealth Labs
ORD-01735,Chemotherapy Agent,250,Standard,506.39,11,0.996,0.837,0.32,98.1,GlobalRx Supply Chain
ORD-01736,Painkiller,5000,Medium,51.22,9,0.968,0.956,1.14,96.2,BioMatrix International
ORD-01737,Cardiovascular Drug,250,Medium,167.04,9,0.949,0.895,0.74,95.8,CryoSafe LifeSciences
ORD-01738,Antihistamine,250,Standard,57.37,9,0.885,0.952,1.45,98.3,NovaCure Therapeutics
ORD-01739,Chemotherapy Agent,250,Medium,516.78,10,1.0,0.802,0.12,95.1,GlobalRx Supply Chain
ORD-01740,Antibiotic,2500,Medium,131.6,10,0.984,0.951,0.42,98.6,PharmaTrust Global
ORD-01741,Antiviral,5000,Medium,187.94,7,0.841,0.903,0.25,97.4,Vanguard Pharma
ORD-01742,Cardiovascular Drug,250,Standard,149.91,7,0.853,0.907,0.38,98.6,NovaCure Therapeutics
ORD-01743,Painkiller,5000,Standard,50.7,8,0.889,0.869,0.68,92.2,Serum Horizon Global
ORD-01744,Painkiller,1000,High,48.29,6,0.926,0.92,0.46,93.7,Serum Horizon Global
ORD-01745,Antibiotic,500,Standard,131.37,5,0.995,0.777,1.15,95.5,Bharat BioLogics
ORD-01746,Insulin,2500,High,230.82,5,0.956,0.863,1.34,99.1,OmniHealth Labs
ORD-01747,Insulin,2500,Medium,238.37,7,0.881,0.961,1.44,100.0,Beacon Pharmaceuticals
ORD-01748,Insulin,2500,High,254.51,3,0.9,0.889,0.62,96.5,Apex BioPharma
ORD-01749,Painkiller,250,Standard,44.08,6,0.942,0.811,0.1,96.1,MediCore Labs
ORD-01750,Painkiller,500,High,37.88,6,0.882,0.823,0.64,98.4,Apex BioPharma
ORD-01751,Vaccine,1000,Medium,362.0,5,0.95,0.928,1.16,99.0,Vanguard Pharma
ORD-01752,Antibiotic,5000,High,139.44,6,0.935,0.907,0.48,98.2,PharmaTrust Global
ORD-01753,Vaccine,250,Medium,280.05,9,0.937,0.945,0.08,96.9,Quantum Health Sciences
ORD-01754,Monoclonal Antibody,2500,High,5388.56,4,0.956,0.915,1.35,94.5,MediCore Labs
ORD-01755,Chemotherapy Agent,1000,Standard,482.34,10,0.959,0.953,0.21,96.5,GlobalRx Supply Chain
ORD-01756,Antiviral,5000,Medium,222.17,7,0.856,0.874,0.38,97.2,GlobalRx Supply Chain
ORD-01757,Monoclonal Antibody,2500,Medium,4732.37,5,0.885,0.962,0.87,93.7,VitalCare Pharmaceuticals
ORD-01758,Insulin,250,Medium,233.95,7,0.987,0.784,0.25,96.1,Apex BioPharma
ORD-01759,Immunosuppressant,1000,Medium,460.15,5,0.887,0.789,0.77,92.9,Quantum Health Sciences
ORD-01760,Vaccine,2500,High,317.34,4,0.927,0.995,0.93,99.4,Vanguard Pharma
ORD-01761,Painkiller,100,Standard,40.49,5,0.807,0.827,0.95,95.8,Apex BioPharma
ORD-01762,Cardiovascular Drug,2500,Standard,155.4,4,0.937,0.932,0.82,98.1,Aegis Health Supplies
ORD-01763,Insulin,500,Medium,236.37,5,0.921,0.906,0.43,97.0,VitalCare Pharmaceuticals
ORD-01764,Monoclonal Antibody,250,Standard,5075.11,5,0.977,0.93,1.1,96.3,MediCore Labs
ORD-01765,Chemotherapy Agent,100,Standard,587.46,3,0.945,0.927,0.24,94.6,Bharat BioLogics
ORD-01766,Insulin,250,Medium,207.09,10,0.852,0.984,0.74,93.3,PharmaTrust Global
ORD-01767,Antibiotic,100,High,156.39,4,0.938,0.889,0.52,98.5,NovaCure Therapeutics
ORD-01768,Vaccine,5000,Standard,310.39,6,0.95,0.879,0.36,96.3,OmniHealth Labs
ORD-01769,Insulin,500,Medium,220.09,6,0.904,0.947,0.41,99.6,VitalCare Pharmaceuticals
ORD-01770,Chemotherapy Agent,250,Medium,440.74,6,0.872,0.866,0.81,92.8,Apex BioPharma
ORD-01771,Antihistamine,1000,Medium,69.18,6,0.939,0.909,1.38,94.8,Summit BioSolutions
ORD-01772,Insulin,2500,Standard,190.69,6,0.863,0.988,1.33,93.5,PharmaTrust Global
ORD-01773,Painkiller,1000,Medium,41.7,4,0.893,0.854,0.15,96.9,MediCore Labs
ORD-01774,Antiviral,2500,Standard,178.52,5,0.87,0.897,0.43,94.3,MediCore Labs
ORD-01775,Cardiovascular Drug,500,Standard,199.45,7,0.876,0.879,0.53,99.4,NovaCure Therapeutics
ORD-01776,Insulin,500,Standard,232.85,8,0.868,0.961,0.8,94.4,PharmaTrust Global
ORD-01777,Monoclonal Antibody,2500,Standard,4837.45,4,0.856,0.945,0.99,98.3,Pulse Generic Pharma
ORD-01778,Antibiotic,5000,Medium,129.65,7,0.978,0.865,0.46,96.6,PharmaTrust Global
ORD-01779,Chemotherapy Agent,1000,Medium,517.76,11,1.0,0.947,0.38,96.0,GlobalRx Supply Chain
ORD-01780,Chemotherapy Agent,500,Standard,553.29,8,1.0,0.897,0.31,97.6,GlobalRx Supply Chain
ORD-01781,Immunosuppressant,2500,Standard,363.98,9,0.997,0.793,0.36,95.9,CryoSafe LifeSciences
ORD-01782,Antihistamine,2500,Medium,62.99,4,0.953,0.82,0.01,95.0,Pulse Generic Pharma
ORD-01783,Antibiotic,2500,High,142.22,7,1.0,0.913,0.39,96.9,PharmaTrust Global
ORD-01784,Cardiovascular Drug,5000,Medium,231.07,7,0.98,0.85,0.38,94.3,Serum Horizon Global
ORD-01785,Chemotherapy Agent,1000,High,527.04,8,1.0,0.966,0.28,95.0,GlobalRx Supply Chain
ORD-01786,Vaccine,500,Standard,274.88,6,0.938,1.0,0.6,95.0,OmniHealth Labs
ORD-01787,Vaccine,250,High,317.07,5,0.908,0.97,1.23,96.2,Vanguard Pharma
ORD-01788,Monoclonal Antibody,500,High,4792.77,3,0.918,0.953,1.21,94.4,VitalCare Pharmaceuticals
ORD-01789,Painkiller,2500,High,41.18,4,0.872,0.83,0.23,96.8,MediCore Labs
ORD-01790,Insulin,1000,Standard,240.93,5,0.945,0.87,0.44,95.3,Apex BioPharma
ORD-01791,Antihistamine,2500,Medium,58.09,5,0.868,0.853,0.45,96.3,Aegis Health Supplies
ORD-01792,Painkiller,1000,Standard,43.75,4,0.928,0.862,0.34,94.5,Beacon Pharmaceuticals
ORD-01793,Antihistamine,2500,High,67.27,5,0.893,0.943,0.83,94.0,Zenith LifeSciences
ORD-01794,Antihistamine,250,Medium,55.62,7,0.943,0.851,0.9,96.1,Summit BioSolutions
ORD-01795,Painkiller,250,High,45.91,8,0.875,0.868,0.46,95.4,Apex BioPharma
ORD-01796,Monoclonal Antibody,100,Medium,6119.38,6,0.894,0.94,1.22,95.3,Zenith LifeSciences
ORD-01797,Vaccine,100,Standard,312.32,7,0.944,0.963,0.83,98.3,Vanguard Pharma
ORD-01798,Immunosuppressant,500,Standard,372.43,6,0.939,0.894,0.58,92.6,OmniHealth Labs
ORD-01799,Painkiller,500,Standard,42.12,9,0.971,0.903,1.14,92.4,BioMatrix International
ORD-01800,Painkiller,500,High,45.12,4,0.887,0.875,0.14,96.8,MediCore Labs
ORD-01801,Painkiller,500,Medium,41.47,8,0.948,0.919,1.24,93.3,BioMatrix International
ORD-01802,Painkiller,100,High,47.25,8,0.848,0.916,0.72,92.3,Serum Horizon Global
ORD-01803,Monoclonal Antibody,500,Medium,5137.74,5,0.949,0.97,1.04,93.7,Zenith LifeSciences
ORD-01804,Antiviral,5000,Medium,216.78,5,0.837,0.947,0.47,97.0,Vanguard Pharma
ORD-01805,Antibiotic,100,High,137.31,6,0.969,0.771,0.34,98.9,BioMatrix International
ORD-01806,Insulin,1000,High,247.91,5,0.955,0.871,0.46,95.5,Apex BioPharma
ORD-01807,Insulin,1000,Medium,244.2,6,0.892,0.833,0.04,96.5,Apex BioPharma
ORD-01808,Immunosuppressant,500,Standard,368.64,5,0.943,0.972,0.71,95.1,OmniHealth Labs
ORD-01809,Antihistamine,5000,Standard,56.28,5,0.927,0.88,1.47,93.5,Summit BioSolutions
ORD-01810,Antiviral,250,Standard,225.68,10,0.83,0.892,0.06,96.8,GlobalRx Supply Chain
ORD-01811,Antihistamine,2500,Medium,58.27,9,0.927,0.921,1.31,99.5,NovaCure Therapeutics
ORD-01812,Painkiller,5000,High,48.89,6,0.957,0.857,0.36,96.5,MediCore Labs
ORD-01813,Antihistamine,1000,High,58.55,5,0.946,0.863,0.01,95.3,Pulse Generic Pharma
ORD-01814,Monoclonal Antibody,2500,Medium,4859.89,3,0.865,0.911,0.77,92.4,VitalCare Pharmaceuticals
ORD-01815,Antihistamine,500,Standard,60.07,6,0.932,0.852,1.25,94.7,Summit BioSolutions
ORD-01816,Cardiovascular Drug,1000,High,168.65,11,0.96,0.853,0.76,94.7,CryoSafe LifeSciences
ORD-01817,Cardiovascular Drug,1000,Medium,180.95,8,0.891,0.928,0.85,99.3,Aegis Health Supplies
ORD-01818,Immunosuppressant,1000,High,322.69,7,0.941,1.0,0.6,92.8,OmniHealth Labs
ORD-01819,Antibiotic,100,Medium,133.41,8,0.952,0.888,0.99,95.3,Bharat BioLogics
ORD-01820,Antihistamine,1000,Medium,62.6,4,0.947,0.882,0.62,97.6,Aegis Health Supplies
ORD-01821,Antihistamine,100,Standard,54.77,5,0.863,0.899,0.15,97.2,Aegis Health Supplies
ORD-01822,Chemotherapy Agent,100,High,589.71,1,0.959,0.852,0.52,95.2,Bharat BioLogics
ORD-01823,Painkiller,250,Medium,42.82,7,0.846,0.772,0.98,97.6,Apex BioPharma
ORD-01824,Antiviral,2500,High,204.75,6,0.895,0.849,0.83,94.1,Pulse Generic Pharma
ORD-01825,Painkiller,100,Medium,39.87,4,0.929,0.855,0.01,95.7,MediCore Labs
ORD-01826,Antiviral,1000,Medium,198.94,1,0.913,0.861,0.46,97.0,MediCore Labs
ORD-01827,Antihistamine,1000,Medium,64.04,4,0.915,0.891,0.6,98.3,Aegis Health Supplies
ORD-01828,Antiviral,5000,High,225.97,3,0.849,0.908,0.41,95.5,Vanguard Pharma
ORD-01829,Insulin,500,Medium,240.97,4,0.924,0.927,1.22,96.9,OmniHealth Labs
ORD-01830,Painkiller,250,Standard,48.28,5,0.916,0.866,0.17,98.1,MediCore Labs
ORD-01831,Antihistamine,500,High,58.1,5,0.873,0.892,0.62,98.9,Aegis Health Supplies
ORD-01832,Chemotherapy Agent,1000,Standard,584.38,9,0.904,0.874,0.96,93.8,Apex BioPharma
ORD-01833,Chemotherapy Agent,250,Medium,557.01,1,0.969,0.844,0.34,94.8,Bharat BioLogics
ORD-01834,Chemotherapy Agent,1000,Medium,458.41,11,0.996,0.899,0.05,96.6,GlobalRx Supply Chain
ORD-01835,Antiviral,2500,Standard,261.11,5,0.86,0.855,0.92,93.9,Summit BioSolutions
ORD-01836,Monoclonal Antibody,1000,Medium,5205.58,7,0.971,0.982,1.29,98.7,MediCore Labs
ORD-01837,Antibiotic,100,Standard,144.64,8,0.837,0.758,0.53,98.1,BioMatrix International
ORD-01838,Chemotherapy Agent,1000,High,468.71,8,0.929,0.927,0.27,96.3,GlobalRx Supply Chain
ORD-01839,Insulin,250,Standard,227.13,4,1.0,0.909,0.16,95.5,Apex BioPharma
ORD-01840,Vaccine,100,Standard,253.04,6,0.946,0.968,0.82,94.4,OmniHealth Labs
ORD-01841,Vaccine,2500,Standard,372.47,5,0.979,0.942,0.92,99.5,Vanguard Pharma
ORD-01842,Antihistamine,100,Medium,52.46,7,0.955,0.971,0.9,98.9,NovaCure Therapeutics
ORD-01843,Immunosuppressant,2500,Standard,369.22,7,0.919,0.946,0.83,95.0,OmniHealth Labs
ORD-01844,Monoclonal Antibody,1000,High,4840.36,3,0.902,0.902,0.95,94.1,VitalCare Pharmaceuticals
ORD-01845,Monoclonal Antibody,500,Medium,5196.31,6,0.936,0.997,1.17,95.7,MediCore Labs
ORD-01846,Insulin,1000,Medium,206.97,6,0.925,0.909,1.25,98.0,OmniHealth Labs
ORD-01847,Immunosuppressant,1000,Medium,385.13,6,0.974,0.981,0.34,94.7,OmniHealth Labs
ORD-01848,Insulin,250,Medium,250.56,7,0.982,0.992,0.38,97.8,VitalCare Pharmaceuticals
ORD-01849,Monoclonal Antibody,2500,Standard,5018.43,5,0.892,0.95,1.0,94.0,VitalCare Pharmaceuticals
ORD-01850,Vaccine,250,Standard,278.57,6,0.81,0.905,0.39,94.0,BioMatrix International
ORD-01851,Immunosuppressant,500,High,421.72,5,0.926,1.0,0.34,94.0,OmniHealth Labs
ORD-01852,Monoclonal Antibody,100,High,4734.41,4,0.825,0.95,0.63,100.0,Pulse Generic Pharma
ORD-01853,Insulin,500,Standard,252.93,6,0.993,0.868,0.24,95.2,Apex BioPharma
ORD-01854,Vaccine,5000,Medium,269.95,5,0.827,0.997,0.68,93.4,BioMatrix International
ORD-01855,Vaccine,2500,High,277.56,6,0.891,1.0,0.57,97.3,OmniHealth Labs
ORD-01856,Vaccine,500,High,329.41,8,0.922,0.965,1.53,97.8,Vanguard Pharma
ORD-01857,Monoclonal Antibody,5000,High,5950.02,6,0.882,0.932,0.89,95.8,Zenith LifeSciences
ORD-01858,Painkiller,5000,Standard,45.84,4,0.938,0.82,0.58,97.0,MediCore Labs
ORD-01859,Antiviral,5000,Medium,184.51,6,0.896,0.923,0.18,97.0,Vanguard Pharma
ORD-01860,Painkiller,500,High,39.97,8,0.959,0.869,0.41,96.7,MediCore Labs
ORD-01861,Cardiovascular Drug,2500,Medium,149.15,7,0.995,0.864,0.92,95.9,CryoSafe LifeSciences
ORD-01862,Cardiovascular Drug,250,High,207.69,11,0.892,0.874,0.65,98.1,Quantum Health Sciences
ORD-01863,Vaccine,100,Medium,271.99,7,0.957,0.937,0.49,97.1,OmniHealth Labs
ORD-01864,Vaccine,1000,Standard,279.01,9,0.936,0.92,0.59,95.9,OmniHealth Labs
ORD-01865,Antibiotic,500,Standard,135.57,4,0.922,0.898,0.71,99.6,NovaCure Therapeutics
ORD-01866,Painkiller,250,High,50.04,6,0.995,0.887,0.35,93.3,Serum Horizon Global
ORD-01867,Antihistamine,5000,High,56.54,4,0.922,0.89,1.28,94.6,Summit BioSolutions
ORD-01868,Cardiovascular Drug,250,High,175.58,6,0.97,0.905,0.42,93.3,Serum Horizon Global
ORD-01869,Insulin,5000,Standard,189.93,6,0.861,0.919,1.14,93.9,PharmaTrust Global
ORD-01870,Antiviral,1000,High,260.77,4,0.911,0.886,1.35,94.4,Summit BioSolutions
ORD-01871,Antihistamine,500,Standard,60.36,8,0.95,0.973,1.22,97.8,NovaCure Therapeutics
ORD-01872,Insulin,250,High,251.94,5,0.936,0.938,1.25,99.3,OmniHealth Labs
ORD-01873,Painkiller,500,Medium,42.93,4,0.864,0.791,0.01,96.2,Beacon Pharmaceuticals
ORD-01874,Antihistamine,1000,Medium,62.25,7,0.912,0.909,1.56,93.5,Summit BioSolutions
ORD-01875,Vaccine,1000,Standard,312.32,5,0.908,0.857,0.59,96.1,OmniHealth Labs
ORD-01876,Insulin,2500,Standard,179.24,5,0.96,0.934,0.36,97.2,VitalCare Pharmaceuticals
ORD-01877,Vaccine,1000,Medium,328.03,8,0.94,0.94,0.62,97.0,Quantum Health Sciences
ORD-01878,Antibiotic,5000,Standard,121.5,4,0.979,0.914,0.3,98.6,NovaCure Therapeutics
ORD-01879,Antihistamine,1000,Standard,52.97,4,0.898,0.943,0.75,94.7,Zenith LifeSciences
ORD-01880,Antibiotic,2500,Standard,114.75,2,0.906,0.858,0.34,100.0,NovaCure Therapeutics
ORD-01881,Antibiotic,500,High,123.94,5,0.92,0.835,0.71,100.0,NovaCure Therapeutics
ORD-01882,Monoclonal Antibody,5000,High,4487.98,5,0.898,0.934,0.6,95.3,VitalCare Pharmaceuticals
ORD-01883,Vaccine,100,Standard,270.35,6,0.939,0.904,0.59,95.7,OmniHealth Labs
ORD-01884,Cardiovascular Drug,500,Medium,155.83,8,0.94,0.919,0.95,97.0,Aegis Health Supplies
ORD-01885,Antibiotic,5000,High,140.02,7,0.975,0.907,0.48,96.8,PharmaTrust Global
ORD-01886,Antiviral,5000,High,186.65,4,0.959,0.853,0.6,93.9,Pulse Generic Pharma
ORD-01887,Antihistamine,2500,Standard,67.57,5,0.906,0.87,0.52,95.7,Pulse Generic Pharma
ORD-01888,Antihistamine,1000,Medium,60.71,4,0.848,0.904,0.5,95.5,Aegis Health Supplies
ORD-01889,Cardiovascular Drug,250,Medium,186.33,10,0.85,0.872,0.44,99.4,NovaCure Therapeutics
ORD-01890,Antihistamine,2500,Medium,62.0,6,0.876,0.881,0.5,98.5,Aegis Health Supplies
ORD-01891,Monoclonal Antibody,100,Standard,4752.02,7,0.819,0.982,1.12,98.8,Pulse Generic Pharma
ORD-01892,Antihistamine,500,Medium,60.2,7,0.967,0.988,1.19,98.3,NovaCure Therapeutics
ORD-01893,Painkiller,5000,Standard,45.56,8,0.849,0.904,0.77,98.1,Apex BioPharma
ORD-01894,Antihistamine,500,Medium,68.92,6,0.96,0.829,0.49,96.4,Pulse Generic Pharma
ORD-01895,Vaccine,250,High,406.57,4,0.89,0.924,1.1,97.9,Vanguard Pharma
ORD-01896,Immunosuppressant,250,Medium,366.88,3,0.935,0.879,0.73,93.0,OmniHealth Labs
ORD-01897,Antihistamine,2500,Medium,57.56,5,0.883,0.872,1.33,94.8,Summit BioSolutions
ORD-01898,Cardiovascular Drug,2500,Medium,151.67,7,0.879,0.916,1.22,99.0,Aegis Health Supplies
ORD-01899,Insulin,5000,High,246.22,5,0.962,0.915,0.97,98.7,OmniHealth Labs
ORD-01900,Antiviral,2500,High,218.83,6,0.9,0.9,0.3,96.3,Vanguard Pharma
ORD-01901,Monoclonal Antibody,2500,High,4220.46,4,0.798,0.907,0.92,99.1,Pulse Generic Pharma
ORD-01902,Immunosuppressant,1000,High,374.25,6,0.956,0.968,0.34,93.6,OmniHealth Labs
ORD-01903,Vaccine,1000,Medium,228.28,6,0.902,0.96,0.94,96.4,OmniHealth Labs
ORD-01904,Cardiovascular Drug,1000,High,168.58,7,0.998,0.859,0.89,96.0,CryoSafe LifeSciences
ORD-01905,Antihistamine,100,Medium,52.82,4,0.948,0.894,1.44,94.0,Summit BioSolutions
ORD-01906,Antihistamine,2500,High,61.57,3,0.848,0.972,1.6,95.2,Summit BioSolutions
ORD-01907,Chemotherapy Agent,2500,High,508.67,11,0.959,0.935,0.45,96.2,GlobalRx Supply Chain
ORD-01908,Cardiovascular Drug,250,Standard,177.54,4,0.893,0.92,0.93,96.8,Aegis Health Supplies
ORD-01909,Painkiller,5000,Medium,42.16,6,0.978,0.87,0.29,98.5,MediCore Labs
ORD-01910,Antiviral,1000,Standard,182.52,6,0.915,0.902,0.31,96.4,Vanguard Pharma
ORD-01911,Antihistamine,5000,Medium,60.34,2,0.932,0.838,0.26,98.0,Aegis Health Supplies
ORD-01912,Antihistamine,1000,High,68.74,6,0.859,0.907,1.54,94.3,Summit BioSolutions
ORD-01913,Vaccine,5000,Standard,268.3,10,0.912,0.895,1.51,94.4,Summit BioSolutions
ORD-01914,Painkiller,5000,High,49.76,6,0.974,0.815,0.09,97.2,MediCore Labs
ORD-01915,Monoclonal Antibody,250,Medium,4384.67,7,0.908,0.912,0.32,94.0,CryoSafe LifeSciences
ORD-01916,Antibiotic,2500,Medium,133.45,9,0.952,0.925,0.42,98.0,PharmaTrust Global
ORD-01917,Vaccine,250,Medium,267.01,5,0.902,0.903,0.76,95.2,OmniHealth Labs
ORD-01918,Cardiovascular Drug,250,Medium,214.8,6,0.963,0.873,0.54,93.6,Serum Horizon Global
ORD-01919,Insulin,5000,Medium,222.48,7,0.977,0.889,0.87,97.3,OmniHealth Labs
ORD-01920,Monoclonal Antibody,100,Standard,4697.8,4,0.887,0.861,1.25,100.0,Pulse Generic Pharma
ORD-01921,Vaccine,1000,Medium,290.67,9,0.909,0.963,0.34,97.0,OmniHealth Labs
ORD-01922,Vaccine,500,Medium,290.93,7,0.931,0.93,0.84,96.6,OmniHealth Labs
ORD-01923,Antiviral,2500,Medium,205.23,6,0.799,0.977,0.11,98.0,Vanguard Pharma
ORD-01924,Chemotherapy Agent,250,Medium,508.1,1,0.832,0.85,0.22,94.6,Beacon Pharmaceuticals
ORD-01925,Antihistamine,5000,Standard,68.37,4,0.921,0.826,0.27,96.4,Pulse Generic Pharma
ORD-01926,Vaccine,250,High,362.97,5,0.894,0.871,0.69,96.9,Quantum Health Sciences
ORD-01927,Antibiotic,500,Standard,130.83,2,0.888,0.84,0.29,100.0,NovaCure Therapeutics
ORD-01928,Antihistamine,5000,Standard,63.17,6,0.934,0.859,0.57,98.0,Aegis Health Supplies
ORD-01929,Immunosuppressant,5000,Medium,331.2,6,0.955,0.997,0.64,95.0,OmniHealth Labs
ORD-01930,Antiviral,250,Standard,203.08,5,0.88,0.819,0.67,95.2,MediCore Labs
ORD-01931,Antibiotic,5000,High,134.02,5,0.897,0.783,0.42,100.0,NovaCure Therapeutics
ORD-01932,Insulin,1000,Medium,275.52,11,0.95,0.866,1.24,98.9,Beacon Pharmaceuticals
ORD-01933,Vaccine,5000,High,324.12,6,0.92,0.871,1.07,98.0,Vanguard Pharma
ORD-01934,Antihistamine,500,High,63.27,5,0.927,0.869,1.01,93.2,Summit BioSolutions
ORD-01935,Cardiovascular Drug,2500,Medium,170.53,8,1.0,0.844,0.46,96.3,CryoSafe LifeSciences
ORD-01936,Immunosuppressant,5000,High,413.12,6,0.852,0.97,1.21,99.0,VitalCare Pharmaceuticals
ORD-01937,Antiviral,2500,Standard,170.79,7,0.898,0.86,0.36,97.6,Vanguard Pharma
ORD-01938,Cardiovascular Drug,500,Medium,161.65,6,0.919,0.925,0.91,98.6,Aegis Health Supplies
ORD-01939,Antihistamine,2500,Standard,58.21,7,0.935,0.98,1.56,100.0,NovaCure Therapeutics
ORD-01940,Antiviral,250,Medium,237.41,1,0.88,0.848,0.42,94.0,MediCore Labs
ORD-01941,Painkiller,500,Medium,46.72,5,0.905,0.78,0.15,95.4,Beacon Pharmaceuticals
ORD-01942,Antiviral,500,High,222.18,4,0.922,0.889,0.17,96.5,Vanguard Pharma
ORD-01943,Vaccine,100,Standard,307.71,4,0.939,0.957,1.11,98.2,Vanguard Pharma
ORD-01944,Antihistamine,1000,Medium,66.65,4,0.912,0.756,0.18,97.0,Pulse Generic Pharma
ORD-01945,Painkiller,500,Standard,46.47,4,0.917,0.838,0.63,96.4,Apex BioPharma
ORD-01946,Chemotherapy Agent,100,Medium,553.39,10,0.997,0.919,0.06,96.2,GlobalRx Supply Chain
ORD-01947,Chemotherapy Agent,5000,High,626.61,1,0.916,0.859,0.43,94.2,Bharat BioLogics
ORD-01948,Antibiotic,500,High,136.56,3,0.847,0.866,0.16,97.0,NovaCure Therapeutics
ORD-01949,Immunosuppressant,500,Medium,415.61,9,0.929,0.881,0.46,92.4,Quantum Health Sciences
ORD-01950,Immunosuppressant,500,Standard,326.61,3,0.962,0.987,0.31,93.3,OmniHealth Labs
ORD-01951,Immunosuppressant,500,Medium,491.9,9,0.874,0.84,0.64,93.8,Quantum Health Sciences
ORD-01952,Antibiotic,250,Medium,127.41,7,0.873,0.812,0.61,97.6,BioMatrix International
ORD-01953,Insulin,2500,Medium,213.02,6,0.96,0.923,0.24,96.3,Apex BioPharma
ORD-01954,Monoclonal Antibody,100,Medium,5210.52,5,0.945,0.936,1.51,96.5,MediCore Labs
ORD-01955,Vaccine,2500,Standard,343.19,7,0.898,0.881,0.55,99.5,Vanguard Pharma
ORD-01956,Insulin,250,Medium,226.06,6,1.0,0.968,0.41,97.0,VitalCare Pharmaceuticals
ORD-01957,Vaccine,250,Medium,335.03,7,0.998,0.882,0.44,96.3,Quantum Health Sciences
ORD-01958,Painkiller,2500,Standard,49.24,5,0.941,0.885,0.11,97.6,MediCore Labs
ORD-01959,Antiviral,5000,Standard,188.96,5,0.934,0.883,0.29,94.0,Pulse Generic Pharma
ORD-01960,Cardiovascular Drug,2500,Standard,176.25,8,0.952,0.924,0.93,99.3,Aegis Health Supplies
ORD-01961,Antiviral,5000,High,220.7,3,0.928,0.834,0.64,95.3,MediCore Labs
ORD-01962,Antihistamine,2500,Medium,59.9,5,0.947,0.902,1.35,93.2,Summit BioSolutions
ORD-01963,Painkiller,250,Standard,47.9,5,0.924,0.851,0.18,96.5,MediCore Labs
ORD-01964,Immunosuppressant,1000,Medium,495.09,7,0.988,0.863,0.44,94.6,CryoSafe LifeSciences
ORD-01965,Insulin,500,Medium,224.1,4,0.977,0.968,1.32,97.2,OmniHealth Labs
ORD-01966,Antiviral,250,Standard,175.17,4,0.803,0.823,0.1,97.7,Vanguard Pharma
ORD-01967,Chemotherapy Agent,2500,Medium,413.92,4,0.832,0.853,0.23,95.2,Beacon Pharmaceuticals
ORD-01968,Chemotherapy Agent,5000,Medium,468.01,10,0.968,0.896,0.49,96.4,GlobalRx Supply Chain
ORD-01969,Monoclonal Antibody,5000,High,5296.22,5,0.888,0.899,0.89,94.5,VitalCare Pharmaceuticals
ORD-01970,Chemotherapy Agent,2500,Standard,461.8,4,0.837,0.769,0.24,96.2,Beacon Pharmaceuticals
ORD-01971,Insulin,500,Standard,248.9,6,0.933,0.902,0.66,98.0,VitalCare Pharmaceuticals
ORD-01972,Immunosuppressant,250,Medium,346.93,3,0.909,0.927,0.81,94.8,OmniHealth Labs
ORD-01973,Painkiller,500,High,41.23,3,0.908,0.79,0.17,96.1,Beacon Pharmaceuticals
ORD-01974,Cardiovascular Drug,500,Standard,142.33,4,0.912,0.91,1.12,98.7,Aegis Health Supplies
ORD-01975,Antihistamine,2500,Standard,45.26,3,0.934,0.901,0.92,93.4,Summit BioSolutions
ORD-01976,Vaccine,100,Standard,276.96,6,0.881,0.926,0.93,97.1,OmniHealth Labs
ORD-01977,Immunosuppressant,100,Medium,314.32,7,0.916,0.997,0.87,95.0,OmniHealth Labs
ORD-01978,Antihistamine,2500,Standard,59.58,10,0.916,0.925,1.21,99.9,NovaCure Therapeutics
ORD-01979,Cardiovascular Drug,100,Medium,194.7,7,0.906,0.926,0.95,98.0,Aegis Health Supplies
ORD-01980,Insulin,100,Medium,252.02,8,0.989,0.941,1.34,98.0,OmniHealth Labs
ORD-01981,Antibiotic,500,High,124.51,5,0.905,0.893,0.15,98.0,NovaCure Therapeutics
ORD-01982,Painkiller,500,Standard,47.12,3,0.928,0.815,0.11,95.4,Beacon Pharmaceuticals
ORD-01983,Antibiotic,1000,Medium,149.6,7,1.0,0.927,0.49,97.1,PharmaTrust Global
ORD-01984,Antibiotic,5000,High,127.25,6,0.985,0.972,0.62,99.3,PharmaTrust Global
ORD-01985,Cardiovascular Drug,5000,High,156.84,11,0.929,0.892,0.64,94.6,CryoSafe LifeSciences
ORD-01986,Antiviral,250,High,185.7,1,0.923,0.875,0.7,95.7,MediCore Labs
ORD-01987,Cardiovascular Drug,5000,Medium,170.41,10,0.944,0.834,0.68,93.3,CryoSafe LifeSciences
ORD-01988,Monoclonal Antibody,1000,Medium,5435.61,4,1.0,0.933,1.3,97.0,MediCore Labs
ORD-01989,Painkiller,5000,Medium,39.02,1,0.893,0.816,0.31,94.7,Beacon Pharmaceuticals
ORD-01990,Cardiovascular Drug,500,High,152.06,7,0.89,0.918,0.9,92.8,CryoSafe LifeSciences
ORD-01991,Antihistamine,5000,High,66.78,4,0.896,0.91,0.71,94.2,Zenith LifeSciences
ORD-01992,Insulin,5000,Standard,213.25,6,0.812,0.876,1.27,93.0,PharmaTrust Global
ORD-01993,Antiviral,500,Medium,208.46,6,0.886,0.896,0.29,96.2,Vanguard Pharma
ORD-01994,Cardiovascular Drug,5000,Standard,176.05,9,0.959,0.878,0.74,95.7,CryoSafe LifeSciences
ORD-01995,Painkiller,5000,Medium,44.59,10,1.0,0.898,1.24,94.4,BioMatrix International
ORD-01996,Antiviral,2500,High,198.36,6,0.864,0.93,0.35,98.3,Vanguard Pharma
ORD-01997,Chemotherapy Agent,2500,High,548.01,1,0.984,0.851,0.58,94.4,Bharat BioLogics
ORD-01998,Vaccine,2500,High,362.55,7,0.927,0.984,0.55,99.0,Vanguard Pharma
ORD-01999,Immunosuppressant,500,Standard,380.5,4,0.913,0.92,0.63,94.3,OmniHealth Labs
ORD-02000,Chemotherapy Agent,5000,Medium,526.4,1,0.876,0.931,0.71,94.8,Bharat BioLogics
ORD-02001,Antibiotic,250,High,124.01,6,0.933,0.835,0.28,98.1,BioMatrix International
ORD-02002,Monoclonal Antibody,2500,Medium,5281.76,4,0.878,0.972,1.29,99.2,Pulse Generic Pharma
ORD-02003,Insulin,1000,Medium,215.94,4,0.927,0.851,0.19,96.1,Apex BioPharma
ORD-02004,Cardiovascular Drug,2500,Medium,200.07,6,0.82,0.869,0.29,98.4,NovaCure Therapeutics
ORD-02005,Antiviral,100,High,225.18,8,0.962,0.864,0.51,94.9,Pulse Generic Pharma
ORD-02006,Antiviral,500,Medium,200.21,3,0.946,0.771,1.01,97.1,MediCore Labs
ORD-02007,Chemotherapy Agent,2500,Standard,517.81,3,0.961,0.894,0.53,94.9,Bharat BioLogics
ORD-02008,Monoclonal Antibody,250,High,4780.61,6,0.949,0.913,1.13,97.4,MediCore Labs
ORD-02009,Cardiovascular Drug,2500,Medium,183.54,6,0.893,0.931,1.22,96.5,Aegis Health Supplies
ORD-02010,Monoclonal Antibody,1000,Medium,4859.37,3,0.874,0.968,0.8,94.8,VitalCare Pharmaceuticals
ORD-02011,Painkiller,5000,High,48.65,6,0.948,0.915,0.97,93.9,Serum Horizon Global
ORD-02012,Vaccine,250,High,295.73,5,0.877,0.924,0.9,96.9,OmniHealth Labs
ORD-02013,Antibiotic,250,Medium,129.9,10,0.98,0.961,0.46,97.5,PharmaTrust Global
ORD-02014,Painkiller,5000,Standard,51.54,7,0.979,0.838,0.24,97.8,MediCore Labs
ORD-02015,Vaccine,250,High,297.75,8,0.91,0.926,0.62,93.7,BioMatrix International
ORD-02016,Cardiovascular Drug,1000,Medium,169.16,9,0.919,0.931,0.74,94.8,CryoSafe LifeSciences
ORD-02017,Chemotherapy Agent,100,Medium,487.01,10,0.997,0.908,0.4,95.2,GlobalRx Supply Chain
ORD-02018,Antibiotic,2500,High,142.23,5,0.931,0.913,0.4,98.5,NovaCure Therapeutics
ORD-02019,Insulin,500,High,222.93,6,0.934,0.863,0.38,94.4,Apex BioPharma
ORD-02020,Antiviral,1000,High,190.54,2,0.815,0.862,0.61,97.0,MediCore Labs
ORD-02021,Vaccine,1000,Standard,243.07,8,0.92,0.956,0.69,97.3,OmniHealth Labs
ORD-02022,Vaccine,1000,Standard,208.82,8,0.937,0.863,0.71,98.6,OmniHealth Labs
ORD-02023,Chemotherapy Agent,100,Standard,426.52,10,0.968,0.817,0.24,95.6,GlobalRx Supply Chain
ORD-02024,Antiviral,2500,Standard,178.12,7,0.956,0.849,0.38,92.8,Pulse Generic Pharma
ORD-02025,Immunosuppressant,250,High,443.92,8,0.999,0.819,0.02,93.2,CryoSafe LifeSciences
ORD-02026,Monoclonal Antibody,500,Standard,6155.22,6,1.0,0.975,1.32,97.7,MediCore Labs
ORD-02027,Immunosuppressant,250,Medium,404.17,7,0.909,0.954,1.38,96.5,Bharat BioLogics
ORD-02028,Antibiotic,1000,Standard,133.6,10,0.878,0.917,0.35,97.7,PharmaTrust Global
ORD-02029,Monoclonal Antibody,250,Standard,4323.21,3,0.963,0.93,1.01,92.1,VitalCare Pharmaceuticals
ORD-02030,Chemotherapy Agent,1000,High,427.86,5,0.866,0.848,0.22,96.5,Beacon Pharmaceuticals
ORD-02031,Painkiller,100,Medium,44.38,5,0.895,0.849,0.25,96.8,Beacon Pharmaceuticals
ORD-02032,Immunosuppressant,500,Standard,368.82,5,0.87,0.956,0.83,95.3,OmniHealth Labs
ORD-02033,Vaccine,100,High,329.18,4,0.84,0.956,0.73,94.4,BioMatrix International
ORD-02034,Antibiotic,1000,Standard,124.87,10,0.951,0.938,0.62,97.6,PharmaTrust Global
ORD-02035,Chemotherapy Agent,1000,High,418.61,2,0.928,0.858,0.45,95.2,Beacon Pharmaceuticals
ORD-02036,Insulin,5000,High,223.74,4,0.921,0.809,0.22,96.3,Apex BioPharma
ORD-02037,Painkiller,2500,Standard,45.87,8,0.983,0.835,0.02,96.3,MediCore Labs
ORD-02038,Cardiovascular Drug,1000,High,182.96,7,0.949,0.913,1.07,98.6,Aegis Health Supplies
ORD-02039,Chemotherapy Agent,2500,High,505.02,8,0.844,0.931,1.16,98.3,Serum Horizon Global
ORD-02040,Monoclonal Antibody,250,Standard,4848.85,5,0.81,0.928,1.39,98.6,Pulse Generic Pharma
ORD-02041,Chemotherapy Agent,250,High,432.2,5,0.799,0.78,0.01,97.2,Beacon Pharmaceuticals
ORD-02042,Antibiotic,2500,Medium,119.58,5,0.936,0.882,1.13,95.6,Bharat BioLogics
ORD-02043,Painkiller,100,Standard,39.31,4,0.904,0.856,1.09,97.0,Apex BioPharma
ORD-02044,Chemotherapy Agent,250,High,582.95,2,0.889,0.87,0.46,94.1,Bharat BioLogics
ORD-02045,Cardiovascular Drug,5000,Medium,154.96,5,0.911,0.97,0.8,97.0,Aegis Health Supplies
ORD-02046,Antihistamine,1000,Medium,58.79,5,0.881,0.858,0.34,97.3,Aegis Health Supplies
ORD-02047,Cardiovascular Drug,250,Standard,183.83,7,0.938,0.902,0.93,98.7,Aegis Health Supplies
ORD-02048,Antihistamine,100,High,71.68,4,0.852,0.829,0.01,97.4,Pulse Generic Pharma
ORD-02049,Vaccine,1000,High,283.08,4,0.86,0.953,0.65,93.8,BioMatrix International
ORD-02050,Antihistamine,2500,Standard,54.16,6,0.814,0.888,0.19,97.9,Aegis Health Supplies
ORD-02051,Antihistamine,2500,Standard,54.98,6,0.914,0.845,0.71,95.9,Aegis Health Supplies
ORD-02052,Antibiotic,100,High,130.25,9,1.0,0.944,0.48,95.9,PharmaTrust Global
ORD-02053,Antibiotic,500,Medium,124.74,5,0.995,0.844,0.26,97.1,NovaCure Therapeutics
ORD-02054,Insulin,1000,Standard,252.28,7,0.886,0.897,0.7,98.6,VitalCare Pharmaceuticals
ORD-02055,Vaccine,1000,High,330.18,4,0.898,0.918,0.55,93.4,BioMatrix International
ORD-02056,Insulin,100,Medium,255.2,7,0.918,0.909,0.2,96.6,VitalCare Pharmaceuticals
ORD-02057,Insulin,1000,Medium,245.91,3,0.935,0.858,0.42,95.1,Apex BioPharma
ORD-02058,Antibiotic,5000,Standard,121.98,6,0.942,0.877,1.3,95.0,Bharat BioLogics
ORD-02059,Monoclonal Antibody,2500,Standard,4984.61,5,0.822,0.923,1.08,99.6,Pulse Generic Pharma
ORD-02060,Cardiovascular Drug,250,Standard,171.85,6,0.91,0.9,0.16,96.1,NovaCure Therapeutics
ORD-02061,Insulin,1000,Standard,193.89,4,1.0,0.949,1.32,98.8,OmniHealth Labs
ORD-02062,Insulin,2500,Medium,217.8,7,0.867,0.96,1.11,93.7,PharmaTrust Global
ORD-02063,Insulin,250,High,261.46,3,0.947,0.886,0.71,97.6,Apex BioPharma
ORD-02064,Chemotherapy Agent,100,Medium,455.03,9,0.886,0.879,1.28,98.4,Serum Horizon Global
ORD-02065,Cardiovascular Drug,250,High,167.03,7,0.916,0.959,1.29,98.7,Aegis Health Supplies
ORD-02066,Cardiovascular Drug,500,Medium,198.22,8,0.862,0.898,0.51,98.6,NovaCure Therapeutics
ORD-02067,Monoclonal Antibody,250,Standard,4558.44,3,0.895,0.932,0.92,93.4,VitalCare Pharmaceuticals
ORD-02068,Vaccine,1000,High,365.0,7,0.872,0.935,0.92,99.7,Vanguard Pharma
ORD-02069,Chemotherapy Agent,250,Medium,471.64,11,0.915,0.83,1.05,100.0,Serum Horizon Global
ORD-02070,Monoclonal Antibody,1000,High,5715.48,5,0.954,0.931,0.95,98.2,MediCore Labs
ORD-02071,Antihistamine,2500,Medium,58.2,2,0.84,0.873,0.18,94.2,Pulse Generic Pharma
ORD-02072,Insulin,1000,Standard,215.47,6,0.954,0.931,1.58,98.8,OmniHealth Labs
ORD-02073,Monoclonal Antibody,500,Medium,6212.43,4,0.914,0.98,1.29,96.7,Zenith LifeSciences
ORD-02074,Antihistamine,500,High,61.51,4,0.918,0.885,0.29,97.2,Aegis Health Supplies
ORD-02075,Antibiotic,1000,Medium,109.56,10,1.0,0.89,0.42,97.6,PharmaTrust Global
ORD-02076,Monoclonal Antibody,250,Medium,4907.67,9,0.85,0.894,0.56,93.6,CryoSafe LifeSciences
ORD-02077,Chemotherapy Agent,500,Standard,451.25,7,0.912,0.906,1.05,100.0,Serum Horizon Global
ORD-02078,Painkiller,2500,Standard,41.61,5,0.914,0.733,0.63,96.8,Apex BioPharma
ORD-02079,Monoclonal Antibody,100,Medium,5505.55,8,0.953,1.0,1.48,97.2,MediCore Labs
ORD-02080,Cardiovascular Drug,100,Standard,170.37,8,0.93,0.913,1.18,97.3,Aegis Health Supplies
ORD-02081,Insulin,1000,Standard,209.36,8,0.897,0.887,0.41,97.3,VitalCare Pharmaceuticals
ORD-02082,Antibiotic,2500,Medium,128.36,2,0.962,0.849,0.42,100.0,NovaCure Therapeutics
ORD-02083,Antibiotic,5000,Standard,134.66,8,0.992,0.997,0.76,97.1,PharmaTrust Global
ORD-02084,Painkiller,500,Standard,45.29,8,0.97,0.874,0.44,97.3,MediCore Labs
ORD-02085,Antihistamine,1000,High,73.97,6,0.907,0.884,0.18,96.2,Pulse Generic Pharma
ORD-02086,Insulin,1000,Standard,247.57,7,0.964,0.842,0.6,95.5,Apex BioPharma
ORD-02087,Painkiller,100,Standard,41.16,8,0.856,0.85,0.92,97.8,Apex BioPharma
ORD-02088,Cardiovascular Drug,500,Medium,141.92,8,0.976,0.873,0.36,96.8,CryoSafe LifeSciences
ORD-02089,Chemotherapy Agent,250,Standard,431.6,4,0.913,0.862,0.01,94.4,Beacon Pharmaceuticals
ORD-02090,Insulin,1000,High,222.7,6,0.919,0.929,0.79,98.1,VitalCare Pharmaceuticals
ORD-02091,Antibiotic,2500,Medium,142.09,4,0.982,0.896,0.4,98.5,NovaCure Therapeutics
ORD-02092,Antihistamine,500,High,66.32,3,0.926,0.927,0.32,93.1,Pulse Generic Pharma
ORD-02093,Chemotherapy Agent,250,Medium,462.3,5,0.891,0.802,0.28,97.3,Beacon Pharmaceuticals
ORD-02094,Antihistamine,2500,High,60.7,5,0.876,0.888,1.48,93.8,Summit BioSolutions
ORD-02095,Antiviral,500,High,273.6,4,0.832,0.896,0.86,95.1,Summit BioSolutions
ORD-02096,Antiviral,500,Medium,219.53,7,0.873,0.877,0.09,96.6,Vanguard Pharma
ORD-02097,Antiviral,500,Standard,232.17,8,0.956,0.834,0.82,95.6,Pulse Generic Pharma
ORD-02098,Monoclonal Antibody,500,High,5153.73,8,0.96,0.991,1.08,97.9,MediCore Labs
ORD-02099,Immunosuppressant,100,Medium,307.56,6,1.0,0.961,0.18,95.6,OmniHealth Labs
ORD-02100,Antihistamine,2500,Medium,63.08,4,0.887,0.852,0.4,97.6,Aegis Health Supplies
ORD-02101,Chemotherapy Agent,2500,Medium,434.53,5,0.882,0.794,0.25,95.0,Beacon Pharmaceuticals
ORD-02102,Chemotherapy Agent,250,Standard,463.31,3,0.897,0.792,0.24,97.3,Beacon Pharmaceuticals
ORD-02103,Vaccine,100,Medium,270.16,5,0.916,0.922,0.26,95.1,Quantum Health Sciences
ORD-02104,Immunosuppressant,100,Medium,385.06,4,0.883,0.948,0.92,95.4,OmniHealth Labs
ORD-02105,Cardiovascular Drug,1000,High,161.92,7,0.931,0.908,0.93,98.5,Aegis Health Supplies
ORD-02106,Cardiovascular Drug,250,Standard,165.52,7,0.953,0.894,1.18,96.6,Aegis Health Supplies
ORD-02107,Cardiovascular Drug,5000,Medium,194.93,6,0.951,0.908,0.75,94.3,Serum Horizon Global
ORD-02108,Vaccine,100,Standard,234.25,6,0.88,0.941,0.59,97.0,OmniHealth Labs
ORD-02109,Cardiovascular Drug,500,High,194.59,6,0.843,0.928,0.39,98.1,NovaCure Therapeutics
ORD-02110,Chemotherapy Agent,500,Medium,429.81,9,0.977,0.876,0.71,98.5,Serum Horizon Global
ORD-02111,Cardiovascular Drug,5000,Medium,140.68,4,0.9,0.917,1.18,98.9,Aegis Health Supplies
ORD-02112,Vaccine,2500,Medium,302.67,5,0.973,0.963,1.17,97.8,Vanguard Pharma
ORD-02113,Painkiller,5000,Standard,48.14,8,0.974,0.857,0.38,97.5,MediCore Labs
ORD-02114,Immunosuppressant,5000,Standard,375.62,7,0.973,1.0,1.42,94.5,Bharat BioLogics
ORD-02115,Antiviral,250,High,218.46,4,0.961,0.96,0.1,98.6,Vanguard Pharma
ORD-02116,Antibiotic,1000,High,118.24,7,1.0,0.936,0.72,96.8,PharmaTrust Global
ORD-02117,Painkiller,250,Standard,43.86,10,0.926,0.884,0.66,93.7,Serum Horizon Global
ORD-02118,Cardiovascular Drug,500,Medium,190.33,4,0.955,0.904,0.91,96.7,Aegis Health Supplies
ORD-02119,Cardiovascular Drug,100,Medium,157.31,7,1.0,0.914,0.56,94.3,CryoSafe LifeSciences
ORD-02120,Painkiller,5000,Medium,43.04,6,0.887,0.809,0.16,97.5,MediCore Labs
ORD-02121,Chemotherapy Agent,1000,Medium,538.08,8,1.0,0.953,0.41,96.4,GlobalRx Supply Chain
ORD-02122,Monoclonal Antibody,500,Medium,5203.17,8,0.905,0.98,1.16,99.0,Pulse Generic Pharma
ORD-02123,Vaccine,5000,Standard,285.6,6,0.898,0.902,1.34,94.7,Summit BioSolutions
ORD-02124,Insulin,100,Medium,222.93,5,0.992,0.92,0.94,98.4,OmniHealth Labs
ORD-02125,Insulin,5000,Medium,219.35,3,0.964,0.877,0.66,95.1,Apex BioPharma
ORD-02126,Painkiller,5000,Standard,42.88,4,0.864,0.791,0.16,95.0,Beacon Pharmaceuticals
ORD-02127,Antibiotic,100,High,146.39,2,0.95,0.797,0.52,98.3,NovaCure Therapeutics
ORD-02128,Cardiovascular Drug,1000,Medium,148.86,9,0.93,0.889,0.76,94.8,CryoSafe LifeSciences
ORD-02129,Antihistamine,250,High,56.01,2,0.921,0.848,0.48,95.8,Pulse Generic Pharma
ORD-02130,Antiviral,100,Standard,194.63,5,0.845,0.832,0.65,95.4,MediCore Labs
ORD-02131,Cardiovascular Drug,500,Medium,158.81,9,0.972,0.918,0.67,93.3,CryoSafe LifeSciences
ORD-02132,Antihistamine,1000,High,52.57,5,0.903,0.85,0.03,94.0,Pulse Generic Pharma
ORD-02133,Chemotherapy Agent,500,Medium,382.08,1,0.807,0.913,0.15,95.9,Beacon Pharmaceuticals
ORD-02134,Antibiotic,1000,Standard,134.72,8,0.992,0.935,0.49,95.7,PharmaTrust Global
ORD-02135,Immunosuppressant,250,Medium,386.61,3,0.918,0.93,0.62,93.7,OmniHealth Labs
ORD-02136,Insulin,1000,High,212.42,6,0.907,0.949,0.24,96.7,VitalCare Pharmaceuticals
ORD-02137,Chemotherapy Agent,100,High,519.93,2,0.836,0.809,0.22,96.6,Beacon Pharmaceuticals
ORD-02138,Vaccine,5000,Standard,305.95,7,0.927,0.964,0.79,98.6,Vanguard Pharma
ORD-02139,Insulin,250,Standard,216.02,5,0.956,0.907,0.99,97.5,OmniHealth Labs
ORD-02140,Antihistamine,250,High,63.39,2,0.914,0.928,0.01,95.3,Pulse Generic Pharma
ORD-02141,Monoclonal Antibody,2500,High,5393.35,5,0.965,0.98,1.32,97.6,MediCore Labs
ORD-02142,Antibiotic,1000,Medium,126.41,10,0.927,0.933,0.69,97.0,PharmaTrust Global
ORD-02143,Chemotherapy Agent,100,Medium,544.96,7,0.95,0.892,0.16,95.0,GlobalRx Supply Chain
ORD-02144,Insulin,500,High,208.47,3,1.0,0.854,0.27,93.9,Apex BioPharma
ORD-02145,Insulin,1000,Medium,198.83,4,0.944,0.865,0.19,95.7,Apex BioPharma
ORD-02146,Cardiovascular Drug,500,Standard,147.61,10,0.955,0.799,0.64,96.2,CryoSafe LifeSciences
ORD-02147,Monoclonal Antibody,500,Medium,5117.18,4,0.929,0.929,0.47,92.7,VitalCare Pharmaceuticals
ORD-02148,Antihistamine,1000,Standard,60.73,10,0.925,0.947,1.14,98.7,NovaCure Therapeutics
ORD-02149,Antibiotic,100,Medium,125.44,10,0.97,0.938,0.53,98.1,PharmaTrust Global
ORD-02150,Chemotherapy Agent,1000,Medium,404.32,10,0.891,0.883,0.86,98.8,Serum Horizon Global
ORD-02151,Cardiovascular Drug,250,Medium,155.72,8,0.882,0.911,0.92,97.3,Aegis Health Supplies
ORD-02152,Antibiotic,1000,High,142.38,4,0.97,0.853,0.52,98.4,NovaCure Therapeutics
ORD-02153,Painkiller,250,Standard,45.33,4,0.977,0.857,0.29,97.1,MediCore Labs
ORD-02154,Chemotherapy Agent,2500,Standard,535.19,5,0.996,0.92,0.43,94.1,Bharat BioLogics
ORD-02155,Antibiotic,100,Medium,122.42,5,0.923,0.893,1.44,95.3,Zenith LifeSciences
ORD-02156,Painkiller,100,Standard,42.32,4,0.863,0.758,0.72,96.5,Apex BioPharma
ORD-02157,Vaccine,5000,Standard,331.05,5,0.893,0.9,0.6,92.6,BioMatrix International
ORD-02158,Antihistamine,2500,Medium,64.08,2,0.945,0.805,0.53,95.3,Aegis Health Supplies
ORD-02159,Immunosuppressant,5000,Standard,493.11,7,0.815,0.905,1.2,98.0,VitalCare Pharmaceuticals
ORD-02160,Cardiovascular Drug,500,Standard,205.86,7,0.931,0.849,0.68,94.0,Serum Horizon Global
ORD-02161,Vaccine,1000,Medium,326.7,6,0.953,0.892,0.7,97.6,Vanguard Pharma
ORD-02162,Vaccine,2500,High,344.47,4,0.925,1.0,0.89,99.2,Vanguard Pharma
ORD-02163,Painkiller,100,Medium,53.66,6,0.912,0.844,0.03,97.8,MediCore Labs
ORD-02164,Vaccine,2500,Standard,255.29,5,0.977,0.973,0.41,96.8,OmniHealth Labs
ORD-02165,Chemotherapy Agent,500,Medium,524.96,3,0.967,0.939,0.58,93.9,Bharat BioLogics
ORD-02166,Vaccine,500,High,336.82,6,0.877,0.85,1.34,94.5,Summit BioSolutions
ORD-02167,Immunosuppressant,2500,Medium,415.58,8,0.844,0.815,0.67,93.7,Quantum Health Sciences
ORD-02168,Antiviral,100,High,184.65,4,0.903,0.857,0.54,95.7,MediCore Labs
ORD-02169,Vaccine,100,High,312.61,5,0.842,0.896,0.12,96.5,Quantum Health Sciences
ORD-02170,Antibiotic,250,Medium,150.07,9,0.905,0.848,0.23,99.3,BioMatrix International
ORD-02171,Antihistamine,250,Medium,67.54,3,0.923,0.901,1.77,94.9,Summit BioSolutions
ORD-02172,Antihistamine,100,Medium,71.39,7,0.876,0.878,1.16,93.5,Summit BioSolutions
ORD-02173,Antihistamine,2500,Standard,63.54,4,0.849,0.984,0.72,92.9,Zenith LifeSciences
ORD-02174,Vaccine,2500,High,252.53,6,0.885,0.971,0.48,96.2,OmniHealth Labs
ORD-02175,Monoclonal Antibody,2500,Standard,4943.0,6,0.846,0.896,0.95,97.4,Pulse Generic Pharma
ORD-02176,Cardiovascular Drug,100,High,184.34,10,0.814,0.853,0.27,99.8,NovaCure Therapeutics
ORD-02177,Antiviral,5000,High,246.15,5,0.87,0.897,0.34,97.4,Vanguard Pharma
ORD-02178,Monoclonal Antibody,2500,Medium,6329.81,4,0.968,0.989,1.01,97.2,Zenith LifeSciences
ORD-02179,Chemotherapy Agent,5000,Medium,438.54,1,0.912,0.813,0.17,96.2,Beacon Pharmaceuticals
ORD-02180,Antihistamine,2500,Standard,54.96,5,0.872,0.855,0.2,94.8,Pulse Generic Pharma
ORD-02181,Immunosuppressant,2500,Medium,433.95,5,0.906,0.853,0.6,93.3,Quantum Health Sciences
ORD-02182,Monoclonal Antibody,250,High,5792.13,7,1.0,0.969,0.95,96.5,MediCore Labs
ORD-02183,Antibiotic,250,High,140.73,4,1.0,0.8,0.3,98.3,NovaCure Therapeutics
ORD-02184,Chemotherapy Agent,1000,Standard,462.08,4,0.84,0.786,0.42,95.3,Beacon Pharmaceuticals
ORD-02185,Antibiotic,2500,Standard,125.84,10,0.995,0.859,0.51,98.2,BioMatrix International
ORD-02186,Monoclonal Antibody,500,Standard,4611.15,8,0.981,0.908,1.44,97.1,MediCore Labs
ORD-02187,Antihistamine,1000,Standard,62.37,6,0.89,0.9,0.29,93.9,Pulse Generic Pharma
ORD-02188,Antihistamine,1000,Medium,65.74,3,0.842,0.785,0.6,96.7,Aegis Health Supplies
ORD-02189,Vaccine,500,Medium,338.7,5,0.924,0.908,0.92,98.6,Vanguard Pharma
ORD-02190,Monoclonal Antibody,5000,Standard,4867.87,4,0.887,0.922,1.01,92.6,VitalCare Pharmaceuticals
ORD-02191,Painkiller,500,Medium,46.68,5,0.877,0.801,0.21,96.3,Beacon Pharmaceuticals
ORD-02192,Cardiovascular Drug,500,High,162.48,4,0.896,0.927,1.11,99.9,Aegis Health Supplies
ORD-02193,Vaccine,2500,Medium,318.89,5,0.817,0.913,0.56,93.2,BioMatrix International
ORD-02194,Antiviral,2500,High,196.53,6,0.954,0.799,0.44,94.4,Pulse Generic Pharma
ORD-02195,Antibiotic,5000,Medium,122.99,10,1.0,0.914,0.58,99.3,PharmaTrust Global
ORD-02196,Antiviral,100,High,202.41,7,0.891,0.882,0.18,96.9,Vanguard Pharma
ORD-02197,Cardiovascular Drug,500,Medium,158.81,10,0.958,0.881,0.82,93.9,CryoSafe LifeSciences
ORD-02198,Monoclonal Antibody,2500,Medium,4348.35,6,0.859,0.909,1.44,98.8,Pulse Generic Pharma
ORD-02199,Cardiovascular Drug,250,Standard,168.64,4,0.88,0.955,0.95,98.1,Aegis Health Supplies
ORD-02200,Chemotherapy Agent,100,Medium,541.74,2,0.89,0.979,0.87,95.1,Bharat BioLogics
ORD-02201,Antibiotic,2500,High,120.57,5,0.947,0.874,0.19,97.6,NovaCure Therapeutics
ORD-02202,Vaccine,100,High,257.65,8,0.917,0.99,0.82,97.0,OmniHealth Labs
ORD-02203,Painkiller,5000,Standard,46.42,9,0.906,0.881,0.87,93.4,Serum Horizon Global
ORD-02204,Cardiovascular Drug,2500,High,206.39,11,0.939,0.852,0.49,97.4,Quantum Health Sciences
ORD-02205,Immunosuppressant,500,Standard,331.6,3,0.902,0.986,0.74,93.3,OmniHealth Labs
ORD-02206,Antiviral,1000,Standard,201.82,4,0.838,0.924,0.23,97.7,Vanguard Pharma
ORD-02207,Insulin,500,Standard,242.7,5,0.899,0.914,0.66,96.3,VitalCare Pharmaceuticals
ORD-02208,Vaccine,250,Standard,372.17,6,0.952,0.875,0.13,94.1,Quantum Health Sciences
ORD-02209,Antibiotic,5000,High,124.91,8,1.0,0.943,0.51,98.7,PharmaTrust Global
ORD-02210,Vaccine,250,High,301.87,8,0.901,0.981,0.93,95.4,Summit BioSolutions
ORD-02211,Immunosuppressant,500,High,381.47,3,0.912,0.918,0.43,95.4,OmniHealth Labs
ORD-02212,Antihistamine,250,Medium,64.12,7,0.85,0.978,1.34,100.0,NovaCure Therapeutics
ORD-02213,Vaccine,500,High,295.16,6,0.847,0.888,0.5,92.8,BioMatrix International
ORD-02214,Antiviral,2500,Standard,188.03,5,0.948,0.835,0.39,95.4,MediCore Labs
ORD-02215,Chemotherapy Agent,500,High,496.38,1,0.976,0.892,0.58,97.0,Bharat BioLogics
ORD-02216,Monoclonal Antibody,100,Medium,5484.68,7,1.0,0.937,1.28,98.4,MediCore Labs
ORD-02217,Antihistamine,1000,High,63.47,6,0.866,0.887,0.46,96.9,Aegis Health Supplies
ORD-02218,Painkiller,250,High,45.75,8,0.878,0.848,0.03,95.5,MediCore Labs
ORD-02219,Antiviral,500,High,208.84,5,0.903,0.845,0.49,93.8,MediCore Labs
ORD-02220,Cardiovascular Drug,500,Standard,168.11,8,0.932,0.973,0.51,97.1,Aegis Health Supplies
ORD-02221,Painkiller,2500,Medium,43.23,5,0.874,0.768,0.46,95.2,Beacon Pharmaceuticals
ORD-02222,Antiviral,5000,High,199.37,5,0.954,0.849,0.33,92.9,Pulse Generic Pharma
ORD-02223,Monoclonal Antibody,2500,High,5234.44,2,0.924,0.904,0.94,92.8,VitalCare Pharmaceuticals
ORD-02224,Vaccine,250,High,336.47,7,0.991,0.948,0.84,98.2,Vanguard Pharma
ORD-02225,Vaccine,250,High,276.26,5,0.901,0.977,0.78,96.4,OmniHealth Labs
ORD-02226,Insulin,5000,Standard,257.66,4,0.956,0.892,0.02,94.1,Apex BioPharma
ORD-02227,Immunosuppressant,100,High,386.13,3,0.894,0.959,0.38,93.9,OmniHealth Labs
ORD-02228,Immunosuppressant,1000,Medium,446.19,7,0.972,0.772,0.33,94.5,CryoSafe LifeSciences
ORD-02229,Chemotherapy Agent,2500,High,436.2,8,0.982,0.909,0.43,94.8,GlobalRx Supply Chain
ORD-02230,Vaccine,250,Standard,319.71,4,0.915,0.942,0.99,99.2,Vanguard Pharma
ORD-02231,Cardiovascular Drug,100,High,208.45,11,0.918,0.859,0.71,98.1,Quantum Health Sciences
ORD-02232,Antibiotic,100,Standard,122.66,7,0.945,0.907,0.18,95.5,PharmaTrust Global
ORD-02233,Monoclonal Antibody,1000,High,4815.78,3,0.914,0.925,0.59,93.2,VitalCare Pharmaceuticals
ORD-02234,Chemotherapy Agent,1000,Standard,445.14,6,0.862,0.874,0.72,93.7,Apex BioPharma
ORD-02235,Cardiovascular Drug,5000,Medium,165.72,11,0.972,0.842,0.79,94.9,CryoSafe LifeSciences
ORD-02236,Cardiovascular Drug,2500,High,171.2,8,0.888,0.946,0.79,98.8,Aegis Health Supplies
ORD-02237,Vaccine,250,Medium,276.47,6,0.914,0.943,0.53,98.1,OmniHealth Labs
ORD-02238,Antibiotic,1000,Medium,120.54,10,1.0,0.911,0.6,97.2,PharmaTrust Global
ORD-02239,Antiviral,500,Medium,208.46,9,0.9,0.894,0.29,95.8,GlobalRx Supply Chain
ORD-02240,Vaccine,2500,Medium,285.39,5,0.988,0.975,0.61,95.9,OmniHealth Labs
ORD-02241,Antiviral,2500,Medium,172.15,5,0.896,0.932,0.8,96.0,MediCore Labs
ORD-02242,Painkiller,250,Standard,41.92,7,0.907,0.91,0.45,91.8,Serum Horizon Global
ORD-02243,Painkiller,2500,Medium,40.61,5,0.85,0.842,0.24,96.1,Beacon Pharmaceuticals
ORD-02244,Antibiotic,250,High,138.68,5,0.93,0.866,1.09,95.3,Bharat BioLogics
ORD-02245,Painkiller,500,Medium,41.92,2,0.928,0.907,0.38,94.4,Beacon Pharmaceuticals
ORD-02246,Antiviral,500,High,217.65,4,0.911,0.83,0.89,95.6,MediCore Labs
ORD-02247,Antihistamine,5000,High,61.74,10,0.899,0.946,1.48,99.6,NovaCure Therapeutics
ORD-02248,Antibiotic,250,Standard,121.54,6,0.918,0.925,0.37,96.9,PharmaTrust Global
ORD-02249,Immunosuppressant,250,High,414.61,5,0.866,0.954,0.97,100.0,VitalCare Pharmaceuticals
ORD-02250,Immunosuppressant,5000,Medium,353.34,3,0.931,0.923,0.81,95.5,OmniHealth Labs
ORD-02251,Cardiovascular Drug,100,Standard,154.94,10,0.968,0.916,0.54,94.7,CryoSafe LifeSciences
ORD-02252,Cardiovascular Drug,250,Standard,214.51,8,0.982,0.915,0.42,98.0,Quantum Health Sciences
ORD-02253,Immunosuppressant,250,Standard,378.35,3,0.877,0.993,0.78,92.5,OmniHealth Labs
ORD-02254,Antihistamine,100,Standard,51.83,3,0.943,0.897,1.48,95.4,Summit BioSolutions
ORD-02255,Antibiotic,100,Standard,148.76,7,0.919,0.822,0.33,100.0,BioMatrix International
ORD-02256,Insulin,250,Medium,212.58,8,1.0,0.917,1.43,98.3,OmniHealth Labs
ORD-02257,Monoclonal Antibody,1000,Standard,4665.9,7,0.878,0.903,0.99,97.9,Pulse Generic Pharma
ORD-02258,Antihistamine,1000,Medium,64.09,4,0.987,0.882,1.51,94.6,Summit BioSolutions
ORD-02259,Monoclonal Antibody,1000,High,4283.86,4,0.89,0.964,0.81,93.6,VitalCare Pharmaceuticals
ORD-02260,Painkiller,2500,Medium,46.77,8,0.97,0.865,1.39,95.7,BioMatrix International
ORD-02261,Insulin,500,Medium,223.06,4,0.972,0.936,0.39,98.0,VitalCare Pharmaceuticals
ORD-02262,Painkiller,1000,Standard,40.32,1,0.84,0.894,0.47,94.9,Beacon Pharmaceuticals
ORD-02263,Antihistamine,5000,Standard,62.88,3,0.952,0.841,0.43,97.0,Pulse Generic Pharma
ORD-02264,Painkiller,1000,High,50.23,8,0.901,0.849,0.92,97.5,Apex BioPharma
ORD-02265,Immunosuppressant,5000,Medium,326.57,3,0.905,0.967,0.79,92.4,OmniHealth Labs
ORD-02266,Painkiller,100,Medium,45.36,4,0.947,0.847,0.4,96.3,MediCore Labs
ORD-02267,Vaccine,100,High,275.4,5,0.897,0.964,0.82,98.2,OmniHealth Labs
ORD-02268,Insulin,500,Medium,233.08,7,0.929,0.906,0.29,96.2,VitalCare Pharmaceuticals
ORD-02269,Insulin,2500,High,227.23,6,0.999,0.883,0.44,98.3,VitalCare Pharmaceuticals
ORD-02270,Antiviral,2500,Standard,186.67,7,0.927,0.973,0.23,95.4,Vanguard Pharma
ORD-02271,Antibiotic,100,Standard,123.22,9,0.942,0.833,0.38,97.5,BioMatrix International
ORD-02272,Antiviral,100,High,198.93,2,0.877,0.825,0.5,94.4,MediCore Labs
ORD-02273,Cardiovascular Drug,2500,Medium,180.6,8,0.909,0.906,0.81,97.2,Aegis Health Supplies
ORD-02274,Painkiller,5000,Standard,41.34,10,0.948,0.889,1.42,93.7,BioMatrix International
ORD-02275,Vaccine,5000,Standard,273.25,6,0.929,0.914,0.89,92.3,Summit BioSolutions
ORD-02276,Insulin,2500,Medium,222.82,3,0.952,0.841,0.37,95.4,Apex BioPharma
ORD-02277,Painkiller,500,Standard,51.57,10,1.0,0.911,0.53,92.5,Serum Horizon Global
ORD-02278,Insulin,2500,Medium,269.96,11,0.871,0.879,1.68,98.9,Beacon Pharmaceuticals
ORD-02279,Insulin,250,Standard,226.3,7,0.938,0.911,0.53,96.9,VitalCare Pharmaceuticals
ORD-02280,Monoclonal Antibody,500,Standard,4959.8,1,0.909,0.934,0.91,93.0,VitalCare Pharmaceuticals
ORD-02281,Insulin,2500,Medium,212.67,5,1.0,0.909,0.41,96.5,VitalCare Pharmaceuticals
ORD-02282,Monoclonal Antibody,2500,Medium,5102.75,1,0.905,0.945,0.99,93.9,VitalCare Pharmaceuticals
ORD-02283,Insulin,250,Medium,257.75,8,0.942,0.94,1.2,99.0,OmniHealth Labs
ORD-02284,Immunosuppressant,1000,High,324.3,4,0.876,1.0,0.75,95.7,OmniHealth Labs
ORD-02285,Insulin,250,Medium,277.14,7,0.929,0.925,0.31,98.7,VitalCare Pharmaceuticals
ORD-02286,Immunosuppressant,5000,Standard,402.0,5,0.892,0.874,0.62,95.5,OmniHealth Labs
ORD-02287,Chemotherapy Agent,250,Medium,530.37,5,0.938,0.855,0.44,95.9,Bharat BioLogics
ORD-02288,Immunosuppressant,100,Medium,433.8,9,0.996,0.871,0.15,95.8,CryoSafe LifeSciences
ORD-02289,Immunosuppressant,250,Medium,359.15,4,0.949,0.954,0.66,94.4,OmniHealth Labs
ORD-02290,Chemotherapy Agent,1000,Medium,482.05,10,1.0,0.901,0.4,95.9,GlobalRx Supply Chain
ORD-02291,Painkiller,500,Medium,45.61,4,0.854,0.831,1.02,99.1,Apex BioPharma
ORD-02292,Antihistamine,250,Standard,61.05,7,0.87,0.946,1.2,99.3,NovaCure Therapeutics
ORD-02293,Immunosuppressant,250,Standard,405.1,5,0.939,0.843,0.79,93.0,Quantum Health Sciences
ORD-02294,Antibiotic,5000,Standard,127.23,7,0.956,0.944,0.38,98.1,PharmaTrust Global
ORD-02295,Immunosuppressant,100,Standard,376.52,3,0.965,0.984,0.86,94.7,OmniHealth Labs
ORD-02296,Vaccine,1000,Medium,350.91,7,0.929,0.893,0.01,96.1,Quantum Health Sciences
ORD-02297,Antibiotic,5000,Medium,137.45,5,1.0,0.921,0.57,100.0,NovaCure Therapeutics
ORD-02298,Painkiller,2500,High,49.84,6,0.889,0.892,0.58,93.3,Serum Horizon Global
ORD-02299,Antibiotic,1000,Medium,138.68,2,1.0,0.91,0.41,96.6,NovaCure Therapeutics
ORD-02300,Cardiovascular Drug,250,High,164.53,8,1.0,0.87,0.57,94.9,CryoSafe LifeSciences
ORD-02301,Antihistamine,5000,Medium,66.27,5,0.89,0.816,0.53,98.0,Aegis Health Supplies
ORD-02302,Insulin,500,High,251.6,7,0.854,0.951,1.37,99.6,Beacon Pharmaceuticals
ORD-02303,Cardiovascular Drug,250,High,151.52,8,0.922,0.932,1.02,98.3,Aegis Health Supplies
ORD-02304,Immunosuppressant,100,Medium,411.49,8,0.904,0.908,0.01,92.6,CryoSafe LifeSciences
ORD-02305,Cardiovascular Drug,1000,Standard,144.53,8,0.954,0.877,1.0,97.1,Aegis Health Supplies
ORD-02306,Painkiller,100,High,45.84,3,0.901,0.847,0.37,96.0,Beacon Pharmaceuticals
ORD-02307,Monoclonal Antibody,5000,Standard,5588.08,8,0.889,1.0,1.32,97.0,Zenith LifeSciences
ORD-02308,Monoclonal Antibody,500,Medium,5548.23,10,0.904,0.994,0.58,93.8,CryoSafe LifeSciences
ORD-02309,Antibiotic,500,Medium,147.01,6,0.962,0.795,0.01,99.6,NovaCure Therapeutics
ORD-02310,Vaccine,5000,High,331.58,4,0.947,0.865,0.92,99.5,Vanguard Pharma
ORD-02311,Painkiller,2500,High,41.77,10,0.958,0.951,1.36,93.0,BioMatrix International
ORD-02312,Insulin,250,Standard,216.52,5,0.883,0.907,0.23,98.2,VitalCare Pharmaceuticals
ORD-02313,Monoclonal Antibody,5000,Standard,4934.83,11,0.96,0.919,0.8,93.2,CryoSafe LifeSciences
ORD-02314,Monoclonal Antibody,2500,Standard,4595.59,4,0.915,0.928,1.03,90.7,VitalCare Pharmaceuticals
ORD-02315,Chemotherapy Agent,500,Standard,493.15,11,1.0,0.85,0.26,96.6,GlobalRx Supply Chain
ORD-02316,Painkiller,250,Medium,37.22,3,0.89,0.798,0.43,96.1,Beacon Pharmaceuticals
ORD-02317,Cardiovascular Drug,1000,Standard,161.07,8,0.888,0.992,0.61,98.2,Aegis Health Supplies
ORD-02318,Insulin,100,High,248.33,4,0.957,0.873,0.28,94.1,Apex BioPharma
ORD-02319,Monoclonal Antibody,2500,Medium,4803.18,5,0.841,0.946,1.04,99.4,Pulse Generic Pharma
ORD-02320,Antiviral,500,Standard,192.34,4,0.879,0.881,0.33,97.1,Vanguard Pharma
ORD-02321,Antiviral,5000,High,200.37,3,0.843,0.897,0.01,96.7,Vanguard Pharma
ORD-02322,Monoclonal Antibody,250,Medium,4684.01,5,0.818,0.985,1.36,99.0,Pulse Generic Pharma
ORD-02323,Antibiotic,5000,Medium,138.6,9,0.897,0.896,0.43,97.5,PharmaTrust Global
ORD-02324,Antibiotic,100,Standard,137.97,5,0.938,0.863,1.13,93.3,Bharat BioLogics
ORD-02325,Antiviral,100,High,229.17,5,0.888,0.949,0.84,95.5,Summit BioSolutions
ORD-02326,Vaccine,100,Standard,338.01,5,0.931,0.811,0.51,97.6,Quantum Health Sciences
ORD-02327,Vaccine,500,Medium,257.86,5,0.85,0.905,0.43,97.6,OmniHealth Labs
ORD-02328,Chemotherapy Agent,1000,Medium,488.79,1,0.957,0.902,0.65,94.9,Bharat BioLogics
ORD-02329,Monoclonal Antibody,100,High,4897.74,8,0.885,0.912,1.02,98.5,Pulse Generic Pharma
ORD-02330,Cardiovascular Drug,250,High,174.4,6,0.953,0.828,0.46,96.7,Serum Horizon Global
ORD-02331,Vaccine,1000,High,258.38,5,0.932,0.972,0.81,98.3,OmniHealth Labs
ORD-02332,Vaccine,2500,High,319.08,9,0.914,0.978,0.46,97.6,OmniHealth Labs
ORD-02333,Monoclonal Antibody,2500,Medium,4877.37,8,0.906,0.873,0.81,99.6,Pulse Generic Pharma
ORD-02334,Chemotherapy Agent,500,Standard,431.4,9,0.945,0.855,0.92,100.0,Serum Horizon Global
ORD-02335,Cardiovascular Drug,1000,Medium,201.25,8,0.861,0.847,0.56,97.5,NovaCure Therapeutics
ORD-02336,Cardiovascular Drug,2500,Medium,178.29,6,0.97,0.929,0.64,95.3,Aegis Health Supplies
ORD-02337,Chemotherapy Agent,100,Standard,513.55,9,0.957,0.849,0.98,99.1,Serum Horizon Global
ORD-02338,Painkiller,500,Medium,39.97,4,0.954,0.861,0.21,95.7,MediCore Labs
ORD-02339,Antibiotic,500,Medium,143.11,8,0.939,0.886,0.21,96.5,PharmaTrust Global
ORD-02340,Vaccine,500,Medium,353.1,5,0.924,0.95,0.36,97.0,Quantum Health Sciences
ORD-02341,Monoclonal Antibody,2500,Medium,6509.72,8,0.935,0.899,1.18,95.0,Zenith LifeSciences
ORD-02342,Antibiotic,500,Medium,155.81,5,0.992,0.897,0.38,99.9,NovaCure Therapeutics
ORD-02343,Antihistamine,500,Medium,61.6,8,0.911,0.973,1.13,98.7,NovaCure Therapeutics
ORD-02344,Antihistamine,250,Standard,56.5,7,0.854,0.933,1.23,99.7,NovaCure Therapeutics
ORD-02345,Insulin,5000,Standard,267.34,8,0.967,1.0,1.16,97.0,OmniHealth Labs
ORD-02346,Monoclonal Antibody,5000,Medium,4392.92,5,0.881,0.95,0.89,98.7,Pulse Generic Pharma
ORD-02347,Insulin,250,Standard,228.5,7,0.911,0.903,0.96,95.7,OmniHealth Labs
ORD-02348,Antiviral,1000,Medium,188.52,3,0.841,0.876,0.49,97.6,Vanguard Pharma
ORD-02349,Antibiotic,100,Medium,126.99,6,0.898,0.906,0.45,96.8,PharmaTrust Global
ORD-02350,Antibiotic,250,Medium,112.23,6,0.994,0.898,0.44,98.9,NovaCure Therapeutics
ORD-02351,Immunosuppressant,2500,Medium,380.16,6,0.863,0.965,0.89,93.7,OmniHealth Labs
ORD-02352,Antihistamine,1000,Medium,65.59,4,0.877,0.895,0.35,96.9,Aegis Health Supplies
ORD-02353,Antihistamine,250,Medium,68.68,8,0.906,0.898,1.57,97.4,NovaCure Therapeutics
ORD-02354,Vaccine,5000,High,277.31,8,0.974,0.897,1.01,98.3,OmniHealth Labs
ORD-02355,Antiviral,5000,Standard,203.32,5,0.773,0.941,0.87,94.5,Summit BioSolutions
ORD-02356,Chemotherapy Agent,500,Medium,472.66,1,0.858,0.772,0.47,97.3,Beacon Pharmaceuticals
ORD-02357,Monoclonal Antibody,250,High,4642.75,5,0.896,0.916,1.35,98.8,Pulse Generic Pharma
ORD-02358,Antihistamine,2500,Standard,55.61,3,0.904,0.889,0.58,98.3,Aegis Health Supplies
ORD-02359,Monoclonal Antibody,5000,Standard,4247.61,2,0.945,0.95,0.53,94.7,VitalCare Pharmaceuticals
ORD-02360,Painkiller,1000,High,42.5,2,0.885,0.81,0.44,95.5,Beacon Pharmaceuticals
ORD-02361,Chemotherapy Agent,250,Medium,444.92,3,0.944,0.833,0.2,94.7,Beacon Pharmaceuticals
ORD-02362,Antibiotic,500,High,123.3,5,0.925,0.892,1.46,92.4,Zenith LifeSciences
ORD-02363,Immunosuppressant,250,Standard,440.17,7,0.984,0.767,0.36,95.3,CryoSafe LifeSciences
ORD-02364,Antihistamine,5000,Medium,53.5,5,0.852,0.854,0.09,95.6,Pulse Generic Pharma
ORD-02365,Vaccine,1000,Medium,311.8,5,0.838,0.933,0.52,95.1,BioMatrix International
ORD-02366,Vaccine,2500,Standard,349.04,5,0.927,0.918,0.94,100.0,Vanguard Pharma
ORD-02367,Antibiotic,100,Medium,143.63,6,0.936,0.777,0.61,99.4,BioMatrix International
ORD-02368,Chemotherapy Agent,1000,Medium,474.18,11,0.829,0.888,1.55,98.5,Serum Horizon Global
ORD-02369,Cardiovascular Drug,500,Standard,144.76,8,0.988,0.835,0.87,94.1,CryoSafe LifeSciences
ORD-02370,Immunosuppressant,2500,Medium,372.49,5,0.989,0.982,0.43,94.3,OmniHealth Labs
ORD-02371,Antihistamine,1000,Standard,57.98,3,0.853,0.809,0.01,97.1,Pulse Generic Pharma
ORD-02372,Insulin,1000,High,213.73,6,0.937,0.931,1.42,98.4,OmniHealth Labs
ORD-02373,Monoclonal Antibody,2500,Medium,5665.62,5,0.954,0.95,1.74,97.6,MediCore Labs
ORD-02374,Vaccine,5000,Standard,251.51,9,0.888,0.987,0.79,98.0,OmniHealth Labs
ORD-02375,Monoclonal Antibody,100,Standard,6324.43,11,0.914,1.0,0.5,93.9,CryoSafe LifeSciences
ORD-02376,Immunosuppressant,500,Medium,361.0,4,0.963,0.916,0.78,94.9,OmniHealth Labs
ORD-02377,Painkiller,100,High,49.92,7,0.937,0.893,0.58,91.7,Serum Horizon Global
ORD-02378,Vaccine,100,Medium,283.32,6,0.872,0.899,0.7,93.5,BioMatrix International
ORD-02379,Cardiovascular Drug,5000,High,182.86,4,1.0,0.887,0.15,93.5,Serum Horizon Global
ORD-02380,Insulin,5000,High,173.04,8,0.801,0.963,1.16,93.8,PharmaTrust Global
ORD-02381,Insulin,5000,Medium,212.66,6,0.935,0.88,0.56,95.3,Apex BioPharma
ORD-02382,Antihistamine,500,Standard,59.98,4,0.838,0.966,0.68,97.1,Zenith LifeSciences
ORD-02383,Monoclonal Antibody,1000,Standard,4560.15,4,0.845,0.904,1.06,97.8,Pulse Generic Pharma
ORD-02384,Antiviral,100,Medium,169.67,1,0.925,0.793,0.39,95.4,MediCore Labs
ORD-02385,Antiviral,500,Medium,188.37,3,0.915,0.859,0.2,96.7,MediCore Labs
ORD-02386,Vaccine,500,Standard,296.08,5,0.949,0.908,0.17,96.6,Quantum Health Sciences
ORD-02387,Antibiotic,100,High,146.56,3,0.943,0.907,0.64,100.0,NovaCure Therapeutics
ORD-02388,Vaccine,1000,Medium,324.83,9,0.92,0.924,0.28,96.2,Quantum Health Sciences
ORD-02389,Antiviral,100,Medium,210.06,6,0.934,0.819,0.54,93.2,Pulse Generic Pharma
ORD-02390,Monoclonal Antibody,5000,Medium,6277.51,4,0.974,0.953,1.32,96.8,MediCore Labs
ORD-02391,Antihistamine,250,High,57.38,5,0.891,1.0,0.74,95.5,Zenith LifeSciences
ORD-02392,Monoclonal Antibody,250,High,5095.7,5,0.908,0.93,1.11,99.0,Pulse Generic Pharma
ORD-02393,Antibiotic,100,Medium,122.17,7,0.976,0.967,0.38,97.5,PharmaTrust Global
ORD-02394,Antibiotic,2500,Medium,123.9,10,0.984,1.0,0.31,96.6,PharmaTrust Global
ORD-02395,Immunosuppressant,2500,Medium,434.86,9,0.894,0.907,1.27,98.8,VitalCare Pharmaceuticals
ORD-02396,Monoclonal Antibody,250,High,3885.92,1,0.869,0.912,0.79,94.1,VitalCare Pharmaceuticals
ORD-02397,Insulin,1000,High,277.64,11,0.863,0.962,1.71,97.7,Beacon Pharmaceuticals
ORD-02398,Monoclonal Antibody,500,High,5090.68,3,0.849,0.928,0.77,92.5,VitalCare Pharmaceuticals
ORD-02399,Chemotherapy Agent,500,High,548.59,11,0.945,0.934,0.53,95.2,GlobalRx Supply Chain
ORD-02400,Antiviral,100,Medium,187.68,2,0.863,0.813,0.43,96.4,MediCore Labs
ORD-02401,Painkiller,1000,Standard,46.7,3,0.87,0.807,0.11,97.0,Beacon Pharmaceuticals
ORD-02402,Antihistamine,1000,Standard,55.5,10,0.972,0.983,1.45,98.4,NovaCure Therapeutics
ORD-02403,Cardiovascular Drug,5000,Medium,203.26,10,0.907,0.81,0.6,97.1,Quantum Health Sciences
ORD-02404,Painkiller,100,Medium,44.21,3,0.856,0.826,0.18,96.0,Beacon Pharmaceuticals
ORD-02405,Cardiovascular Drug,2500,Standard,150.02,10,1.0,0.909,0.48,94.8,CryoSafe LifeSciences
ORD-02406,Vaccine,5000,High,317.18,5,0.863,0.975,1.02,99.5,Vanguard Pharma
ORD-02407,Painkiller,100,Standard,39.8,7,0.96,0.805,0.01,97.1,MediCore Labs
ORD-02408,Insulin,5000,Medium,215.96,4,0.853,0.932,0.27,96.0,VitalCare Pharmaceuticals
ORD-02409,Antiviral,500,Standard,194.71,3,0.855,0.919,0.28,97.1,Vanguard Pharma
ORD-02410,Painkiller,100,Medium,49.83,6,0.963,0.821,0.01,97.9,MediCore Labs
ORD-02411,Antiviral,100,Standard,193.11,4,0.925,0.837,0.64,95.1,MediCore Labs
ORD-02412,Immunosuppressant,100,High,383.35,5,0.934,0.906,0.78,95.6,OmniHealth Labs
ORD-02413,Vaccine,500,Medium,256.3,6,0.897,1.0,0.74,96.7,OmniHealth Labs
ORD-02414,Antiviral,500,Standard,197.31,3,0.879,0.938,0.12,96.4,Vanguard Pharma
ORD-02415,Insulin,500,Medium,211.55,7,0.923,0.952,0.52,98.1,VitalCare Pharmaceuticals
ORD-02416,Antihistamine,500,Medium,62.82,8,0.916,0.988,1.33,100.0,NovaCure Therapeutics
ORD-02417,Antibiotic,1000,High,123.1,8,0.996,0.917,0.42,97.2,PharmaTrust Global
ORD-02418,Immunosuppressant,100,Medium,374.94,6,0.917,0.954,1.0,95.1,OmniHealth Labs
ORD-02419,Painkiller,500,High,49.57,6,0.828,0.79,0.94,98.3,Apex BioPharma
ORD-02420,Antihistamine,2500,Medium,63.03,9,0.927,0.977,1.34,97.9,NovaCure Therapeutics
ORD-02421,Painkiller,2500,Medium,41.79,2,0.889,0.827,0.19,96.3,Beacon Pharmaceuticals
ORD-02422,Immunosuppressant,250,Medium,366.44,3,0.942,0.972,0.96,93.9,OmniHealth Labs
ORD-02423,Monoclonal Antibody,500,High,5549.13,8,0.881,0.93,1.08,95.5,Zenith LifeSciences
ORD-02424,Cardiovascular Drug,250,Medium,192.05,4,0.947,0.896,0.18,96.0,Serum Horizon Global
ORD-02425,Antihistamine,100,Standard,61.38,8,0.969,0.952,1.2,97.5,NovaCure Therapeutics
ORD-02426,Insulin,500,Medium,254.39,5,0.884,0.809,0.03,96.0,Apex BioPharma
ORD-02427,Vaccine,2500,High,247.32,7,0.91,0.878,0.68,96.7,OmniHealth Labs
ORD-02428,Antihistamine,100,Standard,58.69,5,0.896,0.815,0.55,99.3,Aegis Health Supplies
ORD-02429,Chemotherapy Agent,500,High,522.44,1,0.884,0.835,0.41,96.0,Beacon Pharmaceuticals
ORD-02430,Monoclonal Antibody,5000,Medium,6244.04,5,1.0,0.952,1.49,97.1,MediCore Labs
ORD-02431,Painkiller,250,Medium,40.73,1,0.865,0.785,0.35,95.8,Beacon Pharmaceuticals
ORD-02432,Monoclonal Antibody,5000,Medium,5515.21,5,0.991,0.955,1.08,98.2,MediCore Labs
ORD-02433,Antibiotic,5000,High,142.57,6,0.881,0.841,0.59,97.7,BioMatrix International
ORD-02434,Chemotherapy Agent,1000,Standard,589.3,3,0.924,0.907,0.26,95.2,Bharat BioLogics
ORD-02435,Antibiotic,1000,Standard,121.11,9,0.983,0.973,0.26,98.0,PharmaTrust Global
ORD-02436,Vaccine,100,Medium,290.84,5,0.919,0.992,0.74,95.7,OmniHealth Labs
ORD-02437,Vaccine,500,High,245.96,5,0.978,0.976,0.74,97.4,OmniHealth Labs
ORD-02438,Insulin,5000,Standard,235.96,6,1.0,0.863,1.07,98.0,OmniHealth Labs
ORD-02439,Cardiovascular Drug,500,Medium,192.74,8,0.991,0.823,0.96,98.6,Quantum Health Sciences
ORD-02440,Immunosuppressant,2500,High,338.29,7,0.938,0.934,0.66,94.8,OmniHealth Labs
ORD-02441,Antibiotic,500,Medium,133.14,2,0.982,0.858,0.05,97.6,NovaCure Therapeutics
ORD-02442,Antihistamine,5000,Standard,61.85,2,0.864,0.867,0.07,95.7,Aegis Health Supplies
ORD-02443,Antihistamine,5000,High,60.7,6,0.909,0.878,0.5,97.3,Aegis Health Supplies
ORD-02444,Antibiotic,250,High,139.44,4,1.0,0.875,0.28,99.4,NovaCure Therapeutics
ORD-02445,Antibiotic,500,High,135.22,6,1.0,0.911,0.38,98.8,NovaCure Therapeutics
ORD-02446,Immunosuppressant,500,Medium,378.7,10,0.99,0.863,1.16,95.8,Bharat BioLogics
ORD-02447,Immunosuppressant,2500,High,355.5,3,0.878,0.887,0.41,94.5,OmniHealth Labs
ORD-02448,Antiviral,5000,Medium,217.99,11,0.805,0.91,0.38,99.4,GlobalRx Supply Chain
ORD-02449,Monoclonal Antibody,100,Medium,5242.7,6,0.782,0.985,1.17,99.0,Pulse Generic Pharma
ORD-02450,Chemotherapy Agent,5000,High,536.74,4,0.893,0.848,0.36,96.1,Beacon Pharmaceuticals
ORD-02451,Antihistamine,5000,Medium,62.45,9,0.885,0.995,1.38,99.8,NovaCure Therapeutics
ORD-02452,Painkiller,2500,High,45.35,1,0.883,0.813,0.27,96.4,Beacon Pharmaceuticals
ORD-02453,Painkiller,250,Standard,43.95,7,0.93,0.776,0.6,97.5,Apex BioPharma
ORD-02454,Antihistamine,500,Medium,56.94,6,0.908,0.909,1.06,95.0,Zenith LifeSciences
ORD-02455,Cardiovascular Drug,250,High,151.11,5,0.94,0.914,1.1,97.1,Aegis Health Supplies
ORD-02456,Monoclonal Antibody,250,High,6089.67,5,0.913,0.91,1.26,97.1,Zenith LifeSciences
ORD-02457,Insulin,2500,High,253.4,7,1.0,0.908,0.29,95.7,Apex BioPharma
ORD-02458,Vaccine,250,High,325.58,7,0.979,0.891,0.21,94.2,Quantum Health Sciences
ORD-02459,Antiviral,100,Medium,214.01,4,0.922,0.906,0.4,96.4,MediCore Labs
ORD-02460,Antibiotic,5000,Standard,123.51,7,0.961,0.904,0.55,96.9,PharmaTrust Global
ORD-02461,Vaccine,100,Standard,278.92,6,0.921,0.927,0.78,97.7,Vanguard Pharma
ORD-02462,Insulin,1000,Standard,226.23,4,0.938,0.917,0.55,96.5,VitalCare Pharmaceuticals
ORD-02463,Vaccine,500,High,361.83,6,0.977,0.967,1.06,99.7,Vanguard Pharma
ORD-02464,Immunosuppressant,250,High,438.58,7,0.948,0.809,0.51,93.2,CryoSafe LifeSciences
ORD-02465,Insulin,100,High,243.2,7,0.951,0.974,0.99,99.6,OmniHealth Labs
ORD-02466,Antiviral,500,Medium,200.29,1,0.841,0.86,0.72,96.2,MediCore Labs
ORD-02467,Cardiovascular Drug,500,Standard,149.61,8,0.929,0.912,0.82,97.8,Aegis Health Supplies
ORD-02468,Chemotherapy Agent,100,Standard,454.12,4,0.805,0.774,0.02,97.7,Beacon Pharmaceuticals
ORD-02469,Chemotherapy Agent,250,Medium,571.92,4,0.975,0.915,0.84,93.9,Bharat BioLogics
ORD-02470,Chemotherapy Agent,250,Medium,467.33,2,0.87,0.911,0.59,96.2,Beacon Pharmaceuticals
ORD-02471,Antibiotic,250,Standard,130.28,6,1.0,0.841,0.38,96.9,NovaCure Therapeutics
ORD-02472,Monoclonal Antibody,100,Standard,4857.65,5,0.844,0.892,0.63,92.1,VitalCare Pharmaceuticals
ORD-02473,Chemotherapy Agent,500,Standard,465.11,4,0.869,0.856,0.01,94.4,Beacon Pharmaceuticals
ORD-02474,Insulin,100,Medium,231.07,5,0.885,0.847,0.55,95.6,VitalCare Pharmaceuticals
ORD-02475,Painkiller,250,Medium,45.54,4,0.898,0.843,0.28,95.7,Beacon Pharmaceuticals
ORD-02476,Insulin,250,Medium,225.36,5,0.958,0.906,1.36,95.7,OmniHealth Labs
ORD-02477,Cardiovascular Drug,250,Standard,202.84,8,0.886,0.87,0.59,99.9,Quantum Health Sciences
ORD-02478,Monoclonal Antibody,250,Standard,4639.95,5,0.974,0.94,1.15,97.9,MediCore Labs
ORD-02479,Antihistamine,5000,High,55.94,5,0.935,0.826,0.26,98.1,Aegis Health Supplies
ORD-02480,Antibiotic,100,High,113.21,10,1.0,0.934,0.42,96.6,PharmaTrust Global
ORD-02481,Painkiller,5000,High,52.54,7,0.969,0.812,0.14,95.8,MediCore Labs
ORD-02482,Insulin,100,Standard,230.76,6,0.853,0.938,0.89,94.0,PharmaTrust Global
ORD-02483,Painkiller,250,High,43.87,10,0.938,0.918,0.83,94.7,BioMatrix International
ORD-02484,Antihistamine,250,Standard,61.01,4,0.912,0.869,0.3,97.1,Pulse Generic Pharma
ORD-02485,Immunosuppressant,5000,High,314.79,4,0.969,0.905,0.42,94.6,OmniHealth Labs
ORD-02486,Monoclonal Antibody,1000,Standard,4668.6,1,0.882,0.89,0.89,90.6,VitalCare Pharmaceuticals
ORD-02487,Painkiller,250,Standard,39.37,5,0.862,0.852,0.62,96.0,Apex BioPharma
ORD-02488,Cardiovascular Drug,5000,Standard,246.7,5,0.954,0.867,0.35,94.6,Serum Horizon Global
ORD-02489,Antihistamine,1000,High,59.1,5,0.891,0.798,0.4,96.7,Pulse Generic Pharma
ORD-02490,Immunosuppressant,2500,Standard,358.27,6,0.888,0.951,0.54,95.2,OmniHealth Labs
ORD-02491,Insulin,500,Standard,241.98,6,0.927,0.904,0.73,96.3,VitalCare Pharmaceuticals
ORD-02492,Immunosuppressant,500,Standard,378.71,5,0.929,0.953,0.77,93.1,OmniHealth Labs
ORD-02493,Antibiotic,5000,Medium,154.88,6,0.926,0.838,0.13,97.2,NovaCure Therapeutics
ORD-02494,Vaccine,1000,High,283.27,5,0.931,0.933,0.88,96.5,OmniHealth Labs
ORD-02495,Painkiller,250,High,54.61,7,0.974,0.91,0.02,97.0,MediCore Labs
ORD-02496,Immunosuppressant,5000,High,418.18,8,1.0,0.788,0.2,93.5,CryoSafe LifeSciences
ORD-02497,Antibiotic,5000,Standard,132.07,7,0.934,0.874,1.41,93.6,Zenith LifeSciences
ORD-02498,Immunosuppressant,250,Standard,397.42,7,0.981,0.939,0.66,92.5,OmniHealth Labs
ORD-02499,Antiviral,1000,Standard,225.05,7,0.905,0.899,0.01,99.3,GlobalRx Supply Chain
ORD-02500,Insulin,250,Standard,232.01,4,0.956,0.81,0.21,94.1,Apex BioPharma
ORD-02501,Insulin,500,Standard,233.78,8,0.952,0.882,0.59,97.5,VitalCare Pharmaceuticals
ORD-02502,Chemotherapy Agent,5000,Standard,516.13,8,1.0,0.962,0.1,96.5,GlobalRx Supply Chain
ORD-02503,Insulin,100,Medium,225.42,5,0.963,0.928,1.25,97.8,OmniHealth Labs
ORD-02504,Chemotherapy Agent,500,Medium,474.72,8,0.836,0.891,1.0,98.3,Serum Horizon Global
ORD-02505,Cardiovascular Drug,250,Standard,156.23,6,0.892,0.916,1.47,97.8,Aegis Health Supplies
ORD-02506,Chemotherapy Agent,250,High,432.06,8,0.871,0.898,0.71,92.2,Apex BioPharma
ORD-02507,Antibiotic,5000,Medium,111.69,5,0.987,0.922,0.18,99.8,NovaCure Therapeutics
ORD-02508,Immunosuppressant,2500,Medium,399.39,6,0.919,0.939,0.35,92.2,OmniHealth Labs
ORD-02509,Painkiller,1000,Medium,39.05,4,0.862,0.832,0.32,95.6,Beacon Pharmaceuticals
ORD-02510,Monoclonal Antibody,500,Medium,4837.67,8,0.84,0.944,1.07,98.6,Pulse Generic Pharma
ORD-02511,Monoclonal Antibody,500,Medium,4542.08,5,0.838,0.875,1.25,97.5,Pulse Generic Pharma
ORD-02512,Antibiotic,2500,Medium,134.02,6,0.974,0.943,0.54,97.9,PharmaTrust Global
ORD-02513,Antiviral,500,High,239.47,11,0.898,0.888,0.09,99.7,GlobalRx Supply Chain
ORD-02514,Antibiotic,500,High,144.23,5,0.942,0.921,0.4,98.3,NovaCure Therapeutics
ORD-02515,Immunosuppressant,2500,Standard,393.61,3,0.855,0.986,0.48,95.0,OmniHealth Labs
ORD-02516,Vaccine,500,Medium,278.14,9,0.959,0.981,0.69,97.4,OmniHealth Labs
ORD-02517,Painkiller,500,Standard,38.88,3,0.911,0.879,0.39,94.4,Beacon Pharmaceuticals
ORD-02518,Vaccine,100,High,325.47,7,0.916,0.916,0.26,93.7,Quantum Health Sciences
ORD-02519,Antibiotic,500,Standard,127.13,10,0.907,0.784,0.31,99.0,BioMatrix International
ORD-02520,Antibiotic,1000,Standard,126.74,10,0.925,0.971,0.05,97.3,PharmaTrust Global
ORD-02521,Monoclonal Antibody,250,Medium,4264.08,3,0.824,0.952,1.16,93.0,VitalCare Pharmaceuticals
ORD-02522,Vaccine,2500,Standard,307.46,9,0.954,0.869,0.52,97.1,Quantum Health Sciences
ORD-02523,Monoclonal Antibody,500,Standard,4645.11,3,0.887,0.991,1.16,92.1,VitalCare Pharmaceuticals
ORD-02524,Immunosuppressant,2500,High,370.58,3,0.927,1.0,0.58,93.0,OmniHealth Labs
ORD-02525,Painkiller,500,Medium,41.86,8,0.909,0.854,0.75,99.2,Apex BioPharma
ORD-02526,Cardiovascular Drug,1000,Medium,197.13,8,0.931,0.831,0.56,98.0,Quantum Health Sciences
ORD-02527,Antihistamine,2500,Standard,61.91,10,0.91,0.968,1.48,97.9,NovaCure Therapeutics
ORD-02528,Antibiotic,2500,Standard,118.89,6,0.99,0.972,1.07,95.6,Bharat BioLogics
ORD-02529,Antibiotic,500,High,126.48,10,0.942,0.882,0.37,97.1,PharmaTrust Global
ORD-02530,Chemotherapy Agent,1000,Medium,478.81,7,1.0,0.905,0.01,95.6,GlobalRx Supply Chain
ORD-02531,Antihistamine,100,Standard,59.14,10,0.891,0.98,1.51,99.0,NovaCure Therapeutics
ORD-02532,Vaccine,5000,Medium,257.28,8,0.948,0.928,0.78,94.4,OmniHealth Labs
ORD-02533,Insulin,1000,High,260.11,7,0.942,0.881,0.47,96.3,VitalCare Pharmaceuticals
ORD-02534,Insulin,1000,High,252.83,5,0.96,1.0,1.16,96.7,OmniHealth Labs
ORD-02535,Cardiovascular Drug,2500,High,187.17,5,0.947,0.829,0.01,94.2,Serum Horizon Global
ORD-02536,Chemotherapy Agent,100,High,556.01,1,0.908,0.886,0.53,94.8,Bharat BioLogics
ORD-02537,Vaccine,1000,Medium,265.37,9,0.945,0.911,0.57,98.0,OmniHealth Labs
ORD-02538,Chemotherapy Agent,5000,High,556.42,2,0.934,0.936,0.81,96.0,Bharat BioLogics
ORD-02539,Antihistamine,500,Medium,59.51,5,0.957,0.979,0.73,94.4,Zenith LifeSciences
ORD-02540,Antihistamine,100,Medium,64.08,3,0.888,0.934,1.36,95.0,Summit BioSolutions
ORD-02541,Antiviral,100,High,170.67,5,0.862,0.915,0.26,96.2,Vanguard Pharma
ORD-02542,Cardiovascular Drug,500,Medium,161.18,4,0.869,0.874,1.13,96.9,Aegis Health Supplies
ORD-02543,Cardiovascular Drug,2500,Medium,162.57,7,0.897,0.915,0.35,95.6,CryoSafe LifeSciences
ORD-02544,Antibiotic,100,Medium,128.13,8,0.991,0.839,0.57,97.8,PharmaTrust Global
ORD-02545,Vaccine,500,Medium,342.22,7,0.957,0.791,0.32,97.2,Quantum Health Sciences
ORD-02546,Chemotherapy Agent,500,High,458.37,6,0.914,0.869,0.82,92.7,Apex BioPharma
ORD-02547,Painkiller,500,Standard,44.94,1,0.832,0.864,0.01,95.7,Beacon Pharmaceuticals
ORD-02548,Painkiller,5000,Standard,46.77,1,0.942,0.842,0.46,94.5,Beacon Pharmaceuticals
ORD-02549,Vaccine,100,Standard,266.66,6,0.889,0.956,0.82,95.9,OmniHealth Labs
ORD-02550,Antihistamine,100,Medium,67.84,7,0.878,0.976,0.42,94.5,Zenith LifeSciences
ORD-02551,Monoclonal Antibody,2500,Medium,4783.98,1,0.889,0.894,1.05,93.9,VitalCare Pharmaceuticals
ORD-02552,Monoclonal Antibody,2500,Standard,6010.83,5,0.979,0.973,1.31,97.1,MediCore Labs
ORD-02553,Antiviral,2500,Medium,183.93,3,0.882,0.902,0.09,97.9,Vanguard Pharma
ORD-02554,Antiviral,5000,Medium,181.69,4,0.926,0.912,0.22,97.7,Vanguard Pharma
ORD-02555,Monoclonal Antibody,2500,Medium,4699.19,2,0.846,0.927,0.93,93.5,VitalCare Pharmaceuticals
ORD-02556,Antiviral,5000,High,199.0,3,0.931,0.882,0.49,95.3,MediCore Labs
ORD-02557,Cardiovascular Drug,5000,Medium,177.37,5,0.894,0.941,1.28,96.8,Aegis Health Supplies
ORD-02558,Painkiller,100,Medium,42.27,9,0.962,0.94,0.96,93.0,BioMatrix International
ORD-02559,Monoclonal Antibody,1000,High,4203.53,7,0.889,0.918,1.19,99.4,Pulse Generic Pharma
ORD-02560,Painkiller,500,High,48.87,6,0.979,0.821,0.2,96.9,MediCore Labs
ORD-02561,Monoclonal Antibody,100,Standard,5310.67,9,0.884,0.917,0.62,92.6,CryoSafe LifeSciences
ORD-02562,Cardiovascular Drug,2500,Standard,170.55,8,1.0,0.829,0.68,93.6,CryoSafe LifeSciences
ORD-02563,Monoclonal Antibody,1000,High,5183.49,8,0.788,0.918,1.25,97.5,Pulse Generic Pharma
ORD-02564,Painkiller,500,High,42.37,4,0.862,0.828,0.6,98.4,Apex BioPharma
ORD-02565,Chemotherapy Agent,2500,High,475.76,6,0.856,0.908,0.84,93.6,Apex BioPharma
ORD-02566,Painkiller,500,Standard,44.96,6,0.969,0.844,0.21,97.2,MediCore Labs
ORD-02567,Antihistamine,5000,High,59.92,7,0.937,0.951,1.31,98.1,NovaCure Therapeutics
ORD-02568,Cardiovascular Drug,5000,Medium,165.05,6,0.887,0.922,0.84,98.5,Aegis Health Supplies
ORD-02569,Cardiovascular Drug,2500,Standard,146.49,10,0.977,0.869,0.71,96.5,CryoSafe LifeSciences
ORD-02570,Painkiller,1000,Medium,39.91,1,0.822,0.856,0.36,95.5,Beacon Pharmaceuticals
ORD-02571,Vaccine,100,Medium,303.26,5,0.959,0.938,0.97,100.0,Vanguard Pharma
ORD-02572,Insulin,1000,Medium,225.74,8,0.905,0.951,1.11,98.4,OmniHealth Labs
ORD-02573,Antibiotic,1000,Medium,135.51,4,0.991,0.881,0.37,97.9,NovaCure Therapeutics
ORD-02574,Antihistamine,1000,Standard,53.81,7,0.952,0.91,1.34,94.2,Summit BioSolutions
ORD-02575,Antiviral,250,Medium,219.11,5,0.944,0.899,0.39,96.7,MediCore Labs
ORD-02576,Vaccine,2500,Standard,299.27,9,0.865,0.864,1.0,93.1,Summit BioSolutions
ORD-02577,Cardiovascular Drug,5000,Medium,161.16,4,0.919,0.881,1.06,99.2,Aegis Health Supplies
ORD-02578,Antihistamine,5000,Standard,59.89,4,0.878,0.848,0.96,95.5,Summit BioSolutions
ORD-02579,Insulin,1000,Medium,212.05,8,0.854,0.961,1.02,92.0,PharmaTrust Global
ORD-02580,Monoclonal Antibody,5000,High,5489.56,5,0.89,0.877,0.93,98.5,Pulse Generic Pharma
ORD-02581,Immunosuppressant,2500,Standard,349.66,4,0.84,0.981,0.57,93.9,OmniHealth Labs
ORD-02582,Antiviral,2500,High,187.71,4,0.897,0.893,0.35,96.6,Vanguard Pharma
ORD-02583,Vaccine,250,Standard,353.96,4,0.94,0.95,1.03,97.5,Vanguard Pharma
ORD-02584,Antihistamine,2500,High,67.17,3,0.942,0.898,1.73,93.3,Summit BioSolutions
ORD-02585,Antiviral,250,Standard,187.04,3,0.933,0.868,0.66,96.1,MediCore Labs
ORD-02586,Antiviral,1000,Standard,203.49,7,0.884,0.937,0.01,97.1,Vanguard Pharma
ORD-02587,Monoclonal Antibody,5000,Medium,5056.45,3,0.846,0.97,0.46,92.9,VitalCare Pharmaceuticals
ORD-02588,Antibiotic,5000,Standard,134.48,6,0.995,0.969,0.48,95.0,PharmaTrust Global
ORD-02589,Cardiovascular Drug,250,Medium,178.23,5,0.875,0.951,0.93,98.7,Aegis Health Supplies
ORD-02590,Cardiovascular Drug,2500,High,149.0,11,0.964,0.92,0.53,94.1,CryoSafe LifeSciences
ORD-02591,Cardiovascular Drug,2500,Standard,199.81,8,0.989,0.872,0.74,96.0,Serum Horizon Global
ORD-02592,Cardiovascular Drug,2500,Standard,167.72,5,0.909,0.892,1.06,98.6,Aegis Health Supplies
ORD-02593,Vaccine,500,Medium,382.9,6,0.96,1.0,1.4,98.3,Vanguard Pharma
ORD-02594,Antihistamine,500,High,62.05,8,0.941,0.981,1.56,100.0,NovaCure Therapeutics
ORD-02595,Cardiovascular Drug,500,Standard,200.35,7,0.916,0.87,1.01,97.1,Quantum Health Sciences
ORD-02596,Vaccine,500,Medium,312.2,7,0.973,0.884,0.54,96.6,Quantum Health Sciences
ORD-02597,Cardiovascular Drug,500,Medium,164.06,6,0.917,0.889,0.91,98.8,Aegis Health Supplies
ORD-02598,Vaccine,2500,High,330.72,5,0.938,0.986,0.75,96.5,OmniHealth Labs
ORD-02599,Antihistamine,500,Standard,54.97,8,0.929,1.0,0.68,96.2,Zenith LifeSciences
ORD-02600,Monoclonal Antibody,1000,Standard,4226.9,4,0.836,0.914,1.16,99.2,Pulse Generic Pharma
ORD-02601,Immunosuppressant,1000,Standard,391.05,5,0.887,0.929,0.67,94.0,Quantum Health Sciences
ORD-02602,Immunosuppressant,1000,Medium,428.1,7,0.985,0.826,0.35,93.5,CryoSafe LifeSciences
ORD-02603,Immunosuppressant,250,Medium,374.95,3,0.906,0.956,0.84,94.3,OmniHealth Labs
ORD-02604,Vaccine,2500,Medium,319.35,6,0.869,0.978,0.46,93.4,BioMatrix International
ORD-02605,Vaccine,250,High,283.95,5,0.904,0.986,0.85,96.5,OmniHealth Labs
ORD-02606,Painkiller,100,Medium,47.26,7,0.966,0.885,0.01,95.9,MediCore Labs
ORD-02607,Antihistamine,2500,High,62.48,3,0.962,0.846,0.54,97.3,Pulse Generic Pharma
ORD-02608,Immunosuppressant,5000,Standard,370.32,7,0.863,0.931,0.86,94.4,OmniHealth Labs
ORD-02609,Painkiller,100,Medium,44.29,7,0.908,0.849,0.6,94.1,Serum Horizon Global
ORD-02610,Insulin,500,Medium,219.17,8,0.956,0.95,1.34,98.9,OmniHealth Labs
ORD-02611,Antibiotic,250,Standard,122.78,6,0.956,0.905,0.65,97.9,PharmaTrust Global
ORD-02612,Antihistamine,100,Standard,55.74,6,0.934,0.914,1.27,92.0,Summit BioSolutions
ORD-02613,Antibiotic,100,Standard,144.78,3,0.928,0.875,0.33,97.5,NovaCure Therapeutics
ORD-02614,Antibiotic,1000,High,149.72,5,0.945,0.863,0.12,98.7,NovaCure Therapeutics
ORD-02615,Antihistamine,5000,High,52.19,5,0.876,0.936,0.54,95.3,Zenith LifeSciences
ORD-02616,Chemotherapy Agent,250,High,639.99,2,0.95,0.903,0.76,95.9,Bharat BioLogics
ORD-02617,Painkiller,2500,Medium,40.6,4,0.891,0.845,0.29,95.7,Beacon Pharmaceuticals
ORD-02618,Vaccine,250,Standard,326.24,4,0.988,0.903,1.07,98.3,Vanguard Pharma
ORD-02619,Antihistamine,100,High,58.74,7,0.903,0.936,1.41,95.5,Summit BioSolutions
ORD-02620,Painkiller,100,Medium,44.84,10,0.967,0.928,1.27,93.6,BioMatrix International
ORD-02621,Antiviral,1000,High,200.94,5,0.794,0.835,0.38,94.7,MediCore Labs
ORD-02622,Immunosuppressant,1000,Standard,359.76,7,0.978,0.984,0.69,94.3,OmniHealth Labs
ORD-02623,Immunosuppressant,100,Standard,375.79,5,0.92,0.975,0.64,93.9,OmniHealth Labs
ORD-02624,Painkiller,1000,Standard,47.35,5,0.925,0.875,0.39,97.8,MediCore Labs
ORD-02625,Immunosuppressant,1000,Standard,349.82,5,0.91,1.0,0.62,94.8,OmniHealth Labs
ORD-02626,Antibiotic,250,Medium,123.31,4,0.932,0.855,1.43,93.0,Zenith LifeSciences
ORD-02627,Chemotherapy Agent,250,Standard,571.59,10,1.0,0.832,0.24,97.5,GlobalRx Supply Chain
ORD-02628,Antihistamine,100,High,67.91,2,0.874,0.862,0.86,97.5,Aegis Health Supplies
ORD-02629,Vaccine,100,Standard,271.25,8,0.905,0.963,0.77,95.3,OmniHealth Labs
ORD-02630,Chemotherapy Agent,100,Standard,425.5,5,0.844,0.804,0.18,95.1,Beacon Pharmaceuticals
ORD-02631,Antibiotic,1000,Medium,136.77,5,0.921,0.876,0.24,99.0,NovaCure Therapeutics
ORD-02632,Cardiovascular Drug,100,Standard,164.68,11,1.0,0.859,0.48,94.2,CryoSafe LifeSciences
ORD-02633,Painkiller,2500,Medium,46.5,4,0.973,0.807,0.23,93.9,MediCore Labs
ORD-02634,Chemotherapy Agent,2500,Medium,396.69,8,0.951,0.934,0.39,95.4,GlobalRx Supply Chain
ORD-02635,Painkiller,100,Standard,41.57,7,0.89,0.811,0.58,98.8,Apex BioPharma
ORD-02636,Antihistamine,100,Standard,62.48,7,0.933,0.875,1.3,93.9,Summit BioSolutions
ORD-02637,Immunosuppressant,5000,High,383.51,9,0.934,0.891,0.94,94.2,Quantum Health Sciences
ORD-02638,Vaccine,500,High,270.32,5,0.892,0.88,0.89,96.4,OmniHealth Labs
ORD-02639,Cardiovascular Drug,2500,High,172.35,7,1.0,0.849,0.62,95.7,CryoSafe LifeSciences
ORD-02640,Monoclonal Antibody,2500,Standard,6029.11,4,0.952,0.975,1.29,96.1,Zenith LifeSciences
ORD-02641,Antihistamine,1000,Standard,55.97,3,0.909,0.831,0.2,97.2,Pulse Generic Pharma
ORD-02642,Painkiller,2500,High,43.76,6,0.88,0.885,0.51,97.8,Apex BioPharma
ORD-02643,Chemotherapy Agent,1000,Medium,484.77,4,0.955,0.852,0.27,96.2,Beacon Pharmaceuticals
ORD-02644,Antiviral,2500,High,196.2,2,0.919,0.846,0.73,96.7,MediCore Labs
ORD-02645,Monoclonal Antibody,1000,High,5283.41,6,0.97,0.995,1.41,97.2,MediCore Labs
ORD-02646,Antiviral,2500,High,185.22,3,0.868,0.919,0.22,96.7,Vanguard Pharma
ORD-02647,Cardiovascular Drug,500,Medium,173.29,6,0.751,0.917,0.68,100.0,NovaCure Therapeutics
ORD-02648,Antibiotic,500,Medium,135.42,4,0.908,0.85,0.36,98.5,NovaCure Therapeutics
ORD-02649,Vaccine,100,High,288.62,4,0.918,0.929,0.92,98.1,Vanguard Pharma
ORD-02650,Chemotherapy Agent,500,Standard,481.7,9,0.889,0.852,0.83,98.2,Serum Horizon Global
ORD-02651,Monoclonal Antibody,2500,High,4958.64,2,0.903,0.904,1.02,92.9,VitalCare Pharmaceuticals
ORD-02652,Vaccine,500,High,319.99,5,0.862,0.981,0.76,94.0,BioMatrix International
ORD-02653,Cardiovascular Drug,100,Standard,197.7,8,0.908,0.861,0.67,99.7,Quantum Health Sciences
ORD-02654,Monoclonal Antibody,100,Medium,4147.13,2,0.877,0.98,0.98,94.9,VitalCare Pharmaceuticals
ORD-02655,Monoclonal Antibody,5000,Standard,4625.74,5,0.842,0.952,1.13,99.9,Pulse Generic Pharma
ORD-02656,Painkiller,5000,Standard,44.93,6,0.982,0.852,0.15,96.4,MediCore Labs
ORD-02657,Cardiovascular Drug,2500,High,182.25,5,0.867,0.886,0.87,99.7,Aegis Health Supplies
ORD-02658,Antibiotic,5000,Standard,131.83,6,0.917,1.0,0.43,99.6,PharmaTrust Global
ORD-02659,Monoclonal Antibody,1000,Standard,4987.12,7,0.876,0.914,1.39,96.8,Pulse Generic Pharma
ORD-02660,Cardiovascular Drug,100,Standard,163.84,8,0.946,0.911,0.59,93.9,CryoSafe LifeSciences
ORD-02661,Monoclonal Antibody,250,Standard,6120.98,9,0.974,0.919,0.58,94.8,CryoSafe LifeSciences
ORD-02662,Antihistamine,500,Medium,61.85,5,0.856,0.914,1.19,94.2,Summit BioSolutions
ORD-02663,Immunosuppressant,100,Standard,433.59,5,0.895,0.944,1.03,99.4,VitalCare Pharmaceuticals
ORD-02664,Insulin,5000,Medium,226.62,5,0.965,0.932,0.91,97.7,OmniHealth Labs
ORD-02665,Painkiller,250,Standard,46.16,4,0.833,0.767,0.43,95.2,Beacon Pharmaceuticals
ORD-02666,Monoclonal Antibody,100,Standard,5152.24,8,0.888,0.806,1.23,97.0,Pulse Generic Pharma
ORD-02667,Antiviral,100,Medium,192.78,5,0.812,0.845,0.33,96.4,Vanguard Pharma
ORD-02668,Immunosuppressant,100,High,402.88,5,0.91,0.942,0.5,95.5,OmniHealth Labs
ORD-02669,Immunosuppressant,100,Medium,413.98,6,0.96,0.837,0.41,94.9,CryoSafe LifeSciences
ORD-02670,Antiviral,5000,Standard,194.28,5,0.839,0.803,0.42,95.3,MediCore Labs
ORD-02671,Vaccine,2500,Standard,272.19,6,0.955,0.877,1.06,92.4,Summit BioSolutions
ORD-02672,Cardiovascular Drug,500,Standard,221.78,9,0.835,0.895,0.19,99.7,NovaCure Therapeutics
ORD-02673,Vaccine,2500,Standard,258.53,7,0.925,0.872,1.23,95.8,Summit BioSolutions
ORD-02674,Immunosuppressant,5000,Medium,430.99,7,1.0,0.848,0.07,95.7,CryoSafe LifeSciences
ORD-02675,Immunosuppressant,500,Standard,407.69,6,0.892,0.971,0.78,95.0,OmniHealth Labs
ORD-02676,Chemotherapy Agent,100,High,493.66,8,0.978,0.848,1.11,99.6,Serum Horizon Global
ORD-02677,Cardiovascular Drug,250,Medium,171.06,4,0.926,0.923,0.98,99.3,Aegis Health Supplies
ORD-02678,Vaccine,250,Standard,286.13,9,0.952,0.909,1.2,94.3,Summit BioSolutions
ORD-02679,Monoclonal Antibody,2500,Medium,5476.4,4,0.968,0.981,1.37,94.9,MediCore Labs
ORD-02680,Antihistamine,100,Medium,64.07,3,0.904,0.851,0.35,95.1,Pulse Generic Pharma
ORD-02681,Vaccine,5000,Medium,343.25,6,0.81,0.999,0.77,94.7,BioMatrix International
ORD-02682,Immunosuppressant,2500,Standard,371.52,5,0.943,0.965,0.46,95.8,OmniHealth Labs
ORD-02683,Insulin,250,Standard,215.08,6,0.964,0.87,0.4,95.9,Apex BioPharma
ORD-02684,Monoclonal Antibody,250,High,5440.68,8,0.921,0.95,1.25,97.4,MediCore Labs
ORD-02685,Cardiovascular Drug,100,Medium,229.85,5,0.952,0.887,0.46,95.4,Serum Horizon Global
ORD-02686,Insulin,5000,Medium,227.29,5,0.894,0.914,1.09,97.9,OmniHealth Labs
ORD-02687,Antiviral,2500,Standard,212.79,5,0.893,0.888,0.31,98.0,Vanguard Pharma
ORD-02688,Monoclonal Antibody,2500,Standard,4383.53,1,0.977,0.948,1.04,93.1,VitalCare Pharmaceuticals
ORD-02689,Cardiovascular Drug,5000,Standard,158.98,8,0.93,0.888,1.01,94.8,CryoSafe LifeSciences
ORD-02690,Cardiovascular Drug,2500,Medium,163.68,6,0.908,0.929,1.2,97.9,Aegis Health Supplies
ORD-02691,Vaccine,1000,High,355.39,7,0.899,0.858,1.35,99.2,Vanguard Pharma
ORD-02692,Cardiovascular Drug,100,Medium,240.2,5,1.0,0.889,0.6,95.7,Serum Horizon Global
ORD-02693,Antiviral,1000,Standard,210.16,3,0.843,0.945,1.0,93.4,Summit BioSolutions
ORD-02694,Painkiller,250,Medium,37.02,6,0.909,0.904,0.57,97.5,Apex BioPharma
ORD-02695,Antiviral,100,Medium,168.96,4,0.9,0.856,0.23,97.5,MediCore Labs
ORD-02696,Painkiller,100,Medium,47.8,8,0.883,0.857,0.03,97.5,MediCore Labs
ORD-02697,Antiviral,100,High,203.65,6,0.876,0.876,0.19,97.7,Vanguard Pharma
ORD-02698,Antiviral,100,Medium,257.32,10,0.881,0.882,0.03,97.5,GlobalRx Supply Chain
ORD-02699,Chemotherapy Agent,250,Standard,430.37,2,0.85,0.833,0.01,96.6,Beacon Pharmaceuticals
ORD-02700,Immunosuppressant,500,Standard,340.89,5,0.94,0.969,0.6,94.8,OmniHealth Labs
ORD-02701,Monoclonal Antibody,500,Standard,4577.01,7,0.896,0.861,1.33,100.0,Pulse Generic Pharma
ORD-02702,Insulin,500,Standard,237.19,7,0.922,0.951,0.59,96.8,VitalCare Pharmaceuticals
ORD-02703,Monoclonal Antibody,250,Standard,5091.33,5,0.992,0.98,1.46,96.9,MediCore Labs
ORD-02704,Immunosuppressant,100,Standard,358.88,5,0.929,0.916,0.62,94.8,OmniHealth Labs
ORD-02705,Insulin,1000,Medium,255.84,6,0.883,0.928,0.32,97.7,VitalCare Pharmaceuticals
ORD-02706,Immunosuppressant,250,High,391.95,7,0.921,0.963,0.78,94.1,OmniHealth Labs
ORD-02707,Antibiotic,2500,High,154.44,3,0.922,0.889,0.6,99.2,NovaCure Therapeutics
ORD-02708,Insulin,5000,Medium,226.34,6,0.859,0.976,1.13,93.2,PharmaTrust Global
ORD-02709,Cardiovascular Drug,500,Medium,182.35,4,0.865,0.948,0.43,99.5,Aegis Health Supplies
ORD-02710,Painkiller,500,Medium,47.67,5,0.935,0.903,0.5,98.0,Apex BioPharma
ORD-02711,Antihistamine,2500,High,66.66,8,0.92,0.906,1.58,98.8,NovaCure Therapeutics
ORD-02712,Monoclonal Antibody,250,Medium,5692.02,6,0.959,0.999,1.8,96.8,MediCore Labs
ORD-02713,Painkiller,250,Standard,43.1,9,0.941,0.899,0.98,93.9,Serum Horizon Global
ORD-02714,Antibiotic,250,Standard,121.13,9,1.0,0.973,0.46,97.2,PharmaTrust Global
ORD-02715,Antibiotic,5000,Standard,144.68,9,0.949,0.912,1.14,96.0,Bharat BioLogics
ORD-02716,Antihistamine,100,High,65.52,2,0.876,0.913,0.24,96.4,Pulse Generic Pharma
ORD-02717,Vaccine,500,Standard,285.13,8,0.959,0.953,0.9,96.8,OmniHealth Labs
ORD-02718,Cardiovascular Drug,500,Medium,168.67,4,0.927,0.842,1.14,97.6,Aegis Health Supplies
ORD-02719,Insulin,500,Standard,230.29,6,0.967,0.916,0.51,97.5,VitalCare Pharmaceuticals
ORD-02720,Painkiller,250,Standard,40.65,7,0.95,0.906,0.01,96.4,MediCore Labs
ORD-02721,Painkiller,5000,Standard,48.73,7,0.974,0.793,0.18,95.0,MediCore Labs
ORD-02722,Cardiovascular Drug,250,Medium,149.14,9,1.0,0.88,0.66,96.9,CryoSafe LifeSciences
ORD-02723,Antihistamine,250,Medium,54.7,6,0.983,0.871,1.29,96.0,Summit BioSolutions
ORD-02724,Cardiovascular Drug,2500,High,168.16,6,0.967,0.907,1.24,100.0,Aegis Health Supplies
ORD-02725,Antihistamine,2500,Standard,60.62,9,0.958,0.904,1.34,99.8,NovaCure Therapeutics
ORD-02726,Antibiotic,250,High,127.6,4,0.931,0.854,0.4,99.0,NovaCure Therapeutics
ORD-02727,Painkiller,500,Standard,44.93,8,0.886,0.837,0.2,96.4,MediCore Labs
ORD-02728,Painkiller,2500,Medium,44.61,11,0.973,0.877,0.86,93.2,BioMatrix International
ORD-02729,Painkiller,1000,Standard,34.89,1,0.907,0.82,0.1,95.0,Beacon Pharmaceuticals
ORD-02730,Chemotherapy Agent,500,High,540.62,2,0.873,0.826,0.21,97.1,Beacon Pharmaceuticals
ORD-02731,Monoclonal Antibody,250,Standard,4706.34,6,0.912,0.963,1.21,98.6,Pulse Generic Pharma
ORD-02732,Painkiller,1000,High,48.41,1,0.883,0.87,0.16,95.8,Beacon Pharmaceuticals
ORD-02733,Immunosuppressant,250,Medium,327.69,6,0.914,0.995,0.48,95.3,OmniHealth Labs
ORD-02734,Immunosuppressant,2500,Standard,385.96,3,0.892,0.929,0.3,93.0,OmniHealth Labs
ORD-02735,Insulin,1000,High,214.96,4,0.936,0.913,0.5,96.9,VitalCare Pharmaceuticals
ORD-02736,Monoclonal Antibody,2500,High,5311.08,4,0.976,0.979,1.84,96.8,MediCore Labs
ORD-02737,Cardiovascular Drug,5000,Medium,163.58,9,0.927,0.883,0.65,95.5,CryoSafe LifeSciences
ORD-02738,Antibiotic,100,Medium,133.14,2,0.925,0.912,0.17,98.7,NovaCure Therapeutics
ORD-02739,Monoclonal Antibody,5000,Standard,4559.18,7,0.819,0.912,1.4,99.1,Pulse Generic Pharma
ORD-02740,Antiviral,100,Medium,208.21,4,0.873,0.806,0.39,94.0,MediCore Labs
ORD-02741,Painkiller,500,Standard,44.86,5,0.88,0.827,0.33,96.5,Beacon Pharmaceuticals
ORD-02742,Antiviral,5000,Medium,213.97,6,0.886,0.908,0.21,97.1,Vanguard Pharma
ORD-02743,Chemotherapy Agent,1000,Standard,517.64,10,0.98,0.913,0.32,96.2,GlobalRx Supply Chain
ORD-02744,Antibiotic,500,Medium,130.39,8,0.921,0.767,0.28,99.1,BioMatrix International
ORD-02745,Chemotherapy Agent,1000,High,488.48,3,0.873,0.866,0.1,95.1,Beacon Pharmaceuticals
ORD-02746,Cardiovascular Drug,250,Standard,175.12,7,0.942,0.827,0.23,93.3,Serum Horizon Global
ORD-02747,Antihistamine,250,Standard,63.39,5,0.969,0.957,1.25,94.4,Summit BioSolutions
ORD-02748,Antibiotic,100,Medium,142.49,5,0.878,0.938,0.61,98.5,NovaCure Therapeutics
ORD-02749,Painkiller,2500,Standard,45.53,5,0.893,0.856,0.23,95.2,MediCore Labs
ORD-02750,Immunosuppressant,100,High,412.93,3,0.967,1.0,0.7,95.2,OmniHealth Labs
ORD-02751,Monoclonal Antibody,1000,Standard,4884.92,1,0.912,0.969,0.83,92.1,VitalCare Pharmaceuticals
ORD-02752,Antibiotic,2500,Standard,120.05,7,1.0,0.935,0.5,96.5,PharmaTrust Global
ORD-02753,Painkiller,100,High,46.57,6,0.902,0.871,0.21,97.5,MediCore Labs
ORD-02754,Insulin,1000,Standard,215.32,7,0.851,0.939,1.12,91.7,PharmaTrust Global
ORD-02755,Cardiovascular Drug,250,Medium,194.1,7,0.963,0.875,0.79,93.7,Serum Horizon Global
ORD-02756,Chemotherapy Agent,500,Standard,461.63,8,0.851,0.871,1.28,99.9,Serum Horizon Global
ORD-02757,Cardiovascular Drug,500,Medium,176.4,11,0.988,0.876,0.78,94.7,CryoSafe LifeSciences
ORD-02758,Antiviral,250,Standard,171.73,6,0.83,0.848,0.43,96.3,Vanguard Pharma
ORD-02759,Cardiovascular Drug,2500,Standard,190.0,6,0.855,0.917,0.51,98.0,NovaCure Therapeutics
ORD-02760,Painkiller,2500,Standard,39.84,5,0.857,0.847,0.56,97.0,Apex BioPharma
ORD-02761,Cardiovascular Drug,1000,High,178.72,7,0.989,0.937,1.63,98.1,Aegis Health Supplies
ORD-02762,Immunosuppressant,250,Medium,322.24,6,0.949,0.937,0.8,94.7,OmniHealth Labs
ORD-02763,Antiviral,500,Medium,189.29,4,0.904,0.949,0.2,98.5,Vanguard Pharma
ORD-02764,Monoclonal Antibody,1000,High,5259.63,5,0.825,0.876,1.13,99.8,Pulse Generic Pharma
ORD-02765,Immunosuppressant,500,Standard,393.0,5,1.0,0.995,0.41,95.3,OmniHealth Labs
ORD-02766,Antibiotic,100,Medium,122.77,7,0.926,0.85,1.25,94.5,Zenith LifeSciences
ORD-02767,Vaccine,2500,High,336.28,8,0.87,0.988,0.96,99.5,Vanguard Pharma
ORD-02768,Vaccine,500,Standard,288.69,5,0.907,0.952,0.79,95.0,OmniHealth Labs
ORD-02769,Cardiovascular Drug,500,High,194.94,4,0.957,0.824,0.4,95.4,Serum Horizon Global
ORD-02770,Monoclonal Antibody,2500,High,4213.79,2,0.961,0.899,0.82,91.8,VitalCare Pharmaceuticals
ORD-02771,Antiviral,2500,High,213.67,4,0.888,0.902,1.01,94.7,Summit BioSolutions
ORD-02772,Antihistamine,250,Standard,58.79,2,0.893,0.795,0.01,95.1,Pulse Generic Pharma
ORD-02773,Cardiovascular Drug,2500,Medium,173.47,4,0.978,0.901,1.08,97.2,Aegis Health Supplies
ORD-02774,Painkiller,2500,High,46.02,4,0.912,0.841,0.83,97.3,Apex BioPharma
ORD-02775,Vaccine,5000,Standard,290.45,4,0.943,0.993,1.09,97.4,Vanguard Pharma
ORD-02776,Insulin,1000,Standard,210.09,6,0.824,0.942,1.02,92.5,PharmaTrust Global
ORD-02777,Painkiller,5000,Standard,45.42,5,0.892,0.865,0.24,95.8,Beacon Pharmaceuticals
ORD-02778,Antihistamine,500,Standard,60.57,6,0.91,0.89,1.52,93.3,Summit BioSolutions
ORD-02779,Insulin,250,Medium,227.03,4,0.916,0.945,0.81,99.8,OmniHealth Labs
ORD-02780,Chemotherapy Agent,2500,Standard,497.61,7,1.0,0.918,0.38,96.1,GlobalRx Supply Chain
ORD-02781,Painkiller,2500,Standard,44.94,4,0.966,0.915,0.13,97.1,MediCore Labs
ORD-02782,Monoclonal Antibody,5000,High,4544.82,7,0.837,0.917,0.88,99.7,Pulse Generic Pharma
ORD-02783,Antihistamine,100,High,67.45,6,0.933,0.815,0.35,96.8,Pulse Generic Pharma
ORD-02784,Painkiller,500,Standard,48.92,6,0.922,0.866,0.08,95.8,MediCore Labs
ORD-02785,Insulin,1000,Standard,217.94,5,0.891,0.924,0.51,97.9,VitalCare Pharmaceuticals
ORD-02786,Monoclonal Antibody,100,High,5962.72,5,0.925,0.957,1.26,97.9,MediCore Labs
ORD-02787,Immunosuppressant,1000,High,310.97,6,0.91,0.989,0.48,96.1,OmniHealth Labs
ORD-02788,Vaccine,1000,Standard,327.53,5,0.862,0.95,0.56,92.0,BioMatrix International
ORD-02789,Insulin,100,High,228.82,6,0.907,0.949,1.15,97.3,OmniHealth Labs
ORD-02790,Vaccine,2500,High,300.77,8,0.951,0.951,1.07,99.4,Vanguard Pharma
ORD-02791,Antiviral,1000,Medium,189.18,4,0.873,0.887,0.62,95.2,MediCore Labs
ORD-02792,Chemotherapy Agent,5000,Medium,452.42,8,0.909,0.921,0.09,96.1,GlobalRx Supply Chain
ORD-02793,Painkiller,500,Medium,46.13,7,0.887,0.838,0.34,95.5,MediCore Labs
ORD-02794,Monoclonal Antibody,500,High,4905.13,4,0.897,0.932,1.3,98.6,Pulse Generic Pharma
ORD-02795,Insulin,5000,Standard,221.37,4,0.884,0.846,0.21,95.8,Apex BioPharma
ORD-02796,Cardiovascular Drug,500,Medium,148.79,5,0.901,0.852,0.98,98.6,Aegis Health Supplies
ORD-02797,Insulin,250,Medium,221.68,8,0.943,0.919,0.56,97.7,VitalCare Pharmaceuticals
ORD-02798,Painkiller,500,Medium,56.82,10,1.0,0.902,0.47,91.4,Serum Horizon Global
ORD-02799,Antiviral,100,Standard,195.48,4,0.966,0.88,0.62,93.3,Pulse Generic Pharma
ORD-02800,Antihistamine,250,Medium,58.98,4,0.883,0.871,0.78,98.6,Aegis Health Supplies
ORD-02801,Painkiller,250,Medium,43.53,7,0.949,0.867,0.11,96.6,MediCore Labs
ORD-02802,Insulin,500,High,193.73,6,0.958,0.917,0.09,96.1,Apex BioPharma
ORD-02803,Chemotherapy Agent,1000,Standard,484.82,5,0.901,0.763,0.32,97.8,Beacon Pharmaceuticals
ORD-02804,Chemotherapy Agent,500,Standard,489.14,1,0.819,0.833,0.15,95.7,Beacon Pharmaceuticals
ORD-02805,Antihistamine,100,Standard,69.27,6,0.933,0.872,1.36,96.2,Summit BioSolutions
ORD-02806,Insulin,5000,High,223.78,6,0.938,0.958,1.05,96.9,OmniHealth Labs
ORD-02807,Monoclonal Antibody,1000,Standard,4870.63,4,0.839,0.898,1.25,98.0,Pulse Generic Pharma
ORD-02808,Insulin,100,Medium,232.98,7,0.98,0.891,0.27,95.9,VitalCare Pharmaceuticals
ORD-02809,Antibiotic,100,Standard,120.78,8,0.991,0.851,1.22,93.1,Zenith LifeSciences
ORD-02810,Antibiotic,250,Standard,123.57,7,0.976,0.922,0.7,98.6,PharmaTrust Global
ORD-02811,Antibiotic,5000,Medium,143.26,8,0.978,0.948,0.78,98.4,PharmaTrust Global
ORD-02812,Vaccine,250,Medium,344.73,5,0.901,0.969,0.77,96.8,Vanguard Pharma
ORD-02813,Cardiovascular Drug,1000,Standard,168.64,7,1.0,0.867,0.56,96.8,CryoSafe LifeSciences
ORD-02814,Vaccine,250,High,319.45,8,0.925,0.954,0.92,98.2,Vanguard Pharma
ORD-02815,Chemotherapy Agent,1000,High,522.61,8,0.995,0.92,0.25,95.1,GlobalRx Supply Chain
ORD-02816,Chemotherapy Agent,500,High,568.26,9,0.968,0.946,0.36,97.0,GlobalRx Supply Chain
ORD-02817,Monoclonal Antibody,100,High,5252.23,5,0.944,0.95,1.54,98.9,MediCore Labs
ORD-02818,Painkiller,2500,Standard,39.5,1,0.893,0.809,0.36,95.2,Beacon Pharmaceuticals
ORD-02819,Chemotherapy Agent,1000,High,533.43,3,0.911,0.915,0.54,94.8,Bharat BioLogics
ORD-02820,Insulin,250,Medium,235.45,6,0.961,0.846,0.18,95.0,Apex BioPharma
ORD-02821,Immunosuppressant,1000,Medium,403.2,3,0.918,0.943,0.88,94.3,OmniHealth Labs
ORD-02822,Chemotherapy Agent,250,Standard,478.14,3,0.903,0.854,0.05,97.3,Beacon Pharmaceuticals
ORD-02823,Antihistamine,5000,High,52.74,5,0.885,0.934,1.65,92.3,Summit BioSolutions
ORD-02824,Antibiotic,2500,Standard,117.83,7,0.981,0.786,1.52,92.2,Zenith LifeSciences
ORD-02825,Vaccine,2500,Medium,343.83,6,0.948,0.92,1.47,98.8,Vanguard Pharma
ORD-02826,Painkiller,100,Medium,47.86,4,0.907,0.854,0.21,96.8,MediCore Labs
ORD-02827,Antibiotic,500,Medium,121.46,10,1.0,0.876,0.39,97.5,PharmaTrust Global
ORD-02828,Painkiller,100,Medium,43.66,3,0.924,0.802,0.01,94.6,Beacon Pharmaceuticals
ORD-02829,Insulin,100,Standard,230.82,5,0.995,0.848,0.58,96.8,Apex BioPharma
ORD-02830,Chemotherapy Agent,100,Standard,377.52,2,0.864,0.806,0.28,95.1,Beacon Pharmaceuticals
ORD-02831,Antihistamine,2500,Standard,60.88,8,0.933,0.92,1.65,98.9,NovaCure Therapeutics
ORD-02832,Antibiotic,100,Medium,155.69,4,0.946,0.84,0.3,100.0,NovaCure Therapeutics
ORD-02833,Antibiotic,500,Medium,119.94,7,0.905,0.936,0.69,97.8,PharmaTrust Global
ORD-02834,Cardiovascular Drug,2500,High,198.08,6,0.867,0.887,0.33,97.9,NovaCure Therapeutics
ORD-02835,Immunosuppressant,1000,Medium,360.99,6,0.922,0.931,1.15,94.4,Bharat BioLogics
ORD-02836,Monoclonal Antibody,100,Medium,5616.93,11,0.916,0.89,0.28,93.5,CryoSafe LifeSciences
ORD-02837,Cardiovascular Drug,5000,Medium,158.89,5,0.952,0.951,0.99,98.8,Aegis Health Supplies
ORD-02838,Antihistamine,2500,Medium,58.72,8,0.956,0.929,1.38,99.6,NovaCure Therapeutics
ORD-02839,Antiviral,5000,Standard,213.4,4,0.863,0.915,0.83,95.3,Summit BioSolutions
ORD-02840,Immunosuppressant,500,Medium,368.06,6,0.944,0.957,0.9,94.5,OmniHealth Labs
ORD-02841,Monoclonal Antibody,1000,Medium,5397.69,5,0.891,0.875,0.95,94.5,VitalCare Pharmaceuticals
ORD-02842,Antihistamine,250,High,63.8,4,0.93,0.904,1.24,92.8,Summit BioSolutions
ORD-02843,Monoclonal Antibody,500,Medium,5373.86,7,0.823,1.0,1.37,100.0,Pulse Generic Pharma
ORD-02844,Cardiovascular Drug,5000,Medium,162.54,10,0.94,0.888,0.92,95.0,CryoSafe LifeSciences
ORD-02845,Immunosuppressant,2500,Medium,362.3,4,0.974,0.932,0.59,92.8,OmniHealth Labs
ORD-02846,Chemotherapy Agent,1000,Medium,461.4,9,0.905,0.817,1.21,98.2,Serum Horizon Global
ORD-02847,Immunosuppressant,250,High,346.27,5,0.907,0.941,0.63,96.5,OmniHealth Labs
ORD-02848,Chemotherapy Agent,500,High,480.71,5,0.804,0.787,0.4,95.7,Beacon Pharmaceuticals
ORD-02849,Antihistamine,250,Standard,62.36,4,0.897,0.964,0.72,94.6,Zenith LifeSciences
ORD-02850,Antiviral,100,High,269.17,4,0.886,0.897,0.84,94.7,Summit BioSolutions
ORD-02851,Vaccine,100,Standard,296.77,8,0.934,0.924,0.63,96.6,OmniHealth Labs
ORD-02852,Antiviral,100,Medium,199.92,1,0.859,0.844,0.47,96.0,MediCore Labs
ORD-02853,Insulin,250,Standard,228.73,5,0.945,0.823,0.44,94.8,Apex BioPharma
ORD-02854,Immunosuppressant,5000,Standard,374.45,6,0.895,0.944,1.26,94.1,Bharat BioLogics
ORD-02855,Monoclonal Antibody,500,Standard,5641.3,5,0.951,0.99,1.54,95.3,Zenith LifeSciences
ORD-02856,Insulin,250,Standard,214.36,3,0.977,0.855,0.32,97.3,Apex BioPharma
ORD-02857,Antiviral,5000,Medium,207.87,5,0.907,0.819,0.44,96.5,MediCore Labs
ORD-02858,Insulin,250,High,222.26,5,0.909,0.961,1.16,98.2,OmniHealth Labs
ORD-02859,Insulin,5000,Medium,244.5,8,1.0,0.933,1.11,97.2,OmniHealth Labs
ORD-02860,Antiviral,2500,Standard,203.55,7,0.843,0.922,0.19,96.8,Vanguard Pharma
ORD-02861,Immunosuppressant,100,Medium,411.32,8,0.87,0.96,1.4,98.4,VitalCare Pharmaceuticals
ORD-02862,Insulin,250,Medium,248.24,6,0.949,0.866,0.53,96.0,VitalCare Pharmaceuticals
ORD-02863,Monoclonal Antibody,100,Medium,5754.31,5,0.867,0.891,1.01,99.0,Pulse Generic Pharma
ORD-02864,Vaccine,250,Standard,308.93,8,0.933,1.0,0.83,97.0,OmniHealth Labs
ORD-02865,Antihistamine,5000,Medium,59.25,4,0.876,0.86,0.7,97.5,Aegis Health Supplies
ORD-02866,Painkiller,1000,Medium,41.81,2,0.872,0.892,0.4,95.5,Beacon Pharmaceuticals
ORD-02867,Monoclonal Antibody,500,High,5808.64,7,0.938,0.983,1.45,95.7,Zenith LifeSciences
ORD-02868,Immunosuppressant,5000,Medium,477.86,5,0.881,1.0,1.18,97.9,VitalCare Pharmaceuticals
ORD-02869,Monoclonal Antibody,1000,Medium,4685.33,5,0.901,0.923,0.9,94.4,VitalCare Pharmaceuticals
ORD-02870,Painkiller,250,Medium,50.09,5,0.927,0.808,0.01,98.8,MediCore Labs
ORD-02871,Painkiller,250,High,46.29,1,0.842,0.875,0.33,97.2,Beacon Pharmaceuticals
ORD-02872,Monoclonal Antibody,500,High,4818.21,2,0.91,0.983,1.2,93.5,VitalCare Pharmaceuticals
ORD-02873,Vaccine,1000,High,291.11,8,0.882,0.938,1.22,93.2,Summit BioSolutions
ORD-02874,Immunosuppressant,5000,Standard,377.21,3,0.881,0.951,0.53,93.6,OmniHealth Labs
ORD-02875,Insulin,2500,High,237.39,4,0.933,0.961,0.99,99.0,OmniHealth Labs
ORD-02876,Monoclonal Antibody,1000,Medium,4482.85,1,0.919,0.907,0.5,94.9,VitalCare Pharmaceuticals
ORD-02877,Chemotherapy Agent,2500,High,544.22,1,0.955,0.869,0.66,94.8,Bharat BioLogics
ORD-02878,Chemotherapy Agent,2500,High,401.72,11,0.963,0.863,0.82,100.0,Serum Horizon Global
ORD-02879,Monoclonal Antibody,5000,High,4579.81,7,0.86,0.937,1.03,99.0,Pulse Generic Pharma
ORD-02880,Insulin,500,Standard,238.39,7,0.928,0.926,1.65,97.9,OmniHealth Labs
ORD-02881,Chemotherapy Agent,5000,High,608.43,1,0.964,0.95,0.32,95.2,Bharat BioLogics
ORD-02882,Painkiller,500,Standard,43.18,4,0.934,0.884,0.98,98.4,Apex BioPharma
ORD-02883,Insulin,500,Standard,237.01,3,0.971,0.921,0.37,95.5,Apex BioPharma
ORD-02884,Insulin,1000,Medium,226.66,7,0.948,0.918,1.06,99.2,OmniHealth Labs
ORD-02885,Antibiotic,1000,Standard,119.52,4,0.938,0.88,0.1,99.7,NovaCure Therapeutics
ORD-02886,Chemotherapy Agent,100,Medium,508.7,3,0.872,0.83,0.36,95.9,Beacon Pharmaceuticals
ORD-02887,Vaccine,2500,Standard,274.9,5,0.888,0.874,0.82,95.2,OmniHealth Labs
ORD-02888,Monoclonal Antibody,2500,Medium,4444.1,1,0.889,0.942,1.2,92.6,VitalCare Pharmaceuticals
ORD-02889,Insulin,250,High,237.83,9,0.844,0.891,1.31,99.1,Beacon Pharmaceuticals
ORD-02890,Antihistamine,1000,Standard,55.55,5,0.835,0.964,0.9,93.5,Zenith LifeSciences
ORD-02891,Antihistamine,2500,Standard,63.68,8,0.965,0.95,1.26,99.5,NovaCure Therapeutics
ORD-02892,Chemotherapy Agent,5000,Standard,524.48,8,0.832,0.915,0.84,94.1,Apex BioPharma
ORD-02893,Immunosuppressant,500,Standard,384.81,3,0.954,0.952,0.61,94.8,OmniHealth Labs
ORD-02894,Chemotherapy Agent,250,High,526.3,3,0.943,0.896,0.51,94.5,Bharat BioLogics
ORD-02895,Antibiotic,100,Standard,119.76,5,0.998,0.843,1.2,92.7,Zenith LifeSciences
ORD-02896,Painkiller,500,Medium,42.82,7,0.869,0.833,0.54,97.8,Apex BioPharma
ORD-02897,Monoclonal Antibody,250,Standard,5836.0,7,0.898,0.96,1.28,95.9,Zenith LifeSciences
ORD-02898,Immunosuppressant,500,Medium,353.28,7,0.999,0.943,0.57,93.7,OmniHealth Labs
ORD-02899,Insulin,1000,High,242.87,6,0.91,0.939,1.51,97.6,OmniHealth Labs
ORD-02900,Antiviral,500,Medium,191.9,6,0.977,0.816,0.43,94.9,Pulse Generic Pharma
ORD-02901,Antiviral,5000,High,217.29,11,0.918,0.909,0.16,99.9,GlobalRx Supply Chain
ORD-02902,Painkiller,5000,Standard,42.64,6,0.945,0.846,0.26,97.8,MediCore Labs
ORD-02903,Painkiller,100,Medium,40.16,4,0.867,0.832,0.42,94.8,Beacon Pharmaceuticals
ORD-02904,Antihistamine,100,Medium,54.9,5,0.828,0.854,0.63,96.8,Aegis Health Supplies
ORD-02905,Insulin,2500,High,245.36,6,0.951,0.821,0.25,95.8,Apex BioPharma
ORD-02906,Painkiller,500,Standard,36.33,4,0.855,0.832,0.18,95.9,Beacon Pharmaceuticals
ORD-02907,Cardiovascular Drug,5000,High,186.1,6,0.908,0.934,0.83,96.3,Aegis Health Supplies
ORD-02908,Vaccine,100,Medium,267.41,8,0.832,0.975,1.04,92.5,BioMatrix International
ORD-02909,Chemotherapy Agent,5000,Standard,462.25,3,0.848,0.834,0.01,94.9,Beacon Pharmaceuticals
ORD-02910,Insulin,250,Standard,204.41,7,0.84,0.919,1.13,93.3,PharmaTrust Global
ORD-02911,Monoclonal Antibody,250,Medium,4045.51,3,0.881,0.965,0.91,93.0,VitalCare Pharmaceuticals
ORD-02912,Monoclonal Antibody,5000,High,6183.6,6,0.969,0.895,1.02,96.9,MediCore Labs
ORD-02913,Vaccine,2500,Standard,283.58,7,0.974,0.895,0.75,96.3,OmniHealth Labs
ORD-02914,Insulin,100,Standard,218.76,7,0.941,0.877,0.44,96.7,VitalCare Pharmaceuticals
ORD-02915,Antibiotic,500,Standard,119.73,6,0.954,0.927,0.38,97.0,PharmaTrust Global
ORD-02916,Painkiller,500,Medium,43.04,4,0.847,0.812,0.38,97.3,Beacon Pharmaceuticals
ORD-02917,Vaccine,500,Medium,255.75,6,0.973,0.976,0.62,95.6,OmniHealth Labs
ORD-02918,Vaccine,1000,Standard,243.86,8,0.931,1.0,0.49,96.3,OmniHealth Labs
ORD-02919,Monoclonal Antibody,2500,Medium,4330.35,1,0.888,0.932,0.76,93.7,VitalCare Pharmaceuticals
ORD-02920,Painkiller,250,Standard,46.65,8,0.919,0.817,0.28,96.6,MediCore Labs
ORD-02921,Cardiovascular Drug,1000,Medium,156.01,4,0.886,0.945,1.0,97.6,Aegis Health Supplies
ORD-02922,Antihistamine,100,High,64.57,7,0.996,0.959,0.9,99.0,NovaCure Therapeutics
ORD-02923,Antiviral,1000,High,182.79,5,0.97,0.821,0.43,94.0,Pulse Generic Pharma
ORD-02924,Antiviral,5000,Medium,174.32,3,0.843,0.82,0.23,97.7,Vanguard Pharma
ORD-02925,Chemotherapy Agent,500,Medium,498.11,9,0.97,0.931,0.59,96.4,GlobalRx Supply Chain
ORD-02926,Insulin,2500,Standard,217.23,6,0.969,0.855,0.05,96.3,Apex BioPharma
ORD-02927,Painkiller,500,High,42.61,3,0.83,0.813,0.41,96.9,Beacon Pharmaceuticals
ORD-02928,Chemotherapy Agent,100,Standard,538.08,8,0.98,0.868,0.46,96.0,GlobalRx Supply Chain
ORD-02929,Painkiller,5000,Standard,40.27,4,0.948,0.849,0.02,96.3,MediCore Labs
ORD-02930,Antihistamine,500,High,54.72,6,0.923,0.883,1.1,94.6,Summit BioSolutions
ORD-02931,Monoclonal Antibody,500,Standard,5006.43,7,0.969,0.888,0.88,96.8,MediCore Labs
ORD-02932,Monoclonal Antibody,100,Standard,5000.92,4,0.881,0.862,1.07,100.0,Pulse Generic Pharma
ORD-02933,Painkiller,1000,Medium,41.03,6,0.93,0.914,0.33,94.5,Apex BioPharma
ORD-02934,Vaccine,500,Standard,280.64,7,0.989,0.953,0.76,96.8,OmniHealth Labs
ORD-02935,Painkiller,250,Medium,41.25,6,0.921,0.816,0.54,98.1,MediCore Labs
ORD-02936,Painkiller,5000,Medium,41.98,4,0.906,0.763,0.31,95.0,Beacon Pharmaceuticals
ORD-02937,Antibiotic,1000,High,132.6,6,0.968,0.859,0.34,100.0,NovaCure Therapeutics
ORD-02938,Antiviral,5000,Medium,201.94,7,0.855,0.903,0.12,95.9,Vanguard Pharma
ORD-02939,Insulin,5000,High,235.37,4,0.957,0.917,1.4,98.7,OmniHealth Labs
ORD-02940,Vaccine,2500,Standard,312.17,5,0.876,1.0,0.96,92.9,BioMatrix International
ORD-02941,Antibiotic,2500,High,153.55,2,0.956,0.89,0.51,98.5,NovaCure Therapeutics
ORD-02942,Antibiotic,250,Medium,121.05,9,0.945,0.975,0.12,97.5,PharmaTrust Global
ORD-02943,Antihistamine,100,Medium,56.1,3,0.879,0.867,0.14,95.2,Pulse Generic Pharma
ORD-02944,Cardiovascular Drug,250,Standard,197.98,6,0.965,0.829,0.24,93.9,Serum Horizon Global
ORD-02945,Chemotherapy Agent,100,High,486.07,7,0.961,0.899,0.09,95.5,GlobalRx Supply Chain
ORD-02946,Vaccine,2500,Medium,274.87,6,0.874,0.924,0.61,96.3,OmniHealth Labs
ORD-02947,Vaccine,100,Medium,288.45,8,0.847,0.954,0.68,92.2,BioMatrix International
ORD-02948,Vaccine,500,Standard,321.97,9,0.954,0.904,0.2,96.1,Quantum Health Sciences
ORD-02949,Immunosuppressant,1000,High,378.81,7,0.975,0.971,1.28,93.9,Bharat BioLogics
ORD-02950,Antibiotic,1000,Medium,114.67,6,0.922,0.921,0.77,98.7,PharmaTrust Global
ORD-02951,Monoclonal Antibody,1000,Standard,5109.91,4,0.898,0.907,1.16,99.4,Pulse Generic Pharma
ORD-02952,Antiviral,5000,Standard,199.63,5,0.901,0.776,0.7,95.9,MediCore Labs
ORD-02953,Monoclonal Antibody,2500,High,5210.5,5,0.888,0.932,0.94,97.1,Pulse Generic Pharma
ORD-02954,Chemotherapy Agent,2500,Medium,509.18,3,0.891,0.82,0.19,95.2,Beacon Pharmaceuticals
ORD-02955,Cardiovascular Drug,500,High,145.0,7,0.938,0.816,0.58,93.9,CryoSafe LifeSciences
ORD-02956,Chemotherapy Agent,500,High,491.61,2,0.899,0.952,0.55,93.8,Bharat BioLogics
ORD-02957,Antibiotic,2500,Standard,114.64,2,0.95,0.898,0.05,97.8,NovaCure Therapeutics
ORD-02958,Antibiotic,250,Standard,157.07,4,0.983,0.87,0.48,99.7,NovaCure Therapeutics
ORD-02959,Cardiovascular Drug,250,High,204.86,7,0.955,0.886,0.78,98.5,Quantum Health Sciences
ORD-02960,Immunosuppressant,100,Medium,438.06,6,0.886,0.922,0.8,100.0,VitalCare Pharmaceuticals
ORD-02961,Painkiller,1000,Medium,42.65,4,0.887,0.783,0.41,96.9,Beacon Pharmaceuticals
ORD-02962,Cardiovascular Drug,100,Medium,157.91,8,0.96,0.898,0.62,93.8,CryoSafe LifeSciences
ORD-02963,Chemotherapy Agent,1000,High,439.5,9,0.902,0.772,0.45,93.8,Apex BioPharma
ORD-02964,Cardiovascular Drug,250,Medium,189.4,9,0.814,0.909,0.43,97.6,NovaCure Therapeutics
ORD-02965,Immunosuppressant,250,High,430.5,9,0.95,0.902,1.0,100.0,VitalCare Pharmaceuticals
ORD-02966,Cardiovascular Drug,5000,Standard,175.8,8,1.0,0.874,0.65,95.1,CryoSafe LifeSciences
ORD-02967,Painkiller,250,High,44.34,5,0.853,0.837,0.41,98.5,Apex BioPharma
ORD-02968,Antiviral,250,Standard,205.98,8,0.907,0.914,0.32,98.9,GlobalRx Supply Chain
ORD-02969,Painkiller,100,Standard,36.5,1,0.957,0.807,0.22,95.0,Beacon Pharmaceuticals
ORD-02970,Chemotherapy Agent,1000,Standard,489.35,2,0.858,0.838,0.16,97.4,Beacon Pharmaceuticals
ORD-02971,Immunosuppressant,2500,Medium,359.68,6,0.977,0.925,0.49,94.1,OmniHealth Labs
ORD-02972,Monoclonal Antibody,2500,Medium,4532.37,3,0.904,0.933,0.71,93.4,VitalCare Pharmaceuticals
ORD-02973,Immunosuppressant,2500,Medium,396.58,6,0.907,1.0,0.71,94.6,OmniHealth Labs
ORD-02974,Cardiovascular Drug,5000,High,168.64,8,0.959,0.922,1.39,97.6,Aegis Health Supplies
ORD-02975,Vaccine,1000,Medium,249.83,6,0.926,0.938,0.68,96.5,OmniHealth Labs
ORD-02976,Painkiller,1000,Standard,39.96,8,0.913,0.827,0.74,97.3,Apex BioPharma
ORD-02977,Antihistamine,100,High,69.83,6,0.924,0.79,0.16,95.3,Pulse Generic Pharma
ORD-02978,Chemotherapy Agent,500,Standard,512.55,6,0.846,0.875,0.73,92.7,Apex BioPharma
ORD-02979,Painkiller,1000,Standard,45.77,5,0.898,0.823,0.24,97.4,MediCore Labs
ORD-02980,Insulin,250,High,227.07,6,0.918,0.936,1.07,97.0,OmniHealth Labs
ORD-02981,Antibiotic,500,Medium,126.23,8,0.886,0.778,0.46,100.0,BioMatrix International
ORD-02982,Immunosuppressant,100,Standard,391.23,10,1.0,0.838,0.41,92.3,CryoSafe LifeSciences
ORD-02983,Antihistamine,100,Medium,57.34,3,0.953,0.777,0.36,96.6,Pulse Generic Pharma
ORD-02984,Chemotherapy Agent,2500,High,579.34,4,0.894,0.888,0.63,95.3,Bharat BioLogics
ORD-02985,Antibiotic,5000,Standard,146.32,9,0.89,0.836,0.17,100.0,BioMatrix International
ORD-02986,Insulin,500,Medium,213.96,4,0.975,0.896,0.29,97.5,Apex BioPharma
ORD-02987,Vaccine,1000,Medium,278.32,6,0.881,0.929,0.53,95.3,OmniHealth Labs
ORD-02988,Chemotherapy Agent,1000,Medium,466.6,9,0.927,0.935,1.15,100.0,Serum Horizon Global
ORD-02989,Immunosuppressant,250,Medium,345.44,6,0.951,0.94,0.28,95.7,OmniHealth Labs
ORD-02990,Insulin,500,High,248.31,4,0.896,0.914,0.37,97.7,VitalCare Pharmaceuticals
ORD-02991,Antihistamine,1000,Medium,56.65,5,0.849,0.919,0.91,95.4,Zenith LifeSciences
ORD-02992,Antihistamine,100,High,64.73,4,0.875,0.893,1.23,95.4,Summit BioSolutions
ORD-02993,Insulin,5000,Medium,254.1,5,0.964,0.833,0.46,96.9,Apex BioPharma
ORD-02994,Antiviral,2500,High,220.84,2,0.899,0.922,1.03,94.6,Summit BioSolutions
ORD-02995,Painkiller,100,Medium,43.01,5,0.889,0.863,0.93,96.8,Apex BioPharma
ORD-02996,Monoclonal Antibody,1000,High,4710.46,5,0.897,0.964,0.85,92.3,VitalCare Pharmaceuticals
ORD-02997,Monoclonal Antibody,2500,Medium,4557.4,2,0.887,1.0,1.11,92.9,VitalCare Pharmaceuticals
ORD-02998,Antiviral,1000,Standard,207.57,4,0.869,0.899,0.01,98.5,Vanguard Pharma
ORD-02999,Cardiovascular Drug,500,High,149.0,9,0.928,0.944,0.63,94.9,CryoSafe LifeSciences
ORD-03000,Vaccine,1000,Medium,302.87,7,0.914,0.966,0.48,94.3,BioMatrix International
ORD-03001,Chemotherapy Agent,2500,High,459.74,2,0.858,0.87,0.57,96.9,Beacon Pharmaceuticals
ORD-03002,Vaccine,5000,Medium,331.46,6,0.931,0.966,0.32,95.7,Quantum Health Sciences
ORD-03003,Insulin,250,Medium,230.95,3,0.994,0.841,0.67,95.7,Apex BioPharma
ORD-03004,Insulin,5000,Standard,240.23,7,0.937,0.978,0.55,96.4,VitalCare Pharmaceuticals
ORD-03005,Chemotherapy Agent,100,Standard,480.51,10,0.86,0.901,1.07,100.0,Serum Horizon Global
ORD-03006,Monoclonal Antibody,500,Standard,4855.96,11,0.915,0.882,0.56,94.5,CryoSafe LifeSciences
ORD-03007,Cardiovascular Drug,5000,Standard,200.15,7,0.913,0.833,0.63,96.7,Quantum Health Sciences
ORD-03008,Cardiovascular Drug,5000,High,171.79,6,0.842,0.889,0.4,98.9,NovaCure Therapeutics
ORD-03009,Antihistamine,2500,High,69.32,4,0.903,0.868,0.52,99.0,Aegis Health Supplies
ORD-03010,Painkiller,1000,High,44.86,8,0.924,0.807,0.09,96.3,MediCore Labs
ORD-03011,Antiviral,2500,High,212.32,3,0.86,0.908,0.29,96.2,Vanguard Pharma
ORD-03012,Monoclonal Antibody,250,High,5077.63,4,0.922,0.97,0.67,92.4,VitalCare Pharmaceuticals
ORD-03013,Antibiotic,100,Medium,135.52,4,0.952,0.873,0.39,99.7,NovaCure Therapeutics
ORD-03014,Cardiovascular Drug,2500,Medium,127.41,6,0.904,0.862,1.05,97.8,Aegis Health Supplies
ORD-03015,Insulin,100,Medium,231.74,4,0.924,0.764,0.23,96.2,Apex BioPharma
ORD-03016,Cardiovascular Drug,500,Standard,172.42,7,0.895,0.961,1.17,98.0,Aegis Health Supplies
ORD-03017,Painkiller,500,Medium,52.11,5,0.882,0.87,0.8,96.9,Apex BioPharma
ORD-03018,Chemotherapy Agent,2500,Medium,478.44,7,0.997,0.785,0.37,96.8,GlobalRx Supply Chain
ORD-03019,Antibiotic,100,Standard,135.36,7,0.959,0.929,0.84,97.8,PharmaTrust Global
ORD-03020,Antibiotic,250,Medium,130.18,5,0.935,0.869,0.57,97.9,NovaCure Therapeutics
ORD-03021,Antibiotic,1000,Standard,135.18,9,0.968,0.949,0.37,96.6,PharmaTrust Global
ORD-03022,Chemotherapy Agent,2500,Standard,509.73,9,0.933,0.882,0.65,98.8,Serum Horizon Global
ORD-03023,Insulin,5000,High,228.22,5,0.932,0.759,0.31,96.0,Apex BioPharma
ORD-03024,Vaccine,100,Medium,280.02,8,0.806,0.967,0.79,93.3,BioMatrix International
ORD-03025,Immunosuppressant,1000,Medium,368.25,6,0.904,0.973,0.77,93.6,OmniHealth Labs
ORD-03026,Immunosuppressant,2500,Medium,377.45,3,0.893,0.981,0.54,92.0,OmniHealth Labs
ORD-03027,Vaccine,500,Standard,318.27,4,0.955,0.945,0.87,100.0,Vanguard Pharma
ORD-03028,Cardiovascular Drug,5000,Standard,192.65,8,0.877,0.937,0.44,99.1,NovaCure Therapeutics
ORD-03029,Antiviral,100,Standard,202.79,3,0.966,0.893,0.71,96.2,MediCore Labs
ORD-03030,Antibiotic,250,Medium,139.64,3,0.968,0.94,0.56,99.0,NovaCure Therapeutics
ORD-03031,Immunosuppressant,1000,Medium,438.4,9,1.0,0.904,0.22,95.9,CryoSafe LifeSciences
ORD-03032,Immunosuppressant,1000,Standard,376.66,9,0.869,0.814,0.01,93.5,CryoSafe LifeSciences
ORD-03033,Antihistamine,2500,Standard,59.34,10,0.923,0.92,1.19,98.5,NovaCure Therapeutics
ORD-03034,Antihistamine,2500,Medium,66.67,10,0.88,0.941,1.03,100.0,NovaCure Therapeutics
ORD-03035,Immunosuppressant,1000,Medium,326.86,6,0.927,0.963,1.42,95.2,Bharat BioLogics
ORD-03036,Antihistamine,100,Medium,57.48,6,0.915,0.984,0.76,95.1,Zenith LifeSciences
ORD-03037,Painkiller,500,Medium,41.17,5,0.862,0.902,0.5,94.4,Beacon Pharmaceuticals
ORD-03038,Painkiller,2500,High,46.44,7,0.911,0.857,0.64,98.0,Apex BioPharma
ORD-03039,Vaccine,1000,Medium,265.44,7,0.952,0.919,0.59,95.6,OmniHealth Labs
ORD-03040,Monoclonal Antibody,2500,Medium,4040.52,6,0.922,0.957,0.98,97.8,Pulse Generic Pharma
ORD-03041,Monoclonal Antibody,5000,Medium,4626.09,8,0.875,0.924,1.25,93.4,Zenith LifeSciences
ORD-03042,Antibiotic,2500,Standard,127.7,10,0.962,0.955,0.41,98.1,PharmaTrust Global
ORD-03043,Insulin,250,Medium,244.7,6,1.0,0.926,1.21,98.4,OmniHealth Labs
ORD-03044,Cardiovascular Drug,5000,Medium,168.03,8,0.845,0.871,0.72,99.8,Quantum Health Sciences
ORD-03045,Insulin,100,Standard,196.39,6,0.917,0.913,0.34,97.6,VitalCare Pharmaceuticals
ORD-03046,Immunosuppressant,1000,Medium,396.12,4,0.947,0.938,0.77,94.8,OmniHealth Labs
ORD-03047,Antibiotic,1000,Standard,126.29,8,1.0,0.914,1.37,96.8,Bharat BioLogics
ORD-03048,Immunosuppressant,2500,High,392.41,6,0.892,0.84,1.15,100.0,VitalCare Pharmaceuticals
ORD-03049,Antihistamine,1000,High,59.81,6,0.876,0.874,0.39,97.9,Aegis Health Supplies
ORD-03050,Chemotherapy Agent,2500,High,424.3,2,0.865,0.858,0.02,95.5,Beacon Pharmaceuticals
ORD-03051,Chemotherapy Agent,100,Medium,528.73,9,0.966,0.974,0.56,97.0,GlobalRx Supply Chain
ORD-03052,Antiviral,5000,Standard,200.11,6,0.894,0.905,0.37,96.5,Vanguard Pharma
ORD-03053,Painkiller,100,High,45.92,7,0.783,0.78,0.57,97.0,Apex BioPharma
ORD-03054,Painkiller,2500,Medium,45.34,5,0.84,0.819,0.42,98.3,Apex BioPharma
ORD-03055,Painkiller,100,High,44.04,3,0.887,0.82,0.74,96.0,Beacon Pharmaceuticals
ORD-03056,Vaccine,2500,Medium,327.8,8,0.896,0.905,0.18,95.1,Quantum Health Sciences
ORD-03057,Cardiovascular Drug,500,High,160.33,6,0.849,0.885,0.58,99.0,NovaCure Therapeutics
ORD-03058,Antibiotic,1000,Standard,124.48,6,0.982,0.951,0.87,97.7,PharmaTrust Global
ORD-03059,Chemotherapy Agent,500,High,553.74,2,0.941,0.885,0.47,95.6,Bharat BioLogics
ORD-03060,Antibiotic,500,Medium,141.7,7,0.96,0.895,0.39,99.6,BioMatrix International
ORD-03061,Antiviral,2500,Medium,175.18,5,0.957,0.913,0.54,93.4,Pulse Generic Pharma
ORD-03062,Insulin,2500,Standard,242.85,7,0.952,0.895,0.15,96.0,Apex BioPharma
ORD-03063,Antiviral,5000,Standard,228.58,9,0.879,0.904,0.3,97.4,GlobalRx Supply Chain
ORD-03064,Painkiller,500,Medium,53.55,7,0.939,0.808,0.29,96.4,MediCore Labs
ORD-03065,Chemotherapy Agent,500,High,548.54,5,0.94,0.963,0.53,94.2,Bharat BioLogics
ORD-03066,Immunosuppressant,500,Medium,343.67,3,0.899,0.928,0.55,93.9,OmniHealth Labs
ORD-03067,Antihistamine,2500,Standard,58.23,11,0.857,0.985,1.15,99.1,NovaCure Therapeutics
ORD-03068,Insulin,500,Standard,230.67,9,0.894,0.954,0.7,92.7,PharmaTrust Global
ORD-03069,Monoclonal Antibody,1000,Medium,4890.22,4,0.829,0.94,1.09,98.0,Pulse Generic Pharma
ORD-03070,Immunosuppressant,1000,Medium,310.91,3,0.919,0.954,0.52,93.3,OmniHealth Labs
ORD-03071,Insulin,5000,Standard,242.64,6,0.863,0.876,1.43,93.2,PharmaTrust Global
ORD-03072,Immunosuppressant,500,Standard,402.58,4,0.954,1.0,0.56,94.2,OmniHealth Labs
ORD-03073,Chemotherapy Agent,500,Medium,483.27,4,0.917,0.847,0.11,95.7,Beacon Pharmaceuticals
ORD-03074,Cardiovascular Drug,250,Standard,144.01,9,0.991,0.852,0.91,95.5,CryoSafe LifeSciences
ORD-03075,Cardiovascular Drug,500,High,138.48,7,0.993,0.87,0.53,94.5,CryoSafe LifeSciences
ORD-03076,Monoclonal Antibody,5000,Standard,4032.94,8,0.841,0.961,1.43,99.0,Pulse Generic Pharma
ORD-03077,Monoclonal Antibody,500,Medium,5038.11,4,0.852,0.921,1.39,98.6,Pulse Generic Pharma
ORD-03078,Monoclonal Antibody,1000,Medium,5456.35,3,0.862,0.875,1.06,93.1,VitalCare Pharmaceuticals
ORD-03079,Cardiovascular Drug,500,High,186.59,4,0.933,0.944,1.09,98.1,Aegis Health Supplies
ORD-03080,Chemotherapy Agent,2500,High,580.12,3,0.944,0.851,0.53,94.8,Bharat BioLogics
ORD-03081,Painkiller,100,Standard,41.86,4,0.933,0.837,0.15,97.5,MediCore Labs
ORD-03082,Antibiotic,100,High,135.33,4,0.877,0.883,0.11,98.0,NovaCure Therapeutics
ORD-03083,Antiviral,100,High,189.62,5,0.85,0.862,0.08,95.8,Vanguard Pharma
ORD-03084,Chemotherapy Agent,500,Standard,465.61,4,0.849,0.814,0.36,97.8,Beacon Pharmaceuticals
ORD-03085,Insulin,500,High,239.11,7,0.899,0.932,1.18,98.6,OmniHealth Labs
ORD-03086,Vaccine,250,Standard,249.93,9,0.943,0.982,0.32,95.4,OmniHealth Labs
ORD-03087,Vaccine,2500,Medium,347.38,6,0.903,0.929,1.28,98.7,Vanguard Pharma
ORD-03088,Cardiovascular Drug,500,Standard,163.63,9,1.0,0.848,0.96,95.6,CryoSafe LifeSciences
ORD-03089,Chemotherapy Agent,5000,Standard,550.66,3,0.988,0.893,0.59,94.5,Bharat BioLogics
ORD-03090,Chemotherapy Agent,5000,Medium,573.91,3,0.925,0.88,0.47,96.4,Bharat BioLogics
ORD-03091,Antihistamine,500,Medium,61.83,3,0.944,0.924,1.41,96.7,Summit BioSolutions
ORD-03092,Immunosuppressant,500,Standard,362.67,5,0.959,0.918,0.65,94.4,OmniHealth Labs
ORD-03093,Immunosuppressant,500,Standard,432.19,9,0.864,0.905,0.93,98.9,VitalCare Pharmaceuticals
ORD-03094,Antibiotic,5000,Medium,124.58,8,0.931,0.84,1.35,93.9,Zenith LifeSciences
ORD-03095,Painkiller,2500,Standard,55.6,1,0.849,0.838,0.3,95.7,Beacon Pharmaceuticals
ORD-03096,Monoclonal Antibody,2500,Medium,4770.28,2,0.871,0.935,0.87,93.2,VitalCare Pharmaceuticals
ORD-03097,Vaccine,1000,High,374.41,6,0.924,0.953,0.3,97.0,Quantum Health Sciences
ORD-03098,Antihistamine,5000,High,51.24,5,0.865,0.869,0.04,95.3,Pulse Generic Pharma
ORD-03099,Antiviral,250,Medium,197.59,8,0.952,0.833,0.29,94.5,Pulse Generic Pharma
ORD-03100,Antibiotic,100,High,147.33,6,0.965,0.833,0.31,98.7,NovaCure Therapeutics
ORD-03101,Immunosuppressant,500,Medium,393.33,5,0.877,1.0,0.73,93.3,OmniHealth Labs
ORD-03102,Vaccine,100,Standard,266.65,6,0.945,0.973,0.63,96.4,OmniHealth Labs
ORD-03103,Cardiovascular Drug,1000,Standard,138.92,4,0.902,0.902,1.05,98.8,Aegis Health Supplies
ORD-03104,Painkiller,500,High,46.0,9,0.932,0.907,1.17,93.4,BioMatrix International
ORD-03105,Painkiller,5000,Standard,46.27,9,0.952,0.942,0.65,95.9,Serum Horizon Global
ORD-03106,Immunosuppressant,500,Medium,473.66,5,0.813,0.908,1.02,99.3,VitalCare Pharmaceuticals
ORD-03107,Antibiotic,500,Standard,123.58,2,0.953,0.816,0.56,98.4,NovaCure Therapeutics
ORD-03108,Insulin,5000,Medium,201.32,9,0.894,1.0,1.24,92.5,PharmaTrust Global
ORD-03109,Antiviral,2500,High,216.02,2,0.852,0.862,0.85,94.3,MediCore Labs
ORD-03110,Antibiotic,500,Standard,132.17,7,0.95,0.901,0.27,96.7,PharmaTrust Global
ORD-03111,Cardiovascular Drug,500,Medium,148.28,10,0.983,0.892,0.57,95.9,CryoSafe LifeSciences
ORD-03112,Insulin,2500,Medium,234.05,5,1.0,0.856,0.61,95.4,Apex BioPharma
ORD-03113,Chemotherapy Agent,1000,Medium,559.77,7,0.98,0.913,0.47,94.9,GlobalRx Supply Chain
ORD-03114,Antihistamine,250,Medium,62.02,5,0.89,0.722,0.07,95.6,Pulse Generic Pharma
ORD-03115,Insulin,2500,Standard,197.5,4,1.0,0.829,0.4,96.0,Apex BioPharma
ORD-03116,Immunosuppressant,2500,Standard,358.19,6,0.916,0.955,0.71,94.4,OmniHealth Labs
ORD-03117,Antibiotic,2500,Medium,131.17,8,0.988,0.89,0.5,97.8,PharmaTrust Global
ORD-03118,Painkiller,2500,Medium,42.43,8,0.92,0.843,0.38,97.1,MediCore Labs
ORD-03119,Monoclonal Antibody,100,Standard,5013.57,4,1.0,0.89,1.28,96.9,MediCore Labs
ORD-03120,Antibiotic,500,High,129.28,7,0.88,0.861,0.11,98.9,BioMatrix International
ORD-03121,Cardiovascular Drug,2500,Medium,163.4,11,1.0,0.842,0.45,95.6,CryoSafe LifeSciences
ORD-03122,Monoclonal Antibody,500,High,5266.45,4,0.944,0.902,1.27,97.3,MediCore Labs
ORD-03123,Chemotherapy Agent,1000,High,574.75,1,0.978,0.863,0.26,95.8,Bharat BioLogics
ORD-03124,Immunosuppressant,5000,Standard,374.71,4,0.896,0.979,0.55,95.5,OmniHealth Labs
ORD-03125,Chemotherapy Agent,5000,High,608.32,3,0.999,0.894,0.28,93.8,Bharat BioLogics
ORD-03126,Antibiotic,100,Standard,124.94,7,0.961,0.951,0.57,97.4,PharmaTrust Global
ORD-03127,Vaccine,5000,Medium,321.6,8,0.921,0.866,0.04,97.6,Quantum Health Sciences
ORD-03128,Monoclonal Antibody,250,Medium,5223.39,8,0.919,0.944,1.53,97.9,MediCore Labs
ORD-03129,Monoclonal Antibody,2500,Standard,4727.85,6,0.903,0.923,1.18,98.3,Pulse Generic Pharma
ORD-03130,Immunosuppressant,100,High,400.86,6,0.881,0.922,1.03,99.1,VitalCare Pharmaceuticals
ORD-03131,Painkiller,100,High,47.87,5,0.994,0.845,0.35,97.4,MediCore Labs
ORD-03132,Insulin,1000,High,192.66,4,0.972,0.854,0.38,94.8,Apex BioPharma
ORD-03133,Antihistamine,250,Medium,65.98,7,0.923,0.969,1.19,94.5,Summit BioSolutions
ORD-03134,Immunosuppressant,1000,Standard,421.62,6,0.985,0.816,0.2,95.0,CryoSafe LifeSciences
ORD-03135,Insulin,5000,Standard,212.52,7,0.952,0.958,0.4,96.8,VitalCare Pharmaceuticals
ORD-03136,Immunosuppressant,2500,Medium,364.53,5,0.937,0.952,0.54,92.7,OmniHealth Labs
ORD-03137,Painkiller,250,High,41.22,2,0.843,0.82,0.36,96.3,Beacon Pharmaceuticals
ORD-03138,Antibiotic,2500,Standard,126.29,8,0.961,0.867,1.09,95.1,Bharat BioLogics
ORD-03139,Insulin,2500,Medium,219.19,8,0.966,0.963,0.97,96.7,OmniHealth Labs
ORD-03140,Antiviral,2500,Standard,220.83,8,0.953,0.79,0.53,93.6,Pulse Generic Pharma
ORD-03141,Antibiotic,1000,High,140.59,4,0.956,0.885,0.24,98.6,NovaCure Therapeutics
ORD-03142,Cardiovascular Drug,5000,Medium,176.0,4,0.935,0.943,0.85,97.3,Aegis Health Supplies
ORD-03143,Insulin,2500,High,275.64,4,0.94,0.899,0.51,98.3,Apex BioPharma
ORD-03144,Antibiotic,250,Standard,141.46,6,0.994,0.97,0.37,98.2,PharmaTrust Global
ORD-03145,Antihistamine,5000,Medium,59.6,3,0.915,0.907,1.33,93.1,Summit BioSolutions
ORD-03146,Antiviral,250,Medium,176.9,3,0.809,0.894,0.44,97.6,Vanguard Pharma
ORD-03147,Vaccine,5000,Standard,312.79,5,0.927,0.875,0.47,95.9,Quantum Health Sciences
ORD-03148,Antiviral,5000,Standard,192.79,4,0.878,0.843,0.32,93.0,Pulse Generic Pharma
ORD-03149,Vaccine,100,High,329.26,6,0.893,0.929,0.56,94.7,Quantum Health Sciences
ORD-03150,Cardiovascular Drug,5000,High,192.17,7,0.948,0.901,0.71,95.6,Serum Horizon Global
ORD-03151,Antibiotic,1000,High,144.19,7,0.978,0.94,0.67,96.7,PharmaTrust Global
ORD-03152,Painkiller,5000,High,47.93,1,0.877,0.822,0.39,96.2,Beacon Pharmaceuticals
ORD-03153,Chemotherapy Agent,1000,Standard,444.55,7,0.944,0.91,0.97,98.8,Serum Horizon Global
ORD-03154,Antiviral,2500,Standard,200.19,4,0.928,0.865,0.33,95.1,MediCore Labs
ORD-03155,Monoclonal Antibody,500,Medium,4783.54,4,0.891,0.87,1.08,99.4,Pulse Generic Pharma
ORD-03156,Antiviral,500,Standard,189.39,4,0.848,0.798,0.93,94.1,MediCore Labs
ORD-03157,Monoclonal Antibody,100,High,5978.45,5,0.928,0.999,1.47,95.3,Zenith LifeSciences
ORD-03158,Painkiller,5000,Standard,44.84,4,0.908,0.856,0.29,94.2,Beacon Pharmaceuticals
ORD-03159,Antiviral,250,High,232.77,2,0.877,0.844,0.88,96.4,Summit BioSolutions
ORD-03160,Antiviral,5000,Medium,211.83,6,0.889,0.913,0.56,96.8,Vanguard Pharma
ORD-03161,Antibiotic,100,Medium,125.4,9,0.987,0.926,0.53,96.9,PharmaTrust Global
ORD-03162,Insulin,500,Standard,207.61,5,0.936,0.89,0.89,98.8,OmniHealth Labs
ORD-03163,Monoclonal Antibody,1000,High,5073.62,5,0.992,0.99,1.39,95.0,MediCore Labs
ORD-03164,Antihistamine,100,Medium,57.27,9,0.939,0.99,1.1,99.3,NovaCure Therapeutics
ORD-03165,Chemotherapy Agent,100,High,638.99,5,0.92,0.898,0.64,95.3,Bharat BioLogics
ORD-03166,Cardiovascular Drug,5000,Medium,150.62,5,0.914,0.884,0.88,99.0,Aegis Health Supplies
ORD-03167,Immunosuppressant,5000,Standard,376.88,6,0.869,0.995,0.81,94.0,OmniHealth Labs
ORD-03168,Chemotherapy Agent,2500,Standard,413.74,2,0.858,0.837,0.41,96.5,Beacon Pharmaceuticals
ORD-03169,Insulin,2500,High,240.36,6,0.966,0.915,1.11,100.0,OmniHealth Labs
ORD-03170,Immunosuppressant,250,Medium,343.47,7,0.949,0.966,0.61,93.5,OmniHealth Labs
ORD-03171,Chemotherapy Agent,250,Medium,521.17,5,0.978,0.944,0.68,93.3,Bharat BioLogics
ORD-03172,Chemotherapy Agent,5000,High,487.34,2,0.88,0.804,0.26,96.1,Beacon Pharmaceuticals
ORD-03173,Antihistamine,500,High,60.46,5,0.893,0.771,0.17,98.2,Pulse Generic Pharma
ORD-03174,Antibiotic,2500,Standard,136.2,10,0.971,0.937,0.77,97.3,PharmaTrust Global
ORD-03175,Cardiovascular Drug,250,High,178.78,8,0.901,0.957,0.98,98.0,Aegis Health Supplies
ORD-03176,Vaccine,1000,Medium,272.18,5,1.0,0.916,0.87,97.6,OmniHealth Labs
ORD-03177,Painkiller,500,Standard,47.28,5,0.955,0.81,0.34,96.7,MediCore Labs
ORD-03178,Immunosuppressant,500,Medium,512.3,6,0.852,0.83,0.83,93.0,Quantum Health Sciences
ORD-03179,Monoclonal Antibody,5000,Medium,4636.11,7,0.802,0.901,1.5,97.4,Pulse Generic Pharma
ORD-03180,Painkiller,1000,Standard,37.96,5,0.939,0.871,0.15,97.5,MediCore Labs
ORD-03181,Painkiller,500,High,39.32,5,0.931,0.835,0.01,96.4,MediCore Labs
ORD-03182,Immunosuppressant,500,High,415.41,7,0.833,1.0,1.04,100.0,VitalCare Pharmaceuticals
ORD-03183,Antihistamine,250,Medium,54.45,8,0.9,0.938,1.27,98.2,NovaCure Therapeutics
ORD-03184,Antiviral,250,Medium,220.28,11,0.879,0.85,0.05,98.3,GlobalRx Supply Chain
ORD-03185,Monoclonal Antibody,5000,Standard,5250.55,7,0.971,0.963,1.41,96.5,MediCore Labs
ORD-03186,Antibiotic,250,Medium,136.41,6,0.998,0.918,0.42,99.3,NovaCure Therapeutics
ORD-03187,Immunosuppressant,5000,Standard,347.7,3,0.914,1.0,0.58,92.4,OmniHealth Labs
ORD-03188,Immunosuppressant,500,Medium,394.54,3,0.944,0.99,0.29,94.6,OmniHealth Labs
ORD-03189,Insulin,5000,Medium,265.83,11,0.809,0.966,1.64,97.4,Beacon Pharmaceuticals
ORD-03190,Cardiovascular Drug,2500,High,185.11,6,0.904,0.974,0.84,97.4,Aegis Health Supplies
ORD-03191,Antibiotic,1000,Standard,117.77,7,0.884,0.931,0.48,97.1,PharmaTrust Global
ORD-03192,Immunosuppressant,1000,High,328.52,6,0.954,0.897,0.28,94.8,OmniHealth Labs
ORD-03193,Vaccine,2500,High,351.77,5,0.949,0.916,0.96,96.7,Vanguard Pharma
ORD-03194,Chemotherapy Agent,500,High,625.37,2,0.964,0.942,0.57,93.7,Bharat BioLogics
ORD-03195,Antiviral,2500,High,186.77,5,0.954,0.833,0.54,91.8,Pulse Generic Pharma
ORD-03196,Painkiller,2500,Medium,40.95,2,0.869,0.838,0.24,93.9,Beacon Pharmaceuticals
ORD-03197,Antiviral,250,Medium,227.08,3,0.865,0.888,0.98,95.9,Summit BioSolutions
ORD-03198,Insulin,100,Standard,189.08,7,0.884,0.957,0.77,92.7,PharmaTrust Global
ORD-03199,Antiviral,500,High,255.38,4,0.896,0.865,0.61,95.7,Summit BioSolutions
ORD-03200,Vaccine,5000,Medium,340.65,7,0.81,0.945,0.44,95.1,BioMatrix International
ORD-03201,Painkiller,2500,High,37.41,4,0.8,0.812,0.42,94.9,Beacon Pharmaceuticals
ORD-03202,Chemotherapy Agent,5000,High,500.1,7,0.936,0.859,1.39,98.4,Serum Horizon Global
ORD-03203,Cardiovascular Drug,2500,Standard,156.26,7,0.894,0.912,1.09,99.1,Aegis Health Supplies
ORD-03204,Insulin,250,Medium,212.64,7,0.988,0.957,0.66,96.5,VitalCare Pharmaceuticals
ORD-03205,Cardiovascular Drug,100,Standard,180.54,8,0.818,1.0,0.29,97.5,NovaCure Therapeutics
ORD-03206,Vaccine,250,Medium,329.12,9,0.931,0.909,0.2,95.9,Quantum Health Sciences
ORD-03207,Antibiotic,1000,Medium,116.68,8,0.99,0.961,0.39,98.2,PharmaTrust Global
ORD-03208,Cardiovascular Drug,500,Standard,173.56,10,1.0,0.824,0.64,95.6,CryoSafe LifeSciences
ORD-03209,Antihistamine,500,Medium,62.68,7,0.921,0.944,1.11,98.7,NovaCure Therapeutics
ORD-03210,Chemotherapy Agent,1000,Medium,485.39,2,0.857,0.83,0.05,96.8,Beacon Pharmaceuticals
ORD-03211,Chemotherapy Agent,500,Standard,485.66,3,0.92,0.91,0.36,93.8,Bharat BioLogics
ORD-03212,Antihistamine,2500,Standard,60.5,4,0.918,0.904,0.07,96.6,Pulse Generic Pharma
ORD-03213,Insulin,250,Standard,221.3,6,0.939,0.889,0.32,95.6,Apex BioPharma
ORD-03214,Monoclonal Antibody,1000,High,4629.99,4,0.894,0.93,0.57,92.4,VitalCare Pharmaceuticals
ORD-03215,Chemotherapy Agent,500,Standard,456.07,4,0.91,0.871,0.15,95.5,Beacon Pharmaceuticals
ORD-03216,Antibiotic,2500,Standard,134.65,4,0.937,0.876,1.35,93.2,Zenith LifeSciences
ORD-03217,Painkiller,5000,Medium,49.03,9,0.942,0.909,0.8,93.3,Serum Horizon Global
ORD-03218,Antihistamine,250,Medium,57.36,4,0.792,0.951,0.39,97.5,Zenith LifeSciences
ORD-03219,Chemotherapy Agent,500,Medium,408.49,5,0.84,0.787,0.21,96.9,Beacon Pharmaceuticals
ORD-03220,Monoclonal Antibody,5000,Standard,5776.61,5,0.967,0.971,1.32,97.2,MediCore Labs
ORD-03221,Immunosuppressant,250,Standard,400.19,9,0.914,0.918,1.22,95.4,Bharat BioLogics
ORD-03222,Antibiotic,500,Medium,150.5,6,0.953,0.877,0.03,97.6,NovaCure Therapeutics
ORD-03223,Antihistamine,100,High,76.86,3,0.937,0.884,0.37,95.4,Pulse Generic Pharma
ORD-03224,Immunosuppressant,100,High,466.22,7,0.893,0.963,1.02,98.0,VitalCare Pharmaceuticals
ORD-03225,Chemotherapy Agent,100,Medium,473.7,2,0.91,0.879,0.87,94.4,Bharat BioLogics
ORD-03226,Antihistamine,100,Medium,62.5,11,0.905,1.0,1.42,100.0,NovaCure Therapeutics
ORD-03227,Painkiller,2500,Medium,44.9,7,0.913,0.83,0.21,96.8,MediCore Labs
ORD-03228,Insulin,2500,Standard,208.02,7,0.851,0.952,0.99,94.4,PharmaTrust Global
ORD-03229,Vaccine,500,High,333.37,4,0.945,0.979,0.97,97.3,Vanguard Pharma
ORD-03230,Insulin,1000,Medium,253.88,5,0.975,0.868,0.44,94.4,Apex BioPharma
ORD-03231,Cardiovascular Drug,5000,Standard,184.38,7,0.885,0.918,1.13,97.9,Aegis Health Supplies
ORD-03232,Vaccine,100,Medium,325.15,4,0.919,0.952,1.0,99.8,Vanguard Pharma
ORD-03233,Antiviral,2500,High,186.38,3,0.839,0.913,0.19,97.2,Vanguard Pharma
ORD-03234,Antibiotic,5000,Standard,110.29,9,0.946,0.934,0.62,96.8,PharmaTrust Global
ORD-03235,Chemotherapy Agent,250,Medium,416.41,3,0.833,0.774,0.19,97.6,Beacon Pharmaceuticals
ORD-03236,Immunosuppressant,1000,Standard,381.4,5,0.921,1.0,0.52,94.3,OmniHealth Labs
ORD-03237,Antiviral,1000,High,183.54,2,0.868,0.863,0.9,96.2,MediCore Labs
ORD-03238,Painkiller,500,Standard,47.4,9,0.94,0.868,1.55,93.0,BioMatrix International
ORD-03239,Monoclonal Antibody,1000,High,5995.63,8,1.0,0.941,1.22,97.7,MediCore Labs
ORD-03240,Immunosuppressant,500,Medium,446.24,8,0.961,0.915,1.31,94.2,Bharat BioLogics
ORD-03241,Insulin,500,Standard,270.78,7,0.911,0.935,0.44,96.1,VitalCare Pharmaceuticals
ORD-03242,Vaccine,100,Medium,310.5,4,0.864,1.0,1.1,99.1,Vanguard Pharma
ORD-03243,Insulin,5000,High,203.92,3,0.936,0.828,0.52,97.7,Apex BioPharma
ORD-03244,Vaccine,1000,High,360.89,5,0.877,0.933,0.72,97.5,Vanguard Pharma
ORD-03245,Cardiovascular Drug,1000,Medium,183.69,10,0.835,0.866,0.27,97.2,NovaCure Therapeutics
ORD-03246,Monoclonal Antibody,100,Medium,5496.22,10,0.901,0.938,0.44,92.8,CryoSafe LifeSciences
ORD-03247,Antiviral,250,Medium,243.01,9,0.889,0.862,0.29,100.0,GlobalRx Supply Chain
ORD-03248,Immunosuppressant,500,Medium,381.71,9,0.987,0.863,0.47,93.7,Quantum Health Sciences
ORD-03249,Immunosuppressant,500,Standard,349.38,6,0.855,0.977,0.76,92.6,OmniHealth Labs
ORD-03250,Chemotherapy Agent,100,Medium,566.47,2,0.983,0.96,0.89,94.2,Bharat BioLogics
ORD-03251,Insulin,5000,High,224.64,6,0.921,0.931,0.61,97.1,VitalCare Pharmaceuticals
ORD-03252,Immunosuppressant,100,High,340.96,6,0.994,0.935,0.64,92.0,OmniHealth Labs
ORD-03253,Cardiovascular Drug,500,High,175.92,10,0.96,0.892,0.52,93.4,CryoSafe LifeSciences
ORD-03254,Chemotherapy Agent,100,Medium,425.53,10,0.994,0.905,0.15,94.4,GlobalRx Supply Chain
ORD-03255,Antiviral,5000,High,210.95,3,0.887,0.91,0.74,95.0,Summit BioSolutions
ORD-03256,Vaccine,500,Medium,306.58,7,0.872,0.936,0.51,93.2,BioMatrix International
ORD-03257,Antibiotic,500,High,148.99,7,0.925,0.889,1.14,95.0,Bharat BioLogics
ORD-03258,Vaccine,5000,Medium,275.77,6,0.959,0.931,0.82,97.5,Vanguard Pharma
ORD-03259,Vaccine,500,Medium,284.54,6,0.974,1.0,0.69,96.9,OmniHealth Labs
ORD-03260,Insulin,2500,Standard,208.09,3,0.964,0.846,0.19,95.3,Apex BioPharma
ORD-03261,Antibiotic,500,Medium,97.07,7,0.983,0.903,0.55,97.1,PharmaTrust Global
ORD-03262,Chemotherapy Agent,5000,High,505.91,9,1.0,0.932,0.27,95.3,GlobalRx Supply Chain
ORD-03263,Monoclonal Antibody,100,Standard,4993.72,10,0.932,0.911,0.72,96.0,CryoSafe LifeSciences
ORD-03264,Immunosuppressant,100,Medium,358.5,5,0.899,0.969,0.9,93.4,OmniHealth Labs
ORD-03265,Painkiller,250,Medium,43.04,6,0.936,0.869,0.58,93.3,Serum Horizon Global
ORD-03266,Antiviral,5000,Medium,209.85,4,0.894,0.899,0.35,97.8,Vanguard Pharma
ORD-03267,Painkiller,100,Medium,47.35,3,0.859,0.892,0.7,95.4,Beacon Pharmaceuticals
ORD-03268,Antihistamine,250,Medium,63.01,11,0.9,0.956,0.9,99.3,NovaCure Therapeutics
ORD-03269,Monoclonal Antibody,250,Medium,5270.36,4,0.947,0.902,0.68,92.0,VitalCare Pharmaceuticals
ORD-03270,Antihistamine,100,High,61.28,3,0.9,0.829,0.32,98.7,Aegis Health Supplies
ORD-03271,Insulin,500,Standard,234.7,6,0.965,0.936,0.27,97.8,VitalCare Pharmaceuticals
ORD-03272,Antihistamine,100,Medium,65.08,5,0.876,0.844,0.27,94.2,Pulse Generic Pharma
ORD-03273,Antiviral,2500,Medium,203.93,10,0.888,0.889,0.33,97.9,GlobalRx Supply Chain
ORD-03274,Painkiller,1000,Medium,47.96,9,0.938,0.917,0.71,94.4,Serum Horizon Global
ORD-03275,Immunosuppressant,500,Medium,352.23,3,0.89,0.951,0.46,95.1,OmniHealth Labs
ORD-03276,Insulin,250,Standard,269.24,8,0.835,0.914,1.65,98.0,Beacon Pharmaceuticals
ORD-03277,Insulin,500,Medium,227.53,4,0.906,0.888,0.64,95.7,Apex BioPharma
ORD-03278,Antihistamine,500,Medium,57.76,5,0.911,0.866,0.57,96.8,Aegis Health Supplies
ORD-03279,Immunosuppressant,2500,High,360.76,3,0.934,0.951,0.8,94.5,OmniHealth Labs
ORD-03280,Antibiotic,250,Standard,116.03,9,0.971,0.779,1.04,96.1,Bharat BioLogics
ORD-03281,Antibiotic,500,High,133.17,8,0.974,0.907,0.4,96.7,PharmaTrust Global
ORD-03282,Monoclonal Antibody,5000,High,5733.36,6,0.985,0.95,1.07,96.8,MediCore Labs
ORD-03283,Antihistamine,100,High,60.92,10,0.93,0.948,1.22,97.4,NovaCure Therapeutics
ORD-03284,Antibiotic,2500,Medium,146.1,5,0.94,0.902,1.06,96.1,Bharat BioLogics
ORD-03285,Antibiotic,1000,Medium,115.71,8,0.925,0.806,0.81,94.1,Bharat BioLogics
ORD-03286,Vaccine,250,High,289.2,6,0.94,0.877,1.44,93.0,Summit BioSolutions
ORD-03287,Cardiovascular Drug,100,High,158.75,7,0.956,0.858,0.66,93.7,CryoSafe LifeSciences
ORD-03288,Chemotherapy Agent,250,Medium,475.29,4,0.877,0.783,0.07,94.4,Beacon Pharmaceuticals
ORD-03289,Antihistamine,1000,High,68.94,4,0.946,0.834,0.59,97.7,Aegis Health Supplies
ORD-03290,Antibiotic,2500,High,126.28,9,0.975,0.774,1.1,97.2,Bharat BioLogics
ORD-03291,Vaccine,5000,High,314.68,4,0.825,0.936,0.49,92.2,BioMatrix International
ORD-03292,Chemotherapy Agent,1000,Medium,419.17,5,0.831,0.77,0.24,95.3,Beacon Pharmaceuticals
ORD-03293,Antihistamine,100,Standard,64.32,4,0.911,0.936,1.53,93.6,Summit BioSolutions
ORD-03294,Antibiotic,2500,Medium,128.83,9,0.951,0.929,0.81,96.1,PharmaTrust Global
ORD-03295,Immunosuppressant,500,High,390.42,5,0.914,0.955,0.42,94.7,OmniHealth Labs
ORD-03296,Antibiotic,2500,High,145.29,6,0.964,0.923,0.4,96.0,PharmaTrust Global
ORD-03297,Antibiotic,5000,Standard,137.14,5,0.908,0.825,0.05,98.5,NovaCure Therapeutics
ORD-03298,Antibiotic,1000,Medium,138.3,9,0.956,0.928,0.89,96.6,PharmaTrust Global
ORD-03299,Painkiller,2500,High,46.73,7,0.98,0.846,0.23,97.2,MediCore Labs
ORD-03300,Insulin,1000,High,224.58,8,0.998,0.938,0.94,98.1,OmniHealth Labs
ORD-03301,Insulin,250,Medium,214.39,5,1.0,0.921,0.85,97.2,OmniHealth Labs
ORD-03302,Insulin,250,Standard,232.92,6,0.951,0.909,0.89,97.8,OmniHealth Labs
ORD-03303,Vaccine,1000,Medium,350.48,5,0.914,0.921,0.52,92.2,BioMatrix International
ORD-03304,Monoclonal Antibody,250,Medium,4989.34,5,0.834,0.889,1.15,98.9,Pulse Generic Pharma
ORD-03305,Antibiotic,2500,Standard,139.65,5,0.87,0.825,1.23,92.9,Zenith LifeSciences
ORD-03306,Antibiotic,5000,Standard,126.45,7,0.961,0.83,0.56,98.7,BioMatrix International
ORD-03307,Antihistamine,250,Standard,58.56,4,0.864,0.887,0.99,95.4,Summit BioSolutions
ORD-03308,Insulin,5000,Medium,240.76,5,0.914,0.928,0.98,97.1,OmniHealth Labs
ORD-03309,Monoclonal Antibody,2500,Standard,5124.68,9,0.973,0.976,0.43,93.4,CryoSafe LifeSciences
ORD-03310,Immunosuppressant,500,High,357.17,4,0.861,0.939,0.47,95.5,OmniHealth Labs
ORD-03311,Antiviral,250,Standard,211.11,9,0.836,0.817,0.16,97.2,GlobalRx Supply Chain
ORD-03312,Antiviral,100,Medium,184.43,5,0.854,0.885,0.2,96.6,Vanguard Pharma
ORD-03313,Painkiller,100,High,52.08,8,0.903,0.911,0.64,93.7,Serum Horizon Global
ORD-03314,Painkiller,5000,Standard,43.4,8,0.95,0.798,0.39,94.2,MediCore Labs
ORD-03315,Insulin,500,Standard,193.14,6,0.853,0.962,1.1,93.6,PharmaTrust Global
ORD-03316,Cardiovascular Drug,500,Medium,193.21,5,1.0,0.855,0.27,94.6,Serum Horizon Global
ORD-03317,Monoclonal Antibody,2500,Medium,4848.25,10,0.888,0.914,0.84,92.8,CryoSafe LifeSciences
ORD-03318,Painkiller,2500,High,46.21,4,0.929,0.877,0.06,98.9,MediCore Labs
ORD-03319,Painkiller,250,High,44.24,5,0.953,0.773,0.87,97.5,Apex BioPharma
ORD-03320,Monoclonal Antibody,250,Medium,5222.77,5,0.831,0.912,1.45,99.9,Pulse Generic Pharma
ORD-03321,Chemotherapy Agent,100,Medium,490.55,2,0.955,0.864,0.39,94.9,Bharat BioLogics
ORD-03322,Antibiotic,250,Standard,139.44,8,0.992,0.836,1.1,96.1,Bharat BioLogics
ORD-03323,Vaccine,5000,Standard,325.94,6,0.915,0.914,1.03,92.5,BioMatrix International
ORD-03324,Chemotherapy Agent,1000,Standard,495.47,9,0.972,0.89,0.52,95.1,GlobalRx Supply Chain
ORD-03325,Monoclonal Antibody,1000,High,4763.17,3,0.934,0.942,0.69,91.7,VitalCare Pharmaceuticals
ORD-03326,Insulin,500,High,229.99,8,0.957,0.951,0.47,98.9,VitalCare Pharmaceuticals
ORD-03327,Antiviral,5000,Medium,200.58,5,0.967,0.761,0.57,92.5,Pulse Generic Pharma
ORD-03328,Cardiovascular Drug,250,Medium,177.55,9,1.0,0.907,0.85,95.7,CryoSafe LifeSciences
ORD-03329,Chemotherapy Agent,2500,Medium,432.87,1,0.867,0.873,0.16,96.8,Beacon Pharmaceuticals
ORD-03330,Painkiller,2500,High,47.21,3,0.87,0.845,0.36,95.1,Beacon Pharmaceuticals
ORD-03331,Insulin,100,Standard,247.01,9,0.911,0.979,1.26,98.8,Beacon Pharmaceuticals
ORD-03332,Chemotherapy Agent,100,Medium,539.65,7,0.993,0.857,0.05,94.8,GlobalRx Supply Chain
ORD-03333,Chemotherapy Agent,100,High,467.29,8,0.954,0.898,0.57,95.2,GlobalRx Supply Chain
ORD-03334,Chemotherapy Agent,1000,High,527.35,1,1.0,0.891,0.31,93.7,Bharat BioLogics
ORD-03335,Vaccine,2500,High,324.36,9,0.982,0.919,0.25,96.9,Quantum Health Sciences
ORD-03336,Insulin,1000,Medium,226.62,5,0.976,0.922,1.46,99.9,OmniHealth Labs
ORD-03337,Cardiovascular Drug,500,Medium,218.94,10,0.937,0.896,0.62,98.0,Quantum Health Sciences
ORD-03338,Antihistamine,5000,High,61.24,6,0.931,0.831,0.28,96.0,Pulse Generic Pharma
ORD-03339,Insulin,5000,High,210.2,4,0.849,0.881,0.5,96.7,VitalCare Pharmaceuticals
ORD-03340,Monoclonal Antibody,1000,Medium,5241.98,4,0.965,0.986,1.35,96.5,MediCore Labs
ORD-03341,Cardiovascular Drug,250,High,205.5,6,0.883,0.903,0.76,97.7,NovaCure Therapeutics
ORD-03342,Cardiovascular Drug,250,High,201.68,5,0.991,0.816,0.7,92.7,Serum Horizon Global
ORD-03343,Painkiller,5000,Medium,42.22,6,0.879,0.843,0.68,92.3,Serum Horizon Global
ORD-03344,Cardiovascular Drug,100,Standard,198.6,9,0.901,0.859,0.74,98.8,Quantum Health Sciences
ORD-03345,Monoclonal Antibody,500,Medium,5250.0,6,0.916,0.996,1.59,95.9,Zenith LifeSciences
ORD-03346,Immunosuppressant,250,High,387.46,3,0.845,1.0,0.37,92.8,OmniHealth Labs
ORD-03347,Antihistamine,100,Medium,63.41,6,0.917,0.888,0.67,95.4,Zenith LifeSciences
ORD-03348,Cardiovascular Drug,1000,Medium,154.34,9,0.959,0.832,0.96,94.5,CryoSafe LifeSciences
ORD-03349,Immunosuppressant,250,Medium,452.49,6,0.901,0.978,1.02,98.2,VitalCare Pharmaceuticals
ORD-03350,Vaccine,5000,Medium,277.61,7,0.9,0.897,0.81,97.8,OmniHealth Labs
ORD-03351,Antibiotic,1000,Medium,156.24,6,0.948,0.913,0.36,96.1,NovaCure Therapeutics
ORD-03352,Antibiotic,5000,High,140.32,5,0.974,0.946,0.41,97.0,NovaCure Therapeutics
ORD-03353,Antiviral,250,High,205.3,4,0.985,0.865,0.63,94.7,Pulse Generic Pharma
ORD-03354,Painkiller,100,High,52.69,6,0.849,0.909,0.83,97.6,Apex BioPharma
ORD-03355,Immunosuppressant,500,High,456.99,7,0.963,0.893,0.29,94.1,CryoSafe LifeSciences
ORD-03356,Painkiller,1000,Medium,46.38,5,0.839,0.833,0.21,95.9,Beacon Pharmaceuticals
ORD-03357,Chemotherapy Agent,2500,High,503.48,9,1.0,0.922,0.17,95.8,GlobalRx Supply Chain
ORD-03358,Immunosuppressant,1000,Medium,429.49,6,0.965,0.999,1.16,99.5,VitalCare Pharmaceuticals
ORD-03359,Immunosuppressant,500,High,370.12,7,0.955,0.977,0.74,93.0,OmniHealth Labs
ORD-03360,Immunosuppressant,100,Standard,375.17,6,0.813,0.912,1.16,97.7,VitalCare Pharmaceuticals
ORD-03361,Painkiller,250,Standard,46.02,3,0.874,0.87,0.41,95.3,Beacon Pharmaceuticals
ORD-03362,Monoclonal Antibody,5000,High,5163.38,6,0.991,0.985,1.02,96.9,MediCore Labs
ORD-03363,Painkiller,250,High,42.23,6,0.883,0.865,0.79,97.6,Apex BioPharma
ORD-03364,Chemotherapy Agent,500,High,492.36,9,1.0,0.938,0.39,94.6,GlobalRx Supply Chain
ORD-03365,Monoclonal Antibody,250,High,4867.99,1,0.942,0.942,1.22,91.8,VitalCare Pharmaceuticals
ORD-03366,Antibiotic,500,Medium,109.4,6,0.879,0.856,0.01,98.8,NovaCure Therapeutics
ORD-03367,Antihistamine,100,Standard,47.79,5,0.934,0.928,1.48,94.1,Summit BioSolutions
ORD-03368,Antihistamine,1000,Standard,60.32,8,0.895,0.987,1.34,99.8,NovaCure Therapeutics
ORD-03369,Insulin,100,Medium,224.51,7,0.796,0.886,1.49,99.7,Beacon Pharmaceuticals
ORD-03370,Painkiller,100,Standard,45.1,5,0.879,0.904,0.42,98.2,Apex BioPharma
ORD-03371,Vaccine,250,Medium,319.33,8,0.87,0.951,0.44,94.7,BioMatrix International
ORD-03372,Cardiovascular Drug,100,High,189.78,6,0.918,0.968,1.07,99.0,Aegis Health Supplies
ORD-03373,Monoclonal Antibody,250,Standard,5543.32,9,0.94,0.912,0.74,95.1,CryoSafe LifeSciences
ORD-03374,Vaccine,500,Medium,271.68,4,0.886,0.94,0.57,91.8,BioMatrix International
ORD-03375,Chemotherapy Agent,250,Medium,629.39,3,0.999,0.892,0.48,93.8,Bharat BioLogics
ORD-03376,Vaccine,100,Medium,332.31,6,0.91,0.916,0.08,96.4,Quantum Health Sciences
ORD-03377,Insulin,5000,Standard,217.86,4,0.922,0.965,0.99,96.8,OmniHealth Labs
ORD-03378,Antihistamine,500,Medium,62.38,9,0.982,0.966,1.4,98.4,NovaCure Therapeutics
ORD-03379,Painkiller,1000,Standard,43.29,7,0.897,0.872,0.08,96.2,MediCore Labs
ORD-03380,Chemotherapy Agent,5000,Standard,457.27,7,0.892,0.903,1.12,93.0,Apex BioPharma
ORD-03381,Immunosuppressant,250,Standard,403.77,3,0.922,0.909,0.67,93.5,OmniHealth Labs
ORD-03382,Chemotherapy Agent,100,High,515.75,4,0.93,0.895,0.89,96.4,Bharat BioLogics
ORD-03383,Monoclonal Antibody,1000,Standard,4084.73,4,0.895,0.938,1.0,94.5,Zenith LifeSciences
ORD-03384,Antibiotic,500,High,128.93,6,1.0,0.89,0.38,99.4,NovaCure Therapeutics
ORD-03385,Monoclonal Antibody,250,High,4985.72,8,0.947,0.989,0.61,94.6,CryoSafe LifeSciences
ORD-03386,Monoclonal Antibody,2500,Medium,4663.0,6,0.833,0.923,1.31,99.7,Pulse Generic Pharma
ORD-03387,Antibiotic,1000,Medium,123.64,6,0.984,0.91,0.19,96.8,PharmaTrust Global
ORD-03388,Insulin,1000,High,232.14,4,0.908,0.938,0.48,97.3,VitalCare Pharmaceuticals
ORD-03389,Monoclonal Antibody,1000,Medium,5522.84,7,0.878,0.981,1.62,97.9,MediCore Labs
ORD-03390,Cardiovascular Drug,500,Standard,163.75,10,0.923,0.88,0.83,95.6,CryoSafe LifeSciences
ORD-03391,Cardiovascular Drug,2500,Medium,171.24,4,0.949,0.927,0.94,96.9,Aegis Health Supplies
ORD-03392,Vaccine,500,High,365.92,7,0.909,0.951,1.07,97.8,Vanguard Pharma
ORD-03393,Chemotherapy Agent,100,Medium,474.58,7,0.88,0.934,1.3,100.0,Serum Horizon Global
ORD-03394,Antiviral,2500,Medium,263.93,11,0.863,0.846,0.03,100.0,GlobalRx Supply Chain
ORD-03395,Cardiovascular Drug,2500,Standard,182.83,7,0.922,0.785,0.71,98.2,Quantum Health Sciences
ORD-03396,Immunosuppressant,100,Standard,399.09,7,0.891,0.88,0.19,92.2,Quantum Health Sciences
ORD-03397,Monoclonal Antibody,2500,Standard,5235.42,6,0.988,0.94,1.35,96.7,MediCore Labs
ORD-03398,Cardiovascular Drug,500,Medium,179.15,9,0.862,0.859,0.28,99.3,NovaCure Therapeutics
ORD-03399,Cardiovascular Drug,100,Medium,145.98,8,0.916,0.864,0.52,93.3,CryoSafe LifeSciences
ORD-03400,Antihistamine,100,High,62.41,2,0.87,0.91,0.22,96.4,Pulse Generic Pharma
ORD-03401,Antibiotic,1000,Medium,130.59,7,0.913,0.836,0.49,99.2,BioMatrix International
ORD-03402,Chemotherapy Agent,5000,Standard,472.15,8,0.892,0.927,0.49,92.8,Apex BioPharma
ORD-03403,Cardiovascular Drug,500,Medium,162.67,9,0.947,0.916,0.89,96.3,CryoSafe LifeSciences
ORD-03404,Antibiotic,2500,Medium,138.13,7,0.959,0.964,0.16,96.6,PharmaTrust Global
ORD-03405,Cardiovascular Drug,500,High,183.39,7,0.962,0.942,0.65,99.3,Aegis Health Supplies
ORD-03406,Cardiovascular Drug,1000,High,173.35,4,0.924,0.963,1.05,96.6,Aegis Health Supplies
ORD-03407,Painkiller,250,High,46.96,5,0.887,0.828,0.2,98.6,MediCore Labs
ORD-03408,Painkiller,100,Standard,48.85,5,0.912,0.834,0.05,97.6,MediCore Labs
ORD-03409,Immunosuppressant,5000,Medium,459.98,6,0.894,0.913,0.6,91.7,Quantum Health Sciences
ORD-03410,Monoclonal Antibody,500,Standard,5134.85,2,0.952,0.94,1.0,93.1,VitalCare Pharmaceuticals
ORD-03411,Immunosuppressant,2500,Medium,425.76,7,0.997,0.897,0.13,93.7,CryoSafe LifeSciences
ORD-03412,Monoclonal Antibody,250,Standard,4674.5,8,0.812,0.901,1.22,97.6,Pulse Generic Pharma
ORD-03413,Antiviral,250,Standard,194.76,3,0.896,0.824,0.29,95.5,MediCore Labs
ORD-03414,Immunosuppressant,250,Medium,407.7,5,0.857,0.985,1.05,99.0,VitalCare Pharmaceuticals
ORD-03415,Immunosuppressant,250,Medium,351.29,5,0.903,0.986,0.9,94.8,OmniHealth Labs
ORD-03416,Cardiovascular Drug,500,High,242.84,4,0.947,0.878,0.2,96.5,Serum Horizon Global
ORD-03417,Cardiovascular Drug,500,Medium,180.21,10,0.849,0.871,0.47,98.6,NovaCure Therapeutics
ORD-03418,Vaccine,250,High,332.48,5,0.86,0.942,0.44,94.4,BioMatrix International
ORD-03419,Antiviral,100,Medium,208.66,2,0.927,0.861,0.52,95.6,MediCore Labs
ORD-03420,Insulin,250,High,222.46,5,0.952,0.862,0.51,96.2,VitalCare Pharmaceuticals
ORD-03421,Antiviral,2500,Standard,160.25,6,0.895,0.848,0.28,97.6,Vanguard Pharma
ORD-03422,Chemotherapy Agent,250,High,440.91,1,0.883,0.832,0.25,97.2,Beacon Pharmaceuticals
ORD-03423,Insulin,250,Standard,176.95,7,0.98,0.927,0.98,98.2,OmniHealth Labs
ORD-03424,Antibiotic,2500,Medium,97.6,6,0.915,0.857,1.38,92.7,Zenith LifeSciences
ORD-03425,Antibiotic,2500,Medium,129.81,7,0.866,0.87,1.49,93.8,Zenith LifeSciences
ORD-03426,Cardiovascular Drug,500,Standard,179.9,8,1.0,0.892,0.72,93.9,CryoSafe LifeSciences
ORD-03427,Vaccine,500,Standard,242.0,8,0.892,0.915,0.47,96.9,OmniHealth Labs
ORD-03428,Vaccine,250,Medium,319.75,9,0.989,0.941,0.79,98.8,OmniHealth Labs
ORD-03429,Monoclonal Antibody,1000,High,4914.26,4,0.896,0.928,0.82,93.7,VitalCare Pharmaceuticals
ORD-03430,Antihistamine,5000,High,52.35,3,0.971,0.859,0.37,95.2,Pulse Generic Pharma
ORD-03431,Immunosuppressant,500,Standard,339.69,3,0.965,0.927,0.55,93.9,OmniHealth Labs
ORD-03432,Antibiotic,1000,Medium,118.67,4,0.919,0.893,1.22,95.9,Zenith LifeSciences
ORD-03433,Immunosuppressant,2500,Medium,460.93,8,0.89,0.982,0.83,98.4,VitalCare Pharmaceuticals
ORD-03434,Chemotherapy Agent,100,Medium,534.73,3,0.907,0.816,0.01,96.2,Beacon Pharmaceuticals
ORD-03435,Chemotherapy Agent,1000,Medium,465.04,9,0.949,0.834,1.22,100.0,Serum Horizon Global
ORD-03436,Antiviral,1000,Medium,170.89,6,0.791,0.922,0.3,96.0,Vanguard Pharma
ORD-03437,Painkiller,5000,Standard,43.81,4,0.84,0.824,0.74,96.9,Beacon Pharmaceuticals
ORD-03438,Antibiotic,2500,High,156.76,2,0.939,0.907,0.31,97.3,NovaCure Therapeutics
ORD-03439,Immunosuppressant,1000,High,358.5,7,0.901,0.945,0.58,94.0,OmniHealth Labs
ORD-03440,Chemotherapy Agent,5000,Medium,423.22,1,0.832,0.818,0.11,96.2,Beacon Pharmaceuticals
ORD-03441,Antiviral,1000,High,232.16,5,0.959,0.796,0.12,94.0,Pulse Generic Pharma
ORD-03442,Monoclonal Antibody,5000,Medium,5714.15,5,0.965,0.971,1.3,97.6,MediCore Labs
ORD-03443,Antiviral,250,Medium,243.96,5,0.939,0.927,0.71,94.6,Summit BioSolutions
ORD-03444,Immunosuppressant,500,High,356.43,5,0.984,0.959,0.72,93.4,OmniHealth Labs
ORD-03445,Painkiller,500,Medium,49.02,10,0.96,0.916,1.24,94.8,BioMatrix International
ORD-03446,Vaccine,500,Medium,329.36,7,0.975,0.886,0.01,96.3,Quantum Health Sciences
ORD-03447,Immunosuppressant,5000,Standard,490.93,6,0.853,0.836,1.13,100.0,VitalCare Pharmaceuticals
ORD-03448,Vaccine,2500,Medium,260.92,9,0.967,0.926,0.97,96.0,OmniHealth Labs
ORD-03449,Immunosuppressant,250,Standard,391.24,5,0.91,0.94,0.59,93.8,OmniHealth Labs
ORD-03450,Painkiller,100,Standard,38.06,7,0.876,0.867,0.47,96.4,MediCore Labs
ORD-03451,Painkiller,100,Standard,47.72,6,0.915,0.832,1.13,98.9,Apex BioPharma
ORD-03452,Chemotherapy Agent,100,High,548.2,4,0.948,0.932,0.39,93.6,Bharat BioLogics
ORD-03453,Cardiovascular Drug,2500,Standard,202.74,10,0.882,0.837,0.5,98.7,Quantum Health Sciences
ORD-03454,Insulin,2500,Standard,214.26,5,0.99,0.921,0.26,96.8,VitalCare Pharmaceuticals
ORD-03455,Antiviral,5000,High,187.6,3,0.836,0.903,0.22,98.2,Vanguard Pharma
ORD-03456,Monoclonal Antibody,5000,Standard,4577.58,2,0.909,0.858,0.77,94.1,VitalCare Pharmaceuticals
ORD-03457,Chemotherapy Agent,250,Medium,508.0,10,0.904,0.897,0.19,95.9,GlobalRx Supply Chain
ORD-03458,Antihistamine,500,High,65.87,3,0.935,0.811,0.06,95.8,Pulse Generic Pharma
ORD-03459,Antiviral,100,Standard,175.26,5,0.817,0.904,0.16,96.7,Vanguard Pharma
ORD-03460,Immunosuppressant,250,High,389.25,4,0.951,0.917,0.47,93.7,OmniHealth Labs
ORD-03461,Antiviral,500,Standard,194.0,4,0.91,0.893,0.67,93.5,MediCore Labs
ORD-03462,Antihistamine,100,Medium,55.3,4,0.916,0.852,0.26,94.1,Pulse Generic Pharma
ORD-03463,Insulin,2500,High,257.99,4,0.925,0.868,0.06,95.6,Apex BioPharma
ORD-03464,Antibiotic,100,Standard,116.52,10,0.999,0.847,0.53,99.1,BioMatrix International
ORD-03465,Vaccine,250,Medium,260.78,9,0.935,0.938,0.57,97.4,OmniHealth Labs
ORD-03466,Painkiller,500,Medium,39.84,6,0.853,0.801,0.68,97.7,Apex BioPharma
ORD-03467,Vaccine,1000,Standard,254.91,7,0.881,0.893,0.99,93.3,Summit BioSolutions
ORD-03468,Painkiller,500,High,48.59,2,0.893,0.887,0.55,95.3,Beacon Pharmaceuticals
ORD-03469,Antibiotic,5000,High,143.68,4,0.963,0.921,0.41,99.1,NovaCure Therapeutics
ORD-03470,Chemotherapy Agent,100,Medium,459.75,9,0.942,0.902,0.43,95.9,GlobalRx Supply Chain
ORD-03471,Antibiotic,5000,Standard,117.5,8,1.0,0.954,0.37,97.2,PharmaTrust Global
ORD-03472,Chemotherapy Agent,1000,Standard,446.3,3,0.842,0.821,0.16,96.0,Beacon Pharmaceuticals
ORD-03473,Monoclonal Antibody,500,Medium,4500.04,4,0.799,0.932,0.79,98.8,Pulse Generic Pharma
ORD-03474,Antiviral,100,High,221.44,5,0.926,0.891,0.01,96.8,Vanguard Pharma
ORD-03475,Antihistamine,5000,High,58.47,5,0.866,0.87,0.43,95.5,Pulse Generic Pharma
ORD-03476,Cardiovascular Drug,1000,Standard,147.8,8,0.908,0.997,1.03,99.0,Aegis Health Supplies
ORD-03477,Antibiotic,5000,Standard,140.7,4,0.964,0.862,0.48,97.7,NovaCure Therapeutics
ORD-03478,Painkiller,1000,Standard,42.6,8,0.865,0.868,0.64,96.9,Apex BioPharma
ORD-03479,Chemotherapy Agent,100,Medium,526.3,7,1.0,0.916,0.01,95.7,GlobalRx Supply Chain
ORD-03480,Antibiotic,2500,Medium,145.76,3,0.927,0.835,0.24,98.5,NovaCure Therapeutics
ORD-03481,Antihistamine,500,Standard,58.84,7,0.903,0.959,1.4,93.5,Summit BioSolutions
ORD-03482,Antihistamine,100,Standard,61.93,5,0.872,0.849,0.48,97.7,Aegis Health Supplies
ORD-03483,Antihistamine,500,Standard,59.23,2,0.911,0.881,0.01,92.1,Pulse Generic Pharma
ORD-03484,Insulin,500,Standard,210.17,7,0.976,0.92,0.9,99.0,OmniHealth Labs
ORD-03485,Monoclonal Antibody,250,Standard,4515.97,6,0.858,0.977,1.7,95.1,Zenith LifeSciences
ORD-03486,Monoclonal Antibody,1000,Standard,4600.76,6,0.805,0.951,0.91,98.3,Pulse Generic Pharma
ORD-03487,Antiviral,1000,Standard,190.7,5,0.868,0.852,0.07,96.3,Vanguard Pharma
ORD-03488,Vaccine,250,Medium,339.31,5,1.0,0.976,1.26,98.2,Vanguard Pharma
ORD-03489,Insulin,250,High,220.28,7,0.956,0.922,0.59,95.4,Apex BioPharma
ORD-03490,Cardiovascular Drug,1000,Standard,151.89,5,0.858,0.977,0.98,97.0,Aegis Health Supplies
ORD-03491,Antibiotic,250,Medium,128.31,7,0.972,0.833,0.34,99.4,BioMatrix International
ORD-03492,Cardiovascular Drug,100,Medium,171.55,11,0.957,0.833,0.67,95.4,CryoSafe LifeSciences
ORD-03493,Insulin,250,High,258.75,8,0.888,0.843,1.4,98.2,Beacon Pharmaceuticals
ORD-03494,Monoclonal Antibody,1000,High,4968.6,4,0.929,0.958,1.07,96.8,MediCore Labs
ORD-03495,Antiviral,500,Medium,221.31,6,0.875,0.828,0.94,95.1,Pulse Generic Pharma
ORD-03496,Antiviral,500,High,203.44,3,0.966,0.814,0.44,96.7,MediCore Labs
ORD-03497,Insulin,500,Medium,217.28,7,0.925,0.959,1.3,98.5,OmniHealth Labs
ORD-03498,Insulin,100,High,248.95,3,0.903,0.83,0.01,95.0,Apex BioPharma
ORD-03499,Vaccine,2500,Standard,266.11,6,0.902,0.909,0.78,97.6,OmniHealth Labs
ORD-03500,Antiviral,5000,High,208.76,4,0.863,0.864,0.28,98.6,Vanguard Pharma
ORD-03501,Cardiovascular Drug,250,Medium,175.99,11,0.992,0.883,0.56,97.2,CryoSafe LifeSciences
ORD-03502,Painkiller,1000,High,43.57,3,0.803,0.867,0.15,94.9,Beacon Pharmaceuticals
ORD-03503,Cardiovascular Drug,2500,High,176.48,8,0.91,0.934,1.0,96.2,Aegis Health Supplies
ORD-03504,Monoclonal Antibody,2500,Medium,5744.37,7,0.843,0.96,0.71,94.0,CryoSafe LifeSciences
ORD-03505,Monoclonal Antibody,1000,Medium,5529.29,5,0.893,0.911,1.29,95.3,Zenith LifeSciences
ORD-03506,Antibiotic,2500,Medium,159.36,6,0.946,0.825,1.06,97.7,Bharat BioLogics
ORD-03507,Antibiotic,1000,Standard,117.6,3,0.933,0.908,0.01,100.0,NovaCure Therapeutics
ORD-03508,Vaccine,2500,Medium,288.92,5,0.944,0.96,0.86,97.8,OmniHealth Labs
ORD-03509,Cardiovascular Drug,1000,High,175.7,8,0.861,0.921,0.93,97.3,Aegis Health Supplies
ORD-03510,Insulin,2500,High,231.4,10,0.852,1.0,0.64,92.9,PharmaTrust Global
ORD-03511,Antibiotic,2500,Medium,130.14,9,0.934,0.969,0.83,97.6,PharmaTrust Global
ORD-03512,Cardiovascular Drug,2500,Medium,160.61,8,0.954,0.886,0.71,96.5,CryoSafe LifeSciences
ORD-03513,Painkiller,500,Medium,42.76,4,0.908,0.784,0.49,95.8,Beacon Pharmaceuticals
ORD-03514,Monoclonal Antibody,500,Standard,5126.9,5,0.942,0.897,1.05,93.3,VitalCare Pharmaceuticals
ORD-03515,Insulin,500,Medium,210.2,5,1.0,0.876,0.06,94.9,Apex BioPharma
ORD-03516,Antiviral,5000,Medium,204.13,7,1.0,0.855,0.68,94.1,Pulse Generic Pharma
ORD-03517,Immunosuppressant,2500,Standard,402.75,7,0.987,0.893,1.2,95.6,Bharat BioLogics
ORD-03518,Antibiotic,250,Standard,112.17,8,1.0,0.933,0.42,97.1,PharmaTrust Global
ORD-03519,Immunosuppressant,100,Medium,354.35,4,0.947,0.945,0.84,95.2,OmniHealth Labs
ORD-03520,Painkiller,2500,Medium,44.53,8,0.963,0.851,0.16,97.8,MediCore Labs
ORD-03521,Immunosuppressant,250,Medium,394.89,8,0.904,0.891,0.61,92.0,Quantum Health Sciences
ORD-03522,Chemotherapy Agent,2500,Medium,472.26,9,0.829,0.859,1.11,93.5,Apex BioPharma
ORD-03523,Chemotherapy Agent,500,Standard,497.69,10,0.925,0.878,1.11,98.3,Serum Horizon Global
ORD-03524,Antibiotic,5000,Medium,134.06,4,0.903,0.854,0.22,100.0,NovaCure Therapeutics
ORD-03525,Immunosuppressant,250,Medium,351.94,5,0.896,0.954,0.62,94.8,OmniHealth Labs
ORD-03526,Painkiller,500,High,39.13,7,0.987,0.841,1.17,91.8,BioMatrix International
ORD-03527,Painkiller,500,Medium,55.1,7,0.956,0.81,0.74,91.9,Serum Horizon Global
ORD-03528,Chemotherapy Agent,2500,Medium,634.76,4,0.955,0.891,0.52,96.6,Bharat BioLogics
ORD-03529,Cardiovascular Drug,250,Medium,163.21,6,0.98,0.944,0.75,98.2,Aegis Health Supplies
ORD-03530,Vaccine,2500,Standard,320.4,5,0.89,0.937,0.5,93.1,BioMatrix International
ORD-03531,Cardiovascular Drug,1000,Medium,158.87,8,0.966,0.871,0.59,96.1,CryoSafe LifeSciences
ORD-03532,Immunosuppressant,2500,Medium,368.95,8,0.968,0.875,0.33,93.3,CryoSafe LifeSciences
ORD-03533,Antiviral,250,Medium,188.51,1,0.902,0.803,0.44,97.8,MediCore Labs
ORD-03534,Cardiovascular Drug,5000,Standard,187.9,6,0.862,0.87,0.26,99.0,NovaCure Therapeutics
ORD-03535,Immunosuppressant,100,Medium,500.92,5,0.852,0.934,0.96,99.5,VitalCare Pharmaceuticals
ORD-03536,Antibiotic,100,High,153.41,3,0.929,0.894,0.39,99.2,NovaCure Therapeutics
ORD-03537,Monoclonal Antibody,5000,High,5326.93,5,0.949,0.91,1.48,96.1,MediCore Labs
ORD-03538,Antiviral,1000,High,188.33,6,0.887,0.893,0.38,98.0,Vanguard Pharma
ORD-03539,Antiviral,500,Medium,223.73,3,0.918,0.874,0.7,97.7,MediCore Labs
ORD-03540,Chemotherapy Agent,100,Medium,532.44,3,0.989,0.891,0.25,93.4,Bharat BioLogics
ORD-03541,Painkiller,250,High,46.79,3,0.846,0.794,0.3,94.4,Beacon Pharmaceuticals
ORD-03542,Insulin,500,Standard,223.18,7,0.934,0.93,0.53,95.0,Apex BioPharma
ORD-03543,Antibiotic,1000,Medium,121.72,9,0.964,0.954,0.01,97.7,PharmaTrust Global
ORD-03544,Monoclonal Antibody,5000,High,4110.9,8,0.959,0.962,1.59,96.9,MediCore Labs
ORD-03545,Antihistamine,2500,High,67.04,4,0.882,0.85,0.88,97.1,Aegis Health Supplies
ORD-03546,Cardiovascular Drug,5000,High,190.04,5,0.969,0.86,0.85,93.0,Serum Horizon Global
ORD-03547,Immunosuppressant,5000,High,379.04,7,0.889,0.948,0.51,95.4,OmniHealth Labs
ORD-03548,Monoclonal Antibody,2500,High,5607.4,8,0.902,1.0,0.55,93.0,CryoSafe LifeSciences
ORD-03549,Monoclonal Antibody,500,Medium,4894.3,5,0.907,0.944,0.92,93.2,VitalCare Pharmaceuticals
ORD-03550,Cardiovascular Drug,2500,Standard,211.6,7,1.0,0.863,0.35,97.9,Quantum Health Sciences
ORD-03551,Vaccine,5000,Medium,274.64,8,0.88,0.969,1.04,98.7,Vanguard Pharma
ORD-03552,Cardiovascular Drug,250,Standard,181.51,4,0.946,0.948,0.8,98.4,Aegis Health Supplies
ORD-03553,Immunosuppressant,5000,High,403.15,4,0.955,0.991,0.66,94.2,OmniHealth Labs
ORD-03554,Vaccine,250,Medium,302.48,7,0.903,0.916,1.02,97.2,Vanguard Pharma
ORD-03555,Painkiller,100,High,43.09,4,0.908,0.88,0.01,97.6,MediCore Labs
ORD-03556,Chemotherapy Agent,500,Standard,441.42,1,0.837,0.85,0.34,97.0,Beacon Pharmaceuticals
ORD-03557,Cardiovascular Drug,500,Medium,157.93,6,0.921,0.886,1.34,97.2,Aegis Health Supplies
ORD-03558,Painkiller,100,Standard,46.86,5,0.91,0.837,0.06,95.5,MediCore Labs
ORD-03559,Antibiotic,100,Standard,120.49,6,0.931,0.909,1.33,96.5,Bharat BioLogics
ORD-03560,Painkiller,2500,Standard,46.08,8,0.932,0.855,0.39,93.8,Serum Horizon Global
ORD-03561,Monoclonal Antibody,500,High,5607.55,9,0.92,0.999,0.81,95.7,CryoSafe LifeSciences
ORD-03562,Vaccine,250,Medium,323.75,9,0.939,0.863,0.99,91.1,Summit BioSolutions
ORD-03563,Cardiovascular Drug,5000,Medium,162.47,5,0.941,0.974,1.24,98.9,Aegis Health Supplies
ORD-03564,Painkiller,250,High,47.44,6,0.932,0.827,0.57,95.1,MediCore Labs
ORD-03565,Antiviral,1000,High,220.32,3,0.861,0.824,0.82,95.5,MediCore Labs
ORD-03566,Antiviral,100,Standard,190.68,5,0.892,0.842,0.55,98.9,MediCore Labs
ORD-03567,Antiviral,2500,Medium,192.13,4,0.845,0.91,0.15,97.5,Vanguard Pharma
ORD-03568,Antiviral,100,Standard,210.87,6,0.894,0.895,0.06,98.0,Vanguard Pharma
ORD-03569,Chemotherapy Agent,1000,Medium,430.57,5,0.902,0.82,0.24,95.8,Beacon Pharmaceuticals
ORD-03570,Antibiotic,250,Medium,143.66,6,0.968,0.939,0.69,95.4,PharmaTrust Global
ORD-03571,Antihistamine,2500,Medium,58.27,11,0.875,0.969,1.17,99.6,NovaCure Therapeutics
ORD-03572,Antiviral,100,Standard,206.61,7,0.869,0.952,0.28,96.7,Vanguard Pharma
ORD-03573,Insulin,100,High,213.12,5,0.96,0.932,0.96,95.7,OmniHealth Labs
ORD-03574,Immunosuppressant,100,High,435.36,7,0.928,0.953,1.23,99.6,VitalCare Pharmaceuticals
ORD-03575,Antibiotic,2500,Standard,137.22,6,0.945,0.894,0.17,99.5,BioMatrix International
ORD-03576,Vaccine,100,Standard,244.6,7,0.839,0.953,0.87,96.0,OmniHealth Labs
ORD-03577,Cardiovascular Drug,250,Medium,147.92,4,0.926,0.922,0.85,98.6,Aegis Health Supplies
ORD-03578,Antibiotic,2500,Medium,139.51,6,0.978,0.891,0.69,95.5,PharmaTrust Global
ORD-03579,Chemotherapy Agent,5000,High,581.95,5,0.947,0.934,0.69,94.9,Bharat BioLogics
ORD-03580,Chemotherapy Agent,100,Standard,450.13,9,0.895,0.92,0.65,94.9,Apex BioPharma
ORD-03581,Antiviral,500,Medium,196.55,7,0.908,0.782,0.06,98.0,GlobalRx Supply Chain
ORD-03582,Immunosuppressant,250,Medium,405.63,6,0.939,0.873,0.41,95.1,Quantum Health Sciences
ORD-03583,Insulin,250,High,238.43,8,0.972,0.856,1.29,98.7,OmniHealth Labs
ORD-03584,Antiviral,250,High,189.51,8,0.987,0.889,0.72,90.7,Pulse Generic Pharma
ORD-03585,Monoclonal Antibody,2500,Standard,5943.83,8,0.949,0.952,1.12,97.2,MediCore Labs
ORD-03586,Insulin,500,Medium,228.82,8,0.918,0.903,0.75,96.1,VitalCare Pharmaceuticals
ORD-03587,Insulin,5000,High,246.33,5,0.933,0.958,1.43,97.9,OmniHealth Labs
ORD-03588,Antiviral,2500,Standard,214.62,4,0.875,0.879,0.09,98.2,Vanguard Pharma
ORD-03589,Painkiller,250,Medium,39.84,4,0.883,0.826,0.42,95.9,Beacon Pharmaceuticals
ORD-03590,Chemotherapy Agent,500,Standard,465.88,9,0.915,0.875,1.19,95.2,Apex BioPharma
ORD-03591,Antibiotic,2500,High,133.24,6,0.975,0.968,0.45,95.8,PharmaTrust Global
ORD-03592,Chemotherapy Agent,100,Medium,522.41,10,0.877,0.897,0.58,93.0,Apex BioPharma
ORD-03593,Painkiller,5000,Medium,50.53,8,0.858,0.863,0.73,91.9,Serum Horizon Global
ORD-03594,Vaccine,5000,Medium,302.47,5,0.92,0.96,1.04,96.2,Vanguard Pharma
ORD-03595,Vaccine,500,High,320.61,4,0.887,0.965,0.69,93.2,BioMatrix International
ORD-03596,Chemotherapy Agent,100,Medium,429.8,7,0.896,0.822,1.19,100.0,Serum Horizon Global
ORD-03597,Monoclonal Antibody,500,Standard,5045.23,4,0.897,0.921,0.9,92.5,VitalCare Pharmaceuticals
ORD-03598,Immunosuppressant,5000,Standard,366.91,5,0.904,0.955,0.64,94.3,OmniHealth Labs
ORD-03599,Painkiller,5000,Standard,46.0,2,0.901,0.864,0.17,93.7,Beacon Pharmaceuticals
ORD-03600,Immunosuppressant,100,Standard,360.22,7,0.918,0.971,0.55,95.0,OmniHealth Labs
ORD-03601,Insulin,5000,High,209.23,5,0.899,0.886,1.11,97.5,OmniHealth Labs
ORD-03602,Antibiotic,250,Medium,146.18,2,0.918,0.887,0.35,100.0,NovaCure Therapeutics
ORD-03603,Insulin,5000,Standard,223.04,3,0.951,0.852,0.3,95.3,Apex BioPharma
ORD-03604,Monoclonal Antibody,500,High,4079.31,1,0.95,0.931,1.28,92.7,VitalCare Pharmaceuticals
ORD-03605,Chemotherapy Agent,5000,High,442.11,5,0.854,0.771,0.18,95.4,Beacon Pharmaceuticals
ORD-03606,Insulin,5000,Standard,254.67,7,0.977,0.89,0.14,96.7,Apex BioPharma
ORD-03607,Immunosuppressant,100,Standard,384.95,7,0.889,0.857,0.89,93.2,Quantum Health Sciences
ORD-03608,Painkiller,5000,Standard,56.74,4,0.827,0.802,0.46,95.9,Beacon Pharmaceuticals
ORD-03609,Immunosuppressant,250,High,414.33,6,0.878,0.976,0.93,95.3,Bharat BioLogics
ORD-03610,Antihistamine,5000,Medium,61.7,3,0.971,0.883,1.14,90.7,Summit BioSolutions
ORD-03611,Cardiovascular Drug,2500,High,213.11,6,0.93,0.82,0.31,93.0,Serum Horizon Global
ORD-03612,Painkiller,1000,Standard,46.23,5,0.895,0.861,0.04,95.8,MediCore Labs
ORD-03613,Vaccine,250,Standard,391.97,5,0.94,0.875,0.22,95.4,Quantum Health Sciences
ORD-03614,Insulin,2500,Medium,267.56,5,0.989,0.876,1.17,99.2,OmniHealth Labs
ORD-03615,Antiviral,5000,Medium,218.49,6,0.964,0.798,0.41,92.5,Pulse Generic Pharma
ORD-03616,Chemotherapy Agent,250,High,556.66,3,0.906,0.867,0.35,94.8,Bharat BioLogics
ORD-03617,Antibiotic,100,Medium,124.29,7,0.973,0.948,0.68,97.1,PharmaTrust Global
ORD-03618,Antihistamine,100,High,67.3,4,0.93,0.858,0.59,96.3,Aegis Health Supplies
ORD-03619,Antibiotic,100,Standard,118.09,4,0.979,0.878,1.33,94.7,Zenith LifeSciences
ORD-03620,Chemotherapy Agent,100,High,647.56,3,0.938,0.904,0.81,94.5,Bharat BioLogics
ORD-03621,Antihistamine,100,Standard,60.05,5,0.903,0.864,0.6,97.3,Aegis Health Supplies
ORD-03622,Vaccine,2500,High,285.03,8,0.945,0.869,1.12,96.6,Summit BioSolutions
ORD-03623,Monoclonal Antibody,5000,Medium,4539.85,1,0.943,0.954,0.65,92.8,VitalCare Pharmaceuticals
ORD-03624,Chemotherapy Agent,2500,Medium,556.9,3,0.967,0.905,0.63,94.9,Bharat BioLogics
ORD-03625,Insulin,1000,Standard,191.94,6,0.839,0.945,1.12,93.3,PharmaTrust Global
ORD-03626,Antiviral,250,Standard,194.58,3,0.822,0.855,0.03,96.9,Vanguard Pharma
ORD-03627,Monoclonal Antibody,100,Standard,4645.11,1,0.914,0.921,0.87,92.9,VitalCare Pharmaceuticals
ORD-03628,Antiviral,250,Medium,214.12,3,0.873,0.965,0.23,96.5,Vanguard Pharma
ORD-03629,Painkiller,2500,Medium,48.4,7,0.931,0.88,0.36,97.4,MediCore Labs
ORD-03630,Insulin,250,High,270.63,7,0.896,0.886,0.41,97.9,VitalCare Pharmaceuticals
ORD-03631,Chemotherapy Agent,250,Medium,454.67,9,0.895,0.903,0.98,98.0,Serum Horizon Global
ORD-03632,Monoclonal Antibody,5000,Standard,4509.0,4,0.858,0.857,1.17,99.1,Pulse Generic Pharma
ORD-03633,Cardiovascular Drug,100,High,155.79,8,0.869,0.922,1.2,99.5,Aegis Health Supplies
ORD-03634,Antiviral,500,Medium,187.82,5,0.99,0.91,0.6,94.0,Pulse Generic Pharma
ORD-03635,Painkiller,500,High,41.92,5,0.973,0.798,0.18,96.3,Beacon Pharmaceuticals
ORD-03636,Antibiotic,250,Medium,128.85,5,0.964,0.893,0.89,96.3,Bharat BioLogics
ORD-03637,Vaccine,5000,High,364.42,7,0.907,0.959,1.1,97.8,Vanguard Pharma
ORD-03638,Chemotherapy Agent,1000,Standard,420.99,9,0.932,0.914,0.98,99.7,Serum Horizon Global
ORD-03639,Painkiller,5000,Medium,39.9,7,0.895,0.805,0.63,97.8,Apex BioPharma
ORD-03640,Immunosuppressant,5000,Standard,391.02,6,0.962,0.817,0.01,94.5,CryoSafe LifeSciences
ORD-03641,Antibiotic,500,Standard,121.77,6,0.892,0.851,1.44,93.9,Zenith LifeSciences
ORD-03642,Immunosuppressant,5000,High,357.28,4,0.929,0.904,0.25,94.0,OmniHealth Labs
ORD-03643,Insulin,1000,Medium,243.5,4,0.981,0.853,0.17,96.5,Apex BioPharma
ORD-03644,Chemotherapy Agent,2500,Medium,439.67,7,0.784,0.914,0.96,92.9,Apex BioPharma
ORD-03645,Chemotherapy Agent,2500,High,517.38,7,0.972,0.979,0.37,96.4,GlobalRx Supply Chain
ORD-03646,Cardiovascular Drug,100,Medium,181.86,7,0.94,0.927,1.38,98.0,Aegis Health Supplies
ORD-03647,Insulin,250,High,223.82,6,0.948,0.965,1.39,97.5,OmniHealth Labs
ORD-03648,Antiviral,250,Standard,178.75,5,0.878,0.85,0.06,95.1,Vanguard Pharma
ORD-03649,Immunosuppressant,100,High,411.9,4,0.932,0.955,0.83,93.8,OmniHealth Labs
ORD-03650,Antibiotic,100,Standard,110.35,8,0.987,0.888,0.47,97.4,PharmaTrust Global
ORD-03651,Insulin,5000,Standard,217.52,6,0.923,0.935,1.04,98.0,OmniHealth Labs
ORD-03652,Antiviral,500,Standard,212.24,2,0.898,0.838,0.69,94.7,MediCore Labs
ORD-03653,Antiviral,2500,High,217.74,8,0.855,0.835,0.42,96.6,GlobalRx Supply Chain
ORD-03654,Monoclonal Antibody,1000,Medium,5690.77,4,0.971,0.989,1.53,97.2,MediCore Labs
ORD-03655,Antiviral,250,Medium,182.71,3,0.832,0.883,0.04,98.2,Vanguard Pharma
ORD-03656,Antihistamine,250,Medium,61.9,4,0.934,0.778,0.19,96.2,Pulse Generic Pharma
ORD-03657,Antibiotic,1000,Medium,134.47,4,0.917,0.837,0.28,99.1,NovaCure Therapeutics
ORD-03658,Antibiotic,250,Medium,124.28,7,0.977,0.892,0.54,96.7,PharmaTrust Global
ORD-03659,Monoclonal Antibody,500,High,5821.62,5,0.946,0.933,1.38,96.9,MediCore Labs
ORD-03660,Chemotherapy Agent,2500,High,461.79,6,0.917,0.864,0.54,94.3,Apex BioPharma
ORD-03661,Antihistamine,2500,Standard,60.4,4,0.879,0.882,0.36,95.0,Pulse Generic Pharma
ORD-03662,Antibiotic,1000,Standard,112.12,6,0.969,0.879,0.51,99.4,NovaCure Therapeutics
ORD-03663,Antihistamine,1000,High,51.83,4,0.94,0.784,0.11,95.3,Pulse Generic Pharma
ORD-03664,Painkiller,5000,High,43.64,8,0.984,0.907,0.11,96.0,MediCore Labs
ORD-03665,Monoclonal Antibody,250,Standard,5068.23,6,0.866,0.924,1.54,99.5,Pulse Generic Pharma
ORD-03666,Antihistamine,500,Standard,65.42,6,0.916,0.829,0.71,98.1,Aegis Health Supplies
ORD-03667,Cardiovascular Drug,2500,Medium,243.2,7,0.947,0.839,0.39,97.7,Quantum Health Sciences
ORD-03668,Antiviral,1000,High,211.85,5,0.827,0.921,0.26,98.5,Vanguard Pharma
ORD-03669,Painkiller,5000,High,46.11,1,0.907,0.874,0.36,96.0,Beacon Pharmaceuticals
ORD-03670,Antibiotic,5000,Standard,113.07,9,0.929,0.999,0.75,98.5,PharmaTrust Global
ORD-03671,Monoclonal Antibody,100,Standard,4862.51,1,0.929,0.934,0.8,93.4,VitalCare Pharmaceuticals
ORD-03672,Immunosuppressant,100,Medium,395.05,5,0.901,0.997,0.7,95.6,OmniHealth Labs
ORD-03673,Cardiovascular Drug,5000,Medium,162.42,8,0.909,0.897,0.71,96.6,Aegis Health Supplies
ORD-03674,Antibiotic,250,Standard,110.69,6,0.954,0.88,1.3,94.7,Zenith LifeSciences
ORD-03675,Cardiovascular Drug,1000,Medium,160.51,8,0.935,0.952,0.68,98.6,Aegis Health Supplies
ORD-03676,Painkiller,1000,Standard,45.93,5,0.907,0.824,0.34,96.3,Beacon Pharmaceuticals
ORD-03677,Immunosuppressant,1000,High,350.64,3,0.892,0.999,0.45,94.4,OmniHealth Labs
ORD-03678,Vaccine,2500,Standard,284.68,9,0.928,0.93,0.72,96.0,OmniHealth Labs
ORD-03679,Immunosuppressant,500,High,443.18,5,0.836,0.967,1.23,99.3,VitalCare Pharmaceuticals
ORD-03680,Cardiovascular Drug,500,Standard,181.25,4,0.902,0.937,1.08,97.6,Aegis Health Supplies
ORD-03681,Antibiotic,500,Medium,135.86,6,0.982,0.984,0.42,99.1,PharmaTrust Global
ORD-03682,Painkiller,2500,Medium,50.74,11,1.0,0.888,1.14,92.7,BioMatrix International
ORD-03683,Monoclonal Antibody,5000,Standard,4402.64,3,0.878,0.94,1.2,92.7,VitalCare Pharmaceuticals
ORD-03684,Antibiotic,100,Standard,161.11,2,0.939,0.856,0.18,99.8,NovaCure Therapeutics
ORD-03685,Cardiovascular Drug,5000,Medium,139.79,5,0.897,0.911,0.87,99.9,Aegis Health Supplies
ORD-03686,Insulin,2500,Standard,257.72,5,0.924,0.922,0.18,97.9,VitalCare Pharmaceuticals
ORD-03687,Antibiotic,2500,Medium,125.72,7,0.945,0.973,0.13,97.7,PharmaTrust Global
ORD-03688,Immunosuppressant,1000,High,368.11,5,0.877,0.894,0.57,93.1,OmniHealth Labs
ORD-03689,Insulin,100,Medium,235.98,3,0.982,0.95,0.23,95.6,Apex BioPharma
ORD-03690,Vaccine,500,Medium,288.04,4,0.939,0.93,0.82,99.9,Vanguard Pharma
ORD-03691,Insulin,5000,Standard,233.73,5,0.976,0.948,0.45,95.1,VitalCare Pharmaceuticals
ORD-03692,Painkiller,100,High,43.77,2,0.856,0.853,0.56,96.3,Beacon Pharmaceuticals
ORD-03693,Monoclonal Antibody,2500,Medium,5195.0,11,0.942,0.929,0.53,94.9,CryoSafe LifeSciences
ORD-03694,Insulin,250,High,253.0,8,0.933,0.891,0.51,97.1,VitalCare Pharmaceuticals
ORD-03695,Painkiller,1000,Standard,43.94,5,0.898,0.804,0.77,98.4,Apex BioPharma
ORD-03696,Monoclonal Antibody,2500,Medium,5157.39,8,0.875,1.0,0.82,95.4,CryoSafe LifeSciences
ORD-03697,Antihistamine,2500,Medium,53.51,4,0.938,0.893,1.3,93.9,Summit BioSolutions
ORD-03698,Antibiotic,250,Medium,117.31,6,0.902,0.897,1.37,94.1,Zenith LifeSciences
ORD-03699,Painkiller,1000,Medium,47.68,7,0.878,0.88,0.68,93.3,Serum Horizon Global
ORD-03700,Chemotherapy Agent,500,Standard,493.32,7,0.99,0.904,0.16,95.5,GlobalRx Supply Chain
ORD-03701,Immunosuppressant,5000,Standard,387.89,6,0.964,0.921,0.62,95.3,OmniHealth Labs
ORD-03702,Vaccine,500,Medium,279.56,6,0.9,0.985,0.81,94.9,BioMatrix International
ORD-03703,Cardiovascular Drug,250,High,171.97,5,0.923,0.952,1.25,98.8,Aegis Health Supplies
ORD-03704,Antibiotic,1000,Standard,114.78,8,0.885,0.893,1.03,94.0,Zenith LifeSciences
ORD-03705,Chemotherapy Agent,500,High,542.09,4,0.979,0.949,0.47,94.4,Bharat BioLogics
ORD-03706,Cardiovascular Drug,2500,Medium,159.27,6,0.906,0.92,1.14,98.1,Aegis Health Supplies
ORD-03707,Antiviral,1000,Medium,195.42,6,0.875,0.843,0.12,96.9,Vanguard Pharma
ORD-03708,Antibiotic,1000,Standard,123.34,8,0.984,0.938,0.44,98.4,PharmaTrust Global
ORD-03709,Insulin,5000,Standard,224.63,7,0.973,0.9,0.78,98.7,OmniHealth Labs
ORD-03710,Antihistamine,1000,High,71.0,2,0.938,0.787,0.58,97.8,Aegis Health Supplies
ORD-03711,Immunosuppressant,2500,High,350.33,5,0.873,0.871,0.72,95.1,Quantum Health Sciences
ORD-03712,Chemotherapy Agent,500,Standard,500.75,11,0.952,0.97,0.24,95.3,GlobalRx Supply Chain
ORD-03713,Chemotherapy Agent,100,High,444.96,4,0.874,0.817,0.15,96.8,Beacon Pharmaceuticals
ORD-03714,Antibiotic,2500,Medium,158.14,6,0.927,0.912,1.31,94.9,Bharat BioLogics
ORD-03715,Antiviral,1000,Standard,234.81,6,0.904,0.838,1.16,95.7,Summit BioSolutions
ORD-03716,Monoclonal Antibody,1000,Standard,5080.09,3,0.879,0.973,0.7,91.9,VitalCare Pharmaceuticals
ORD-03717,Antihistamine,250,Medium,55.85,11,0.91,0.974,1.66,99.5,NovaCure Therapeutics
ORD-03718,Antihistamine,100,Medium,55.14,8,0.895,0.992,1.36,98.1,NovaCure Therapeutics
ORD-03719,Cardiovascular Drug,5000,Medium,169.12,7,0.93,0.844,0.79,99.5,Quantum Health Sciences
ORD-03720,Insulin,100,Medium,250.54,5,0.935,0.867,1.42,98.1,OmniHealth Labs
ORD-03721,Painkiller,2500,Standard,45.86,6,0.913,0.828,0.52,97.8,Apex BioPharma
ORD-03722,Antiviral,100,Medium,217.81,7,0.893,0.9,0.15,97.6,GlobalRx Supply Chain
ORD-03723,Insulin,1000,High,218.55,6,1.0,0.969,1.4,96.6,OmniHealth Labs
ORD-03724,Vaccine,5000,Medium,297.29,6,0.918,0.913,0.72,96.3,OmniHealth Labs
ORD-03725,Antihistamine,5000,Medium,58.21,2,0.882,0.773,0.23,98.8,Aegis Health Supplies
ORD-03726,Antihistamine,100,High,59.2,2,0.871,0.853,0.3,96.8,Pulse Generic Pharma
ORD-03727,Insulin,2500,Standard,202.22,7,0.918,0.951,0.37,95.8,VitalCare Pharmaceuticals
ORD-03728,Chemotherapy Agent,250,Standard,508.97,7,0.99,0.901,0.32,98.1,GlobalRx Supply Chain
ORD-03729,Cardiovascular Drug,5000,High,156.39,6,0.96,0.903,0.95,98.5,Aegis Health Supplies
ORD-03730,Vaccine,1000,Medium,306.0,6,0.812,0.945,0.68,93.6,BioMatrix International
ORD-03731,Monoclonal Antibody,500,Medium,4265.64,4,0.925,0.947,0.66,94.3,VitalCare Pharmaceuticals
ORD-03732,Antihistamine,100,Medium,60.83,8,0.875,1.0,0.8,96.8,Zenith LifeSciences
ORD-03733,Vaccine,5000,Medium,289.26,8,0.851,0.941,0.55,93.2,BioMatrix International
ORD-03734,Antibiotic,5000,Standard,126.94,3,0.913,0.837,0.61,100.0,NovaCure Therapeutics
ORD-03735,Insulin,250,Standard,234.62,6,0.947,0.865,0.1,96.3,Apex BioPharma
ORD-03736,Insulin,500,Standard,198.74,7,0.936,0.844,0.11,95.5,Apex BioPharma
ORD-03737,Antiviral,1000,High,219.37,1,0.854,0.827,0.28,94.4,MediCore Labs
ORD-03738,Immunosuppressant,1000,Medium,340.4,3,0.973,0.991,0.38,94.1,OmniHealth Labs
ORD-03739,Vaccine,500,Medium,236.56,7,0.87,0.917,0.81,99.1,OmniHealth Labs
ORD-03740,Immunosuppressant,2500,High,504.37,8,0.998,0.833,0.2,95.4,CryoSafe LifeSciences
ORD-03741,Painkiller,100,Medium,44.6,9,0.949,0.871,0.95,92.6,Serum Horizon Global
ORD-03742,Antibiotic,5000,Medium,119.68,8,0.977,0.939,0.61,98.5,PharmaTrust Global
ORD-03743,Antiviral,5000,High,205.39,8,0.985,0.794,0.53,93.8,Pulse Generic Pharma
ORD-03744,Chemotherapy Agent,1000,Medium,582.3,3,0.953,0.87,0.28,93.4,Bharat BioLogics
ORD-03745,Cardiovascular Drug,100,High,194.58,4,0.982,0.923,0.52,94.0,Serum Horizon Global
ORD-03746,Antihistamine,250,Medium,72.5,4,0.848,0.841,0.01,96.0,Pulse Generic Pharma
ORD-03747,Painkiller,100,Medium,47.21,4,0.876,0.806,0.34,94.5,Beacon Pharmaceuticals
ORD-03748,Cardiovascular Drug,250,Medium,166.34,10,1.0,0.801,0.83,96.3,CryoSafe LifeSciences
ORD-03749,Insulin,500,High,222.21,4,0.97,0.895,0.86,96.7,VitalCare Pharmaceuticals
ORD-03750,Chemotherapy Agent,2500,High,490.71,8,0.917,0.91,1.1,98.2,Serum Horizon Global
ORD-03751,Insulin,2500,Medium,233.24,8,0.961,0.946,1.05,97.7,OmniHealth Labs
ORD-03752,Insulin,100,Standard,210.75,4,0.906,0.966,1.07,98.4,OmniHealth Labs
ORD-03753,Vaccine,1000,Medium,343.8,6,0.926,0.954,0.72,98.9,Vanguard Pharma
ORD-03754,Painkiller,100,Medium,52.62,7,0.958,0.789,0.01,98.3,MediCore Labs
ORD-03755,Vaccine,2500,High,246.08,6,0.944,1.0,0.6,95.2,OmniHealth Labs
ORD-03756,Monoclonal Antibody,250,High,4929.0,4,0.972,0.953,1.17,97.5,MediCore Labs
ORD-03757,Monoclonal Antibody,250,High,5031.07,7,0.91,0.878,1.12,93.9,CryoSafe LifeSciences
ORD-03758,Cardiovascular Drug,5000,Medium,193.33,9,0.886,0.856,0.37,99.6,NovaCure Therapeutics
ORD-03759,Painkiller,5000,Medium,50.2,9,0.895,0.891,0.82,94.0,Serum Horizon Global
ORD-03760,Chemotherapy Agent,500,Standard,498.15,11,0.885,0.881,1.21,97.1,Serum Horizon Global
ORD-03761,Antibiotic,500,Medium,116.56,7,1.0,0.973,0.71,96.1,PharmaTrust Global
ORD-03762,Monoclonal Antibody,250,Medium,4406.21,5,0.959,0.875,1.19,97.8,Pulse Generic Pharma
ORD-03763,Antihistamine,5000,Medium,64.34,2,0.975,0.963,0.7,97.4,Aegis Health Supplies
ORD-03764,Chemotherapy Agent,1000,Medium,495.83,8,0.983,0.911,0.53,96.6,GlobalRx Supply Chain
ORD-03765,Painkiller,2500,High,45.47,1,0.895,0.876,0.2,94.7,Beacon Pharmaceuticals
ORD-03766,Antiviral,100,Standard,187.95,3,0.848,0.926,0.12,97.8,Vanguard Pharma
ORD-03767,Monoclonal Antibody,250,Medium,5566.19,5,0.896,0.923,0.83,98.6,Pulse Generic Pharma
ORD-03768,Insulin,2500,High,227.56,7,0.954,0.893,1.26,96.5,OmniHealth Labs
ORD-03769,Cardiovascular Drug,2500,Medium,187.42,4,0.957,0.836,0.49,95.6,Serum Horizon Global
ORD-03770,Antiviral,5000,High,206.39,2,0.903,0.891,0.69,96.0,MediCore Labs
ORD-03771,Painkiller,500,Medium,43.66,4,0.939,0.831,0.32,99.1,MediCore Labs
ORD-03772,Insulin,500,Standard,226.68,3,0.978,0.861,0.34,96.6,Apex BioPharma
ORD-03773,Immunosuppressant,2500,Medium,330.48,8,0.86,0.834,0.52,91.3,Quantum Health Sciences
ORD-03774,Painkiller,250,High,52.9,4,0.967,0.842,0.01,97.0,MediCore Labs
ORD-03775,Antihistamine,500,Medium,68.19,4,0.88,0.842,0.28,96.3,Aegis Health Supplies
ORD-03776,Antiviral,500,Medium,210.62,3,0.893,0.863,0.58,93.2,MediCore Labs
ORD-03777,Antiviral,5000,High,241.01,2,0.847,0.914,1.15,98.7,Summit BioSolutions
ORD-03778,Painkiller,250,High,40.98,2,0.923,0.839,0.26,95.1,Beacon Pharmaceuticals
ORD-03779,Antihistamine,100,Medium,53.48,10,0.953,0.991,1.29,99.4,NovaCure Therapeutics
ORD-03780,Monoclonal Antibody,100,High,4367.18,2,0.919,0.99,0.87,93.3,VitalCare Pharmaceuticals
ORD-03781,Painkiller,2500,Medium,43.82,6,0.905,0.86,0.92,93.0,Serum Horizon Global
ORD-03782,Vaccine,2500,Standard,301.38,7,0.949,1.0,0.83,97.1,OmniHealth Labs
ORD-03783,Insulin,250,Medium,222.24,9,0.873,0.922,1.18,93.3,PharmaTrust Global
ORD-03784,Chemotherapy Agent,100,High,497.25,4,0.802,0.887,0.13,96.4,Beacon Pharmaceuticals
ORD-03785,Cardiovascular Drug,2500,Standard,219.12,4,0.943,0.868,0.61,93.5,Serum Horizon Global
ORD-03786,Chemotherapy Agent,1000,High,500.06,8,0.858,0.934,1.01,93.8,Apex BioPharma
ORD-03787,Antiviral,5000,Standard,204.17,3,0.828,0.934,0.47,97.4,Vanguard Pharma
ORD-03788,Vaccine,250,Medium,275.49,8,0.994,0.964,0.66,96.3,OmniHealth Labs
ORD-03789,Insulin,2500,Medium,203.8,7,0.998,0.891,0.26,96.8,VitalCare Pharmaceuticals
ORD-03790,Cardiovascular Drug,250,High,197.11,6,0.927,0.892,0.81,95.7,Serum Horizon Global
ORD-03791,Insulin,100,High,214.05,7,0.902,0.924,0.23,97.0,VitalCare Pharmaceuticals
ORD-03792,Antibiotic,500,Standard,117.92,7,0.907,0.821,1.5,94.2,Zenith LifeSciences
ORD-03793,Cardiovascular Drug,250,High,224.77,5,1.0,0.847,0.49,95.2,Serum Horizon Global
ORD-03794,Cardiovascular Drug,250,Medium,151.89,4,0.935,0.861,0.91,98.1,Aegis Health Supplies
ORD-03795,Monoclonal Antibody,100,High,4303.08,4,0.854,0.94,0.71,97.5,Pulse Generic Pharma
ORD-03796,Immunosuppressant,500,Standard,369.0,6,0.91,0.878,0.48,92.6,OmniHealth Labs
ORD-03797,Monoclonal Antibody,100,Medium,4714.76,2,0.831,0.905,0.54,92.3,VitalCare Pharmaceuticals
ORD-03798,Vaccine,5000,Standard,256.03,9,0.84,0.904,0.55,97.8,OmniHealth Labs
ORD-03799,Monoclonal Antibody,1000,Medium,5220.92,1,0.884,0.948,0.78,92.9,VitalCare Pharmaceuticals
ORD-03800,Monoclonal Antibody,1000,Medium,4964.96,5,0.881,0.91,1.31,95.5,Zenith LifeSciences
ORD-03801,Vaccine,250,Medium,239.25,7,0.941,0.936,0.36,97.9,OmniHealth Labs
ORD-03802,Antiviral,250,High,218.89,8,1.0,0.84,0.39,93.5,Pulse Generic Pharma
ORD-03803,Insulin,500,Standard,189.23,4,0.992,0.959,1.08,98.3,OmniHealth Labs
ORD-03804,Cardiovascular Drug,250,Medium,166.75,5,0.92,0.935,0.87,97.7,Aegis Health Supplies
ORD-03805,Monoclonal Antibody,100,Standard,4316.96,4,0.931,0.985,1.05,100.0,Pulse Generic Pharma
ORD-03806,Antibiotic,250,Medium,135.85,2,0.968,0.869,0.34,98.5,NovaCure Therapeutics
ORD-03807,Vaccine,250,High,324.81,4,0.905,0.928,0.91,98.8,Vanguard Pharma
ORD-03808,Antihistamine,1000,Medium,59.92,5,0.899,0.932,1.31,94.1,Summit BioSolutions
ORD-03809,Vaccine,2500,Medium,365.96,7,0.88,0.993,1.22,99.9,Vanguard Pharma
ORD-03810,Antiviral,100,Medium,215.34,4,0.917,0.802,0.51,93.7,Pulse Generic Pharma
ORD-03811,Chemotherapy Agent,100,Medium,483.57,4,0.865,0.838,0.34,94.1,Beacon Pharmaceuticals
ORD-03812,Immunosuppressant,1000,Standard,367.74,6,0.87,1.0,0.65,93.8,OmniHealth Labs
ORD-03813,Vaccine,1000,Medium,338.16,5,0.931,0.971,1.04,98.7,Vanguard Pharma
ORD-03814,Immunosuppressant,500,Standard,379.54,5,0.844,0.986,0.82,95.0,OmniHealth Labs
ORD-03815,Monoclonal Antibody,1000,Standard,4269.61,5,0.872,0.874,1.39,98.5,Pulse Generic Pharma
ORD-03816,Chemotherapy Agent,100,Standard,472.4,9,0.908,0.818,1.12,99.1,Serum Horizon Global
ORD-03817,Painkiller,1000,Standard,48.14,6,0.864,0.884,0.36,96.5,MediCore Labs
ORD-03818,Chemotherapy Agent,100,Standard,448.37,4,0.896,0.83,0.01,96.7,Beacon Pharmaceuticals
ORD-03819,Antihistamine,250,Standard,58.88,3,0.981,0.858,0.57,97.3,Aegis Health Supplies
ORD-03820,Vaccine,500,Standard,369.22,5,0.833,0.971,0.78,97.6,Vanguard Pharma
ORD-03821,Painkiller,1000,Standard,45.04,8,0.944,0.868,0.22,96.9,MediCore Labs
ORD-03822,Vaccine,100,Medium,347.19,5,0.958,0.92,0.01,97.1,Quantum Health Sciences
ORD-03823,Vaccine,100,Medium,301.52,7,0.876,0.86,0.25,97.3,Quantum Health Sciences
ORD-03824,Antibiotic,100,Medium,113.64,4,0.902,0.822,1.31,93.9,Zenith LifeSciences
ORD-03825,Insulin,250,Standard,222.32,6,0.958,0.856,0.31,99.4,VitalCare Pharmaceuticals
ORD-03826,Painkiller,2500,Medium,41.47,8,0.887,0.899,0.25,97.4,MediCore Labs
ORD-03827,Vaccine,5000,Standard,330.33,9,0.842,0.899,1.22,94.4,Summit BioSolutions
ORD-03828,Painkiller,5000,High,44.34,4,0.903,0.886,0.15,97.4,MediCore Labs
ORD-03829,Insulin,2500,Standard,245.27,8,0.799,0.893,1.3,98.9,Beacon Pharmaceuticals
ORD-03830,Antibiotic,500,Medium,139.23,7,0.933,0.872,1.16,95.3,Bharat BioLogics
ORD-03831,Vaccine,100,Standard,304.91,8,0.974,0.947,1.43,97.4,Vanguard Pharma
ORD-03832,Antibiotic,500,Standard,122.35,9,0.953,0.973,0.32,98.3,PharmaTrust Global
ORD-03833,Antiviral,1000,Medium,234.01,3,0.806,0.947,0.91,96.0,Summit BioSolutions
ORD-03834,Vaccine,2500,Standard,253.49,6,0.962,0.946,0.58,95.9,OmniHealth Labs
ORD-03835,Antibiotic,500,Standard,124.58,8,0.973,0.903,0.8,98.4,PharmaTrust Global
ORD-03836,Vaccine,2500,Standard,328.69,7,0.921,0.954,0.85,98.4,Vanguard Pharma
ORD-03837,Antibiotic,1000,Standard,123.38,7,0.926,0.797,0.16,99.1,BioMatrix International
ORD-03838,Insulin,100,Medium,220.03,8,0.927,0.905,0.41,97.6,VitalCare Pharmaceuticals
ORD-03839,Vaccine,500,Medium,279.48,5,0.901,0.915,1.02,97.6,OmniHealth Labs
ORD-03840,Antihistamine,5000,Standard,61.65,11,0.884,0.921,1.05,99.6,NovaCure Therapeutics
ORD-03841,Vaccine,1000,Medium,301.24,6,0.864,0.993,0.68,93.8,BioMatrix International
ORD-03842,Antibiotic,100,High,135.22,5,0.959,0.839,1.11,95.2,Bharat BioLogics
ORD-03843,Antihistamine,250,Medium,61.39,7,0.943,0.882,0.78,93.5,Zenith LifeSciences
ORD-03844,Vaccine,100,High,334.97,4,0.932,1.0,1.1,95.2,Vanguard Pharma
ORD-03845,Insulin,500,High,279.03,8,0.775,0.968,1.34,100.0,Beacon Pharmaceuticals
ORD-03846,Antiviral,5000,Medium,202.37,5,0.882,0.898,0.01,96.2,Vanguard Pharma
ORD-03847,Chemotherapy Agent,500,Standard,483.74,4,0.815,0.812,0.19,95.5,Beacon Pharmaceuticals
ORD-03848,Painkiller,250,Standard,39.94,2,0.891,0.848,0.54,95.4,Beacon Pharmaceuticals
ORD-03849,Antiviral,5000,Standard,229.51,3,0.871,0.858,0.51,96.6,MediCore Labs
ORD-03850,Monoclonal Antibody,500,Standard,4814.75,6,0.795,0.876,0.73,99.8,Pulse Generic Pharma
ORD-03851,Painkiller,500,Medium,43.52,6,1.0,0.788,0.25,97.1,MediCore Labs
ORD-03852,Immunosuppressant,1000,Standard,469.57,8,0.964,0.831,0.06,93.9,CryoSafe LifeSciences
ORD-03853,Monoclonal Antibody,500,High,5698.74,5,1.0,0.972,1.42,97.3,MediCore Labs
ORD-03854,Antihistamine,2500,High,62.21,4,0.893,0.901,0.11,96.9,Pulse Generic Pharma
ORD-03855,Immunosuppressant,250,Medium,424.31,8,0.93,0.866,0.21,93.3,CryoSafe LifeSciences
ORD-03856,Immunosuppressant,1000,Medium,415.91,8,0.937,0.968,1.91,94.6,Bharat BioLogics
ORD-03857,Insulin,500,High,261.65,4,0.933,0.969,1.25,98.2,OmniHealth Labs
ORD-03858,Painkiller,1000,Medium,43.41,6,0.955,0.921,0.01,96.6,MediCore Labs
ORD-03859,Monoclonal Antibody,500,Standard,4589.39,5,0.933,0.927,1.0,92.2,VitalCare Pharmaceuticals
ORD-03860,Antibiotic,500,High,120.29,7,0.909,0.809,1.52,95.8,Zenith LifeSciences
ORD-03861,Insulin,1000,High,263.75,3,0.966,0.863,0.24,96.3,Apex BioPharma
ORD-03862,Immunosuppressant,5000,Medium,437.08,9,0.958,0.801,0.29,93.2,CryoSafe LifeSciences
ORD-03863,Vaccine,500,Medium,295.95,6,0.89,0.832,1.18,94.5,Summit BioSolutions
ORD-03864,Antihistamine,500,High,59.89,6,0.893,0.805,0.11,96.7,Pulse Generic Pharma
ORD-03865,Vaccine,2500,Standard,285.32,9,0.916,0.885,1.18,93.3,Summit BioSolutions
ORD-03866,Antihistamine,100,Standard,57.19,2,0.863,0.893,0.51,96.1,Aegis Health Supplies
ORD-03867,Antiviral,500,Standard,197.95,7,0.945,0.951,0.17,96.1,Vanguard Pharma
ORD-03868,Chemotherapy Agent,500,Medium,584.0,5,0.978,0.899,0.6,94.2,Bharat BioLogics
ORD-03869,Antibiotic,1000,Standard,127.7,5,0.946,0.878,0.01,98.3,NovaCure Therapeutics
ORD-03870,Immunosuppressant,500,Medium,365.36,8,0.923,0.812,0.9,91.8,Quantum Health Sciences
ORD-03871,Insulin,5000,Medium,269.86,4,1.0,0.956,0.3,97.7,VitalCare Pharmaceuticals
ORD-03872,Immunosuppressant,100,Medium,369.71,4,0.903,0.928,0.66,93.9,OmniHealth Labs
ORD-03873,Antiviral,5000,Medium,201.41,5,0.892,0.839,0.12,97.2,Vanguard Pharma
ORD-03874,Antihistamine,100,Standard,56.98,9,0.902,0.903,1.53,98.5,NovaCure Therapeutics
ORD-03875,Cardiovascular Drug,2500,Medium,236.08,8,0.872,0.895,0.61,98.4,Quantum Health Sciences
ORD-03876,Vaccine,500,Medium,272.51,6,0.88,0.919,0.72,96.8,OmniHealth Labs
ORD-03877,Antibiotic,1000,High,144.06,6,0.973,0.916,0.25,99.9,NovaCure Therapeutics
ORD-03878,Monoclonal Antibody,250,High,5670.36,5,0.941,0.961,1.22,96.0,Zenith LifeSciences
ORD-03879,Chemotherapy Agent,1000,High,605.34,3,0.989,0.886,0.55,92.1,Bharat BioLogics
ORD-03880,Monoclonal Antibody,250,Standard,4173.76,5,0.868,0.928,1.19,97.5,Pulse Generic Pharma
ORD-03881,Antiviral,1000,High,199.47,4,0.962,0.82,0.66,94.1,Pulse Generic Pharma
ORD-03882,Monoclonal Antibody,250,Medium,5625.76,5,0.968,0.954,1.47,96.4,MediCore Labs
ORD-03883,Cardiovascular Drug,500,Medium,166.77,5,0.916,0.917,1.23,97.7,Aegis Health Supplies
ORD-03884,Immunosuppressant,2500,High,448.43,6,0.879,0.941,1.41,100.0,VitalCare Pharmaceuticals
ORD-03885,Chemotherapy Agent,250,High,464.8,2,0.864,0.793,0.13,97.2,Beacon Pharmaceuticals
ORD-03886,Painkiller,1000,High,47.23,2,0.893,0.808,0.38,95.0,Beacon Pharmaceuticals
ORD-03887,Antibiotic,500,High,127.44,8,0.984,0.916,0.12,96.8,PharmaTrust Global
ORD-03888,Chemotherapy Agent,500,Standard,500.56,7,0.854,0.853,1.14,99.0,Serum Horizon Global
ORD-03889,Insulin,500,Standard,208.43,7,1.0,0.95,1.15,96.7,OmniHealth Labs
ORD-03890,Painkiller,5000,Medium,39.23,2,0.851,0.879,0.29,93.9,Beacon Pharmaceuticals
ORD-03891,Antibiotic,250,Medium,124.67,8,0.945,0.92,0.34,98.5,PharmaTrust Global
ORD-03892,Vaccine,1000,Standard,256.95,9,0.924,0.968,0.59,97.6,OmniHealth Labs
ORD-03893,Antiviral,5000,Medium,187.89,6,0.909,0.927,0.66,98.5,Vanguard Pharma
ORD-03894,Painkiller,1000,Standard,39.2,3,0.906,0.829,0.35,95.7,Beacon Pharmaceuticals
ORD-03895,Chemotherapy Agent,500,Standard,495.26,2,0.886,0.86,0.33,96.4,Beacon Pharmaceuticals
ORD-03896,Chemotherapy Agent,250,Medium,437.29,4,0.854,0.793,0.44,95.8,Beacon Pharmaceuticals
ORD-03897,Antiviral,100,High,210.01,7,1.0,0.79,0.8,95.8,Pulse Generic Pharma
ORD-03898,Vaccine,100,Standard,248.47,7,0.883,0.89,0.82,96.1,OmniHealth Labs
ORD-03899,Insulin,5000,Medium,234.14,8,0.977,0.86,1.3,98.0,OmniHealth Labs
ORD-03900,Antibiotic,250,Medium,129.33,6,0.966,0.816,0.73,99.5,NovaCure Therapeutics
ORD-03901,Monoclonal Antibody,100,Medium,5302.41,6,0.792,0.957,1.15,98.0,Pulse Generic Pharma
ORD-03902,Antihistamine,500,Standard,58.99,2,0.935,0.843,0.01,95.6,Pulse Generic Pharma
ORD-03903,Antihistamine,2500,Medium,64.67,7,0.896,0.88,1.13,93.2,Summit BioSolutions
ORD-03904,Antihistamine,500,High,56.74,7,0.955,0.953,1.41,99.2,NovaCure Therapeutics
ORD-03905,Insulin,2500,Medium,228.5,5,0.954,0.921,1.14,97.6,OmniHealth Labs
ORD-03906,Antiviral,1000,Medium,219.83,9,0.906,0.808,0.32,98.9,GlobalRx Supply Chain
ORD-03907,Painkiller,5000,Standard,39.77,5,0.858,0.812,0.49,96.1,Beacon Pharmaceuticals
ORD-03908,Cardiovascular Drug,500,Medium,176.73,9,0.966,0.896,0.97,94.2,CryoSafe LifeSciences
ORD-03909,Insulin,1000,Standard,238.17,5,0.934,0.894,0.22,98.1,VitalCare Pharmaceuticals
ORD-03910,Immunosuppressant,250,Medium,397.17,7,0.922,0.914,0.28,92.9,Quantum Health Sciences
ORD-03911,Monoclonal Antibody,100,Standard,4411.78,6,0.806,0.957,1.2,99.5,Pulse Generic Pharma
ORD-03912,Antibiotic,250,Standard,123.55,8,1.0,0.914,0.7,96.6,PharmaTrust Global
ORD-03913,Antibiotic,5000,High,143.99,6,0.898,0.871,0.37,100.0,NovaCure Therapeutics
ORD-03914,Cardiovascular Drug,5000,High,141.74,5,0.908,0.932,1.03,99.7,Aegis Health Supplies
ORD-03915,Immunosuppressant,5000,Medium,392.04,5,0.916,0.93,0.3,93.6,OmniHealth Labs
ORD-03916,Immunosuppressant,2500,Standard,387.54,10,0.914,0.846,0.01,95.1,CryoSafe LifeSciences
ORD-03917,Antihistamine,500,High,63.07,3,0.94,0.797,0.36,98.5,Aegis Health Supplies
ORD-03918,Painkiller,5000,Standard,41.94,5,0.923,0.867,0.37,96.2,MediCore Labs
ORD-03919,Antihistamine,5000,Medium,60.1,3,0.964,0.891,1.3,95.7,Summit BioSolutions
ORD-03920,Vaccine,250,High,268.68,7,0.977,0.917,1.55,94.3,Summit BioSolutions
ORD-03921,Chemotherapy Agent,5000,High,457.02,2,0.883,0.817,0.28,97.2,Beacon Pharmaceuticals
ORD-03922,Insulin,2500,Standard,188.88,4,0.932,0.993,1.0,96.9,OmniHealth Labs
ORD-03923,Antiviral,5000,High,185.13,6,0.919,0.859,0.56,92.1,Pulse Generic Pharma
ORD-03924,Antiviral,5000,Medium,149.28,7,0.833,0.889,0.08,96.0,Vanguard Pharma
ORD-03925,Antiviral,500,High,195.01,8,0.905,0.85,0.33,97.3,GlobalRx Supply Chain
ORD-03926,Chemotherapy Agent,1000,Medium,484.04,4,0.892,0.776,0.17,94.2,Beacon Pharmaceuticals
ORD-03927,Chemotherapy Agent,5000,Standard,433.62,10,0.92,0.897,0.63,100.0,Serum Horizon Global
ORD-03928,Chemotherapy Agent,500,Medium,551.82,7,0.891,0.872,0.87,93.1,Apex BioPharma
ORD-03929,Vaccine,5000,Standard,322.12,6,0.887,0.934,0.73,98.9,Vanguard Pharma
ORD-03930,Vaccine,500,Standard,299.72,5,0.85,0.983,0.94,91.9,BioMatrix International
ORD-03931,Antibiotic,5000,High,129.41,9,0.976,0.921,0.44,97.0,PharmaTrust Global
ORD-03932,Immunosuppressant,2500,Medium,388.53,5,0.938,0.905,0.8,95.2,OmniHealth Labs
ORD-03933,Cardiovascular Drug,2500,Standard,155.55,7,0.938,0.914,0.92,98.9,Aegis Health Supplies
ORD-03934,Chemotherapy Agent,500,Standard,437.64,8,0.871,0.853,0.92,99.6,Serum Horizon Global
ORD-03935,Painkiller,100,Medium,47.39,8,0.937,0.86,0.01,96.4,MediCore Labs
ORD-03936,Antiviral,250,Standard,191.37,6,0.872,0.902,0.35,97.9,Vanguard Pharma
ORD-03937,Monoclonal Antibody,500,High,5404.68,5,0.934,0.96,1.52,95.8,MediCore Labs
ORD-03938,Antibiotic,2500,High,132.14,10,0.934,0.774,0.1,98.0,BioMatrix International
ORD-03939,Vaccine,250,High,295.93,6,0.875,0.886,0.44,99.4,Quantum Health Sciences
ORD-03940,Cardiovascular Drug,5000,Medium,193.73,7,0.865,0.842,0.48,97.7,Quantum Health Sciences
ORD-03941,Antiviral,250,High,222.22,8,0.932,0.822,0.54,94.2,Pulse Generic Pharma
ORD-03942,Antihistamine,1000,High,65.16,4,0.91,0.816,0.11,94.7,Pulse Generic Pharma
ORD-03943,Antiviral,250,Standard,205.09,5,0.837,0.897,0.82,94.5,MediCore Labs
ORD-03944,Antiviral,100,Medium,162.38,8,0.937,0.816,0.75,93.0,Pulse Generic Pharma
ORD-03945,Chemotherapy Agent,1000,Standard,534.98,7,0.865,0.883,0.69,94.0,Apex BioPharma
ORD-03946,Chemotherapy Agent,100,High,572.13,4,0.965,0.877,0.5,94.5,Bharat BioLogics
ORD-03947,Insulin,500,Medium,191.8,5,0.919,0.869,0.01,96.3,Apex BioPharma
ORD-03948,Vaccine,250,Medium,268.61,6,0.942,0.879,0.54,94.9,Quantum Health Sciences
ORD-03949,Antibiotic,2500,High,116.0,10,1.0,0.931,0.4,96.0,PharmaTrust Global
ORD-03950,Antibiotic,1000,Medium,155.92,6,0.946,0.879,0.21,98.7,NovaCure Therapeutics
ORD-03951,Chemotherapy Agent,100,High,561.12,9,0.975,0.892,0.01,95.8,GlobalRx Supply Chain
ORD-03952,Immunosuppressant,100,Medium,434.69,10,1.0,0.856,0.03,95.1,CryoSafe LifeSciences
ORD-03953,Insulin,500,Standard,214.47,7,0.939,0.911,1.12,97.5,OmniHealth Labs
ORD-03954,Antihistamine,250,Medium,59.18,3,0.92,0.849,1.48,94.0,Summit BioSolutions
ORD-03955,Vaccine,5000,High,324.73,5,0.844,0.934,0.13,94.5,Quantum Health Sciences
ORD-03956,Immunosuppressant,500,High,403.82,4,0.904,0.925,0.53,94.5,OmniHealth Labs
ORD-03957,Chemotherapy Agent,250,Medium,477.68,9,0.988,0.859,0.18,94.0,GlobalRx Supply Chain
ORD-03958,Chemotherapy Agent,2500,Medium,448.15,9,0.959,0.903,0.98,98.9,Serum Horizon Global
ORD-03959,Insulin,2500,Standard,205.24,6,0.862,0.988,1.02,93.9,PharmaTrust Global
ORD-03960,Cardiovascular Drug,2500,Standard,142.71,6,0.927,0.927,0.93,98.9,Aegis Health Supplies
ORD-03961,Antibiotic,5000,Standard,116.69,7,0.93,0.848,1.49,93.3,Zenith LifeSciences
ORD-03962,Painkiller,100,Medium,48.28,8,0.845,0.855,0.74,97.8,Apex BioPharma
ORD-03963,Painkiller,1000,High,44.42,6,0.905,0.833,0.47,92.0,Serum Horizon Global
ORD-03964,Antiviral,2500,Standard,214.48,7,0.896,0.889,0.12,96.2,Vanguard Pharma
ORD-03965,Vaccine,5000,Medium,263.7,7,0.87,0.944,0.65,95.8,OmniHealth Labs
ORD-03966,Antiviral,2500,Medium,214.81,6,0.885,0.911,1.04,94.0,Summit BioSolutions
ORD-03967,Antihistamine,2500,Standard,64.82,5,0.827,0.875,0.41,96.5,Pulse Generic Pharma
ORD-03968,Cardiovascular Drug,2500,Medium,187.92,7,0.851,0.888,0.21,98.2,NovaCure Therapeutics
ORD-03969,Cardiovascular Drug,1000,Medium,208.99,7,0.932,0.793,0.45,98.3,Quantum Health Sciences
ORD-03970,Cardiovascular Drug,500,Medium,165.96,8,0.972,0.866,0.6,94.3,CryoSafe LifeSciences
ORD-03971,Insulin,1000,Standard,263.57,3,0.934,0.834,0.27,96.0,Apex BioPharma
ORD-03972,Antihistamine,5000,High,61.12,3,0.892,0.832,0.55,98.0,Aegis Health Supplies
ORD-03973,Immunosuppressant,250,Medium,366.2,7,0.929,0.938,0.31,94.6,OmniHealth Labs
ORD-03974,Vaccine,5000,Standard,303.21,5,0.841,0.963,0.6,92.8,BioMatrix International
ORD-03975,Antihistamine,5000,Medium,62.97,5,0.941,0.933,1.46,94.6,Summit BioSolutions
ORD-03976,Immunosuppressant,2500,Medium,374.41,6,0.918,0.934,1.61,97.3,Bharat BioLogics
ORD-03977,Insulin,1000,Medium,231.1,7,0.949,0.929,1.12,98.1,OmniHealth Labs
ORD-03978,Antiviral,5000,High,231.21,7,0.889,0.915,0.51,97.7,Vanguard Pharma
ORD-03979,Chemotherapy Agent,5000,Medium,475.68,9,0.941,0.959,1.16,100.0,Serum Horizon Global
ORD-03980,Antiviral,2500,Medium,222.54,3,0.918,0.821,0.63,95.9,MediCore Labs
ORD-03981,Cardiovascular Drug,1000,Medium,175.47,7,0.926,0.892,0.74,98.7,Aegis Health Supplies
ORD-03982,Chemotherapy Agent,2500,Medium,478.38,9,0.977,0.893,0.12,94.2,GlobalRx Supply Chain
ORD-03983,Antihistamine,2500,Medium,59.2,11,0.959,0.93,1.28,98.4,NovaCure Therapeutics
ORD-03984,Immunosuppressant,2500,High,339.82,5,0.958,0.927,0.85,94.0,OmniHealth Labs
ORD-03985,Antibiotic,2500,Medium,132.26,9,0.979,0.937,0.59,97.7,PharmaTrust Global
ORD-03986,Immunosuppressant,1000,Standard,452.25,5,0.916,0.95,1.18,96.9,VitalCare Pharmaceuticals
ORD-03987,Chemotherapy Agent,2500,Medium,508.52,8,0.992,0.935,0.1,93.8,GlobalRx Supply Chain
ORD-03988,Cardiovascular Drug,250,Medium,186.24,5,1.0,0.966,0.99,97.1,Aegis Health Supplies
ORD-03989,Insulin,500,High,231.11,6,0.937,0.888,0.01,94.1,Apex BioPharma
ORD-03990,Insulin,2500,High,250.37,5,0.919,0.983,0.86,99.0,OmniHealth Labs
ORD-03991,Antihistamine,250,Standard,65.51,5,0.894,0.878,0.82,98.3,Aegis Health Supplies
ORD-03992,Antihistamine,100,Standard,56.52,3,0.924,0.868,0.71,98.8,Aegis Health Supplies
ORD-03993,Antihistamine,100,High,67.71,9,0.943,0.898,1.35,99.4,NovaCure Therapeutics
ORD-03994,Cardiovascular Drug,500,Medium,213.1,11,0.927,0.867,0.63,98.3,Quantum Health Sciences
ORD-03995,Antihistamine,1000,High,65.62,5,0.911,0.796,0.03,98.6,Aegis Health Supplies
ORD-03996,Antihistamine,2500,Standard,63.91,7,0.892,0.961,0.74,95.3,Zenith LifeSciences
ORD-03997,Monoclonal Antibody,500,High,5947.36,5,1.0,1.0,1.3,97.8,MediCore Labs
ORD-03998,Monoclonal Antibody,500,Medium,4909.61,2,0.865,0.912,0.54,92.0,VitalCare Pharmaceuticals
ORD-03999,Antibiotic,500,High,126.5,4,0.909,0.836,1.47,93.7,Zenith LifeSciences
ORD-04000,Immunosuppressant,250,High,442.65,8,0.95,0.794,0.78,91.8,Quantum Health Sciences
ORD-04001,Insulin,500,High,228.1,4,0.993,0.864,0.65,95.4,Apex BioPharma
ORD-04002,Antihistamine,5000,High,66.58,4,0.886,0.978,0.71,96.9,Zenith LifeSciences
ORD-04003,Immunosuppressant,1000,High,356.22,7,0.912,0.911,0.89,93.8,OmniHealth Labs
ORD-04004,Vaccine,500,Standard,276.9,8,0.873,0.873,0.61,96.3,OmniHealth Labs
ORD-04005,Painkiller,500,Medium,51.23,4,0.917,0.891,0.39,96.9,MediCore Labs
ORD-04006,Painkiller,1000,Standard,48.48,8,0.926,0.876,0.17,96.1,MediCore Labs
ORD-04007,Painkiller,1000,High,41.7,6,0.916,0.881,0.25,96.0,MediCore Labs
ORD-04008,Painkiller,2500,Medium,42.08,8,0.972,0.878,0.05,96.8,MediCore Labs
ORD-04009,Insulin,2500,Standard,267.7,9,0.824,0.983,1.32,99.9,Beacon Pharmaceuticals
ORD-04010,Antiviral,500,Medium,189.39,4,0.831,0.866,0.1,96.2,Vanguard Pharma
ORD-04011,Chemotherapy Agent,250,Medium,394.02,1,0.837,0.73,0.17,98.5,Beacon Pharmaceuticals
ORD-04012,Vaccine,5000,Standard,283.22,5,0.956,0.932,0.5,96.4,OmniHealth Labs
ORD-04013,Antibiotic,5000,Standard,128.27,8,0.92,0.884,0.83,96.1,Bharat BioLogics
ORD-04014,Chemotherapy Agent,250,High,559.93,5,0.941,0.891,0.47,93.7,Bharat BioLogics
ORD-04015,Antihistamine,2500,Medium,62.57,5,0.951,0.873,0.76,97.9,Aegis Health Supplies
ORD-04016,Antihistamine,100,Medium,52.61,3,0.864,0.844,0.66,97.1,Aegis Health Supplies
ORD-04017,Antibiotic,5000,Standard,124.62,6,0.971,0.902,0.21,95.2,PharmaTrust Global
ORD-04018,Antiviral,500,Standard,206.37,8,0.944,0.804,0.59,95.0,Pulse Generic Pharma
ORD-04019,Vaccine,1000,Medium,345.38,5,0.927,1.0,1.0,98.7,Vanguard Pharma
ORD-04020,Insulin,2500,Medium,241.22,4,0.989,0.964,1.37,98.3,OmniHealth Labs
ORD-04021,Chemotherapy Agent,250,Medium,516.04,8,1.0,0.889,0.43,96.6,GlobalRx Supply Chain
ORD-04022,Vaccine,2500,Medium,274.11,7,0.947,0.986,0.96,96.6,OmniHealth Labs
ORD-04023,Painkiller,500,Medium,41.46,7,0.853,0.81,0.51,97.1,Apex BioPharma
ORD-04024,Vaccine,1000,Medium,328.42,9,0.912,0.876,0.28,94.6,Quantum Health Sciences
ORD-04025,Antibiotic,250,Medium,124.32,6,0.972,0.961,0.67,98.0,PharmaTrust Global
ORD-04026,Vaccine,100,Standard,305.51,8,0.851,0.844,0.76,94.3,Summit BioSolutions
ORD-04027,Vaccine,1000,Medium,258.0,5,0.868,0.975,0.33,92.9,BioMatrix International
ORD-04028,Antibiotic,5000,Medium,131.72,3,0.917,0.897,0.02,99.3,NovaCure Therapeutics
ORD-04029,Antibiotic,500,Medium,135.37,5,0.928,0.866,0.72,96.1,Bharat BioLogics
ORD-04030,Cardiovascular Drug,5000,Standard,161.48,8,0.946,0.95,0.87,99.0,Aegis Health Supplies
ORD-04031,Antihistamine,250,Medium,60.33,3,0.894,0.851,0.61,99.4,Aegis Health Supplies
ORD-04032,Antihistamine,500,High,59.26,4,0.882,0.808,0.01,94.8,Pulse Generic Pharma
ORD-04033,Antihistamine,1000,Medium,59.92,5,0.905,0.849,0.16,93.9,Pulse Generic Pharma
ORD-04034,Insulin,100,High,228.91,5,0.976,0.939,0.24,96.7,Apex BioPharma
ORD-04035,Cardiovascular Drug,100,High,180.53,6,0.902,0.89,0.64,98.4,Aegis Health Supplies
ORD-04036,Monoclonal Antibody,1000,Standard,3755.01,3,0.877,0.876,1.13,94.2,VitalCare Pharmaceuticals
ORD-04037,Insulin,250,High,225.94,5,0.939,0.907,0.46,97.8,VitalCare Pharmaceuticals
ORD-04038,Antiviral,1000,Standard,219.37,7,0.851,0.877,0.04,97.6,Vanguard Pharma
ORD-04039,Insulin,250,Medium,207.2,7,0.933,0.963,0.34,96.0,VitalCare Pharmaceuticals
ORD-04040,Antiviral,100,Standard,200.02,4,0.903,0.826,0.47,93.0,Pulse Generic Pharma
ORD-04041,Antibiotic,1000,Medium,149.42,4,0.963,0.936,0.27,98.5,NovaCure Therapeutics
ORD-04042,Painkiller,250,Medium,46.76,5,0.946,0.861,0.01,96.2,MediCore Labs
ORD-04043,Antiviral,2500,High,205.68,5,0.978,0.847,0.41,96.2,MediCore Labs
ORD-04044,Chemotherapy Agent,5000,Standard,444.86,11,1.0,0.912,0.01,94.0,GlobalRx Supply Chain
ORD-04045,Vaccine,2500,Medium,325.2,6,0.983,0.947,0.85,97.7,Vanguard Pharma
ORD-04046,Cardiovascular Drug,100,Medium,140.85,8,0.986,0.845,0.68,95.9,CryoSafe LifeSciences
ORD-04047,Immunosuppressant,1000,Standard,403.95,6,0.91,0.927,0.69,92.7,Quantum Health Sciences
ORD-04048,Vaccine,250,Standard,304.2,5,0.96,1.0,0.81,96.5,OmniHealth Labs
ORD-04049,Insulin,1000,Medium,277.61,7,0.935,0.917,1.17,97.5,OmniHealth Labs
ORD-04050,Insulin,2500,High,218.85,6,0.84,1.0,0.9,95.4,PharmaTrust Global
ORD-04051,Vaccine,1000,Standard,246.23,8,0.856,0.983,0.68,97.2,OmniHealth Labs
ORD-04052,Vaccine,1000,Medium,258.21,9,0.851,0.89,0.74,96.6,OmniHealth Labs
ORD-04053,Antiviral,5000,Medium,196.18,5,0.855,0.872,0.47,97.4,Vanguard Pharma
ORD-04054,Antiviral,5000,Medium,230.89,10,0.835,0.881,0.4,98.9,GlobalRx Supply Chain
ORD-04055,Antibiotic,500,High,146.93,9,1.0,0.972,0.51,97.7,PharmaTrust Global
ORD-04056,Chemotherapy Agent,100,Medium,524.71,9,1.0,0.881,0.43,96.6,GlobalRx Supply Chain
ORD-04057,Monoclonal Antibody,250,High,5876.63,8,0.984,1.0,1.45,96.8,MediCore Labs
ORD-04058,Vaccine,2500,Medium,349.78,6,0.839,0.953,0.43,92.2,BioMatrix International
ORD-04059,Vaccine,2500,High,269.59,7,0.934,0.966,0.96,95.7,OmniHealth Labs
ORD-04060,Cardiovascular Drug,2500,Medium,170.29,7,0.915,0.872,1.29,98.4,Aegis Health Supplies
ORD-04061,Painkiller,2500,Standard,48.02,2,0.924,0.814,0.4,94.6,Beacon Pharmaceuticals
ORD-04062,Cardiovascular Drug,2500,High,200.04,8,0.983,0.891,0.67,94.7,Serum Horizon Global
ORD-04063,Insulin,250,High,263.75,4,0.92,0.928,1.11,98.4,VitalCare Pharmaceuticals
ORD-04064,Immunosuppressant,1000,Medium,353.08,5,0.907,0.988,0.53,94.9,OmniHealth Labs
ORD-04065,Painkiller,2500,Standard,47.36,8,0.984,0.888,1.25,94.0,BioMatrix International
ORD-04066,Painkiller,1000,Medium,43.95,4,0.853,0.86,0.74,98.0,Apex BioPharma
ORD-04067,Antibiotic,500,Standard,140.77,10,0.991,0.857,0.59,96.8,PharmaTrust Global
ORD-04068,Insulin,2500,Medium,216.17,3,0.98,0.811,0.49,97.0,Apex BioPharma
ORD-04069,Antihistamine,1000,Medium,63.13,4,0.874,0.816,0.14,96.8,Aegis Health Supplies
ORD-04070,Insulin,2500,High,218.17,6,0.85,0.949,0.94,93.0,PharmaTrust Global
ORD-04071,Antihistamine,500,Medium,57.95,6,0.91,0.922,1.52,94.8,Summit BioSolutions
ORD-04072,Antihistamine,2500,High,54.66,6,0.845,0.913,0.65,96.5,Zenith LifeSciences
ORD-04073,Antihistamine,5000,Medium,60.5,8,0.854,0.974,1.14,99.0,NovaCure Therapeutics
ORD-04074,Cardiovascular Drug,250,Medium,207.53,6,0.958,0.905,0.51,92.5,Serum Horizon Global
ORD-04075,Insulin,1000,High,285.02,10,0.894,0.957,1.57,100.0,Beacon Pharmaceuticals
ORD-04076,Immunosuppressant,1000,Standard,333.48,3,0.957,0.928,0.58,93.2,OmniHealth Labs
ORD-04077,Monoclonal Antibody,2500,High,4940.82,10,0.905,0.962,0.82,94.4,CryoSafe LifeSciences
ORD-04078,Vaccine,250,Medium,300.68,6,0.828,0.961,1.2,97.3,Vanguard Pharma
ORD-04079,Painkiller,500,Medium,56.8,10,0.893,0.855,0.06,92.8,Serum Horizon Global
ORD-04080,Immunosuppressant,500,High,330.67,6,0.962,0.967,0.46,92.4,OmniHealth Labs
ORD-04081,Antiviral,100,Medium,189.08,4,0.858,0.885,0.36,95.6,MediCore Labs
ORD-04082,Vaccine,250,High,280.73,9,0.93,0.904,0.76,98.2,OmniHealth Labs
ORD-04083,Painkiller,500,High,43.89,8,0.948,0.81,0.1,95.9,MediCore Labs
ORD-04084,Antibiotic,2500,Medium,122.17,8,0.968,0.892,0.71,97.2,PharmaTrust Global
ORD-04085,Painkiller,500,High,42.08,4,0.951,0.849,0.45,98.1,MediCore Labs
ORD-04086,Painkiller,500,Standard,42.23,9,0.956,0.862,1.31,92.9,BioMatrix International
ORD-04087,Antihistamine,500,Medium,59.13,5,0.911,0.95,0.37,96.4,Zenith LifeSciences
ORD-04088,Monoclonal Antibody,100,Medium,5818.18,5,0.915,0.919,1.47,95.0,Zenith LifeSciences
ORD-04089,Antiviral,250,Standard,202.27,5,0.886,0.897,0.56,95.7,MediCore Labs
ORD-04090,Vaccine,100,Standard,287.44,8,0.912,0.91,0.64,98.4,OmniHealth Labs
ORD-04091,Painkiller,100,Standard,45.7,5,0.883,0.9,0.05,95.8,Beacon Pharmaceuticals
ORD-04092,Cardiovascular Drug,2500,High,178.78,4,0.95,0.952,0.91,98.7,Aegis Health Supplies
ORD-04093,Insulin,100,Standard,200.78,10,0.877,0.903,1.43,93.7,PharmaTrust Global
ORD-04094,Painkiller,500,High,46.37,4,0.925,0.826,0.53,97.3,Apex BioPharma
ORD-04095,Painkiller,1000,Medium,42.72,3,0.866,0.873,0.31,96.3,Beacon Pharmaceuticals
ORD-04096,Cardiovascular Drug,5000,High,201.16,8,0.974,0.84,0.89,99.9,Quantum Health Sciences
ORD-04097,Antihistamine,100,Medium,54.86,8,0.875,0.987,1.16,100.0,NovaCure Therapeutics
ORD-04098,Insulin,1000,Medium,242.76,8,0.934,0.929,0.55,97.6,VitalCare Pharmaceuticals
ORD-04099,Antiviral,5000,High,189.74,3,0.906,0.823,0.54,95.6,MediCore Labs
ORD-04100,Antibiotic,100,Standard,125.61,4,0.939,0.862,0.12,98.5,NovaCure Therapeutics
ORD-04101,Immunosuppressant,2500,Medium,437.78,9,0.924,0.989,1.48,94.1,Bharat BioLogics
ORD-04102,Immunosuppressant,250,Standard,405.02,4,0.872,0.981,0.77,94.6,OmniHealth Labs
ORD-04103,Antibiotic,500,High,126.65,2,1.0,0.877,0.48,100.0,NovaCure Therapeutics
ORD-04104,Antibiotic,500,Medium,125.31,9,1.0,0.872,0.49,97.4,PharmaTrust Global
ORD-04105,Monoclonal Antibody,2500,Medium,4792.25,2,0.885,0.942,0.76,91.5,VitalCare Pharmaceuticals
ORD-04106,Antibiotic,500,Medium,121.64,7,0.967,0.833,1.11,97.1,Bharat BioLogics
ORD-04107,Vaccine,250,Medium,329.07,6,0.87,0.953,0.69,93.4,BioMatrix International
ORD-04108,Monoclonal Antibody,1000,Medium,4106.05,1,0.911,0.957,0.81,94.1,VitalCare Pharmaceuticals
ORD-04109,Immunosuppressant,2500,Standard,415.98,5,0.933,0.963,0.42,93.1,Quantum Health Sciences
ORD-04110,Antibiotic,5000,Medium,150.93,6,0.967,0.862,0.25,99.4,NovaCure Therapeutics
ORD-04111,Immunosuppressant,5000,Medium,410.03,9,0.89,0.908,0.43,92.0,Quantum Health Sciences
ORD-04112,Painkiller,500,Standard,44.81,2,0.901,0.849,0.21,93.3,Beacon Pharmaceuticals
ORD-04113,Antiviral,250,Medium,189.21,7,0.932,0.845,0.95,94.0,Pulse Generic Pharma
ORD-04114,Immunosuppressant,2500,Standard,351.08,4,0.964,0.949,0.59,95.6,OmniHealth Labs
ORD-04115,Antiviral,250,Standard,203.33,6,0.854,0.89,0.19,95.9,Vanguard Pharma
ORD-04116,Antibiotic,1000,Medium,129.66,5,0.925,0.854,0.37,100.0,NovaCure Therapeutics
ORD-04117,Cardiovascular Drug,250,Standard,160.99,8,0.973,0.897,0.67,96.1,CryoSafe LifeSciences
ORD-04118,Vaccine,2500,Medium,349.0,5,0.917,1.0,0.79,98.0,Vanguard Pharma
ORD-04119,Vaccine,5000,High,302.98,9,0.942,0.982,0.6,97.1,OmniHealth Labs
ORD-04120,Antibiotic,100,Standard,118.77,8,0.967,0.762,0.5,97.3,BioMatrix International
ORD-04121,Immunosuppressant,1000,Medium,336.7,4,0.909,0.995,0.49,92.8,OmniHealth Labs
ORD-04122,Monoclonal Antibody,2500,Standard,5625.36,5,0.992,0.963,1.19,97.9,MediCore Labs
ORD-04123,Cardiovascular Drug,100,Standard,138.94,4,0.934,0.865,1.33,99.2,Aegis Health Supplies
ORD-04124,Cardiovascular Drug,100,High,172.02,6,0.97,0.915,1.15,97.8,Aegis Health Supplies
ORD-04125,Insulin,5000,Medium,270.47,5,0.954,0.866,0.53,95.9,Apex BioPharma
ORD-04126,Monoclonal Antibody,1000,Medium,4547.95,5,0.814,0.95,1.1,97.1,Pulse Generic Pharma
ORD-04127,Monoclonal Antibody,2500,Standard,4619.23,6,0.944,0.875,1.11,98.7,Pulse Generic Pharma
ORD-04128,Antiviral,5000,Standard,230.14,1,0.815,0.864,0.68,95.9,MediCore Labs
ORD-04129,Antihistamine,500,Medium,62.71,10,0.937,0.979,1.63,100.0,NovaCure Therapeutics
ORD-04130,Antibiotic,250,Medium,113.2,7,1.0,0.936,0.55,97.3,PharmaTrust Global
ORD-04131,Insulin,100,Medium,225.65,6,0.938,0.892,0.91,95.8,OmniHealth Labs
ORD-04132,Immunosuppressant,5000,High,443.44,9,0.872,0.917,0.96,95.5,Bharat BioLogics
ORD-04133,Antibiotic,500,Medium,138.34,4,0.934,0.875,0.3,100.0,NovaCure Therapeutics
ORD-04134,Antihistamine,2500,Medium,59.31,4,0.983,0.888,1.58,93.6,Summit BioSolutions
ORD-04135,Antiviral,2500,Standard,211.78,8,0.971,0.824,0.29,98.6,GlobalRx Supply Chain
ORD-04136,Insulin,5000,Standard,228.43,5,0.946,0.854,0.17,94.9,Apex BioPharma
ORD-04137,Cardiovascular Drug,5000,Medium,182.63,11,1.0,0.876,0.74,94.7,CryoSafe LifeSciences
ORD-04138,Monoclonal Antibody,2500,Standard,5039.4,4,0.946,0.95,1.24,96.2,MediCore Labs
ORD-04139,Cardiovascular Drug,2500,Standard,211.19,10,0.926,0.826,0.71,96.4,Quantum Health Sciences
ORD-04140,Monoclonal Antibody,1000,Standard,6409.73,4,0.92,0.969,1.19,94.6,Zenith LifeSciences
ORD-04141,Cardiovascular Drug,1000,Standard,137.21,6,0.952,0.898,0.81,97.9,Aegis Health Supplies
ORD-04142,Vaccine,2500,Medium,385.56,5,0.937,0.977,0.14,95.9,Quantum Health Sciences
ORD-04143,Insulin,1000,Medium,233.81,4,0.885,0.917,0.49,95.6,VitalCare Pharmaceuticals
ORD-04144,Insulin,100,High,264.73,3,0.984,0.822,0.23,96.4,Apex BioPharma
ORD-04145,Cardiovascular Drug,5000,Medium,175.26,8,0.994,0.846,0.88,93.4,CryoSafe LifeSciences
ORD-04146,Cardiovascular Drug,5000,High,204.85,9,0.92,0.843,1.12,95.9,Quantum Health Sciences
ORD-04147,Antihistamine,5000,High,59.52,4,0.959,0.844,0.47,97.3,Aegis Health Supplies
ORD-04148,Antihistamine,2500,Medium,60.65,8,0.92,0.909,1.4,97.4,NovaCure Therapeutics
ORD-04149,Insulin,250,Medium,250.01,7,0.869,0.936,1.26,98.2,OmniHealth Labs
ORD-04150,Antiviral,2500,Standard,210.57,5,0.971,0.845,0.39,95.4,MediCore Labs
ORD-04151,Vaccine,2500,High,259.55,7,0.987,0.945,0.86,97.4,OmniHealth Labs
ORD-04152,Chemotherapy Agent,1000,Standard,502.43,7,0.946,0.855,0.1,95.9,GlobalRx Supply Chain
ORD-04153,Insulin,100,High,243.11,6,1.0,0.99,1.3,98.9,OmniHealth Labs
ORD-04154,Insulin,100,High,225.17,4,1.0,0.947,0.71,95.9,Apex BioPharma
ORD-04155,Antiviral,250,Standard,212.73,4,0.832,0.862,0.75,96.8,Summit BioSolutions
ORD-04156,Immunosuppressant,250,Medium,443.63,7,0.95,0.837,0.01,94.6,CryoSafe LifeSciences
ORD-04157,Insulin,250,Medium,250.32,5,0.917,0.873,0.6,97.5,VitalCare Pharmaceuticals
ORD-04158,Antibiotic,500,Medium,143.43,6,0.94,0.842,0.29,98.7,NovaCure Therapeutics
ORD-04159,Painkiller,2500,Medium,39.43,1,0.956,0.836,0.23,96.1,Beacon Pharmaceuticals
ORD-04160,Antihistamine,2500,High,72.14,6,0.878,0.879,1.21,96.8,Summit BioSolutions
ORD-04161,Cardiovascular Drug,2500,Medium,177.35,7,0.927,0.89,0.82,94.7,CryoSafe LifeSciences
ORD-04162,Vaccine,5000,Medium,310.34,6,0.893,0.904,0.51,96.0,Quantum Health Sciences
ORD-04163,Antibiotic,5000,Medium,132.46,8,1.0,0.931,0.51,96.3,PharmaTrust Global
ORD-04164,Antiviral,1000,Medium,164.24,8,0.892,0.847,0.7,94.2,Pulse Generic Pharma
ORD-04165,Immunosuppressant,250,Standard,378.72,6,0.941,0.904,0.4,93.3,OmniHealth Labs
ORD-04166,Immunosuppressant,5000,Medium,378.01,7,0.877,0.85,1.4,95.9,Bharat BioLogics
ORD-04167,Cardiovascular Drug,500,Medium,158.74,8,0.956,0.962,0.87,97.9,Aegis Health Supplies
ORD-04168,Chemotherapy Agent,250,Medium,427.99,1,0.844,0.803,0.2,96.1,Beacon Pharmaceuticals
ORD-04169,Painkiller,1000,Medium,50.21,8,0.939,0.802,0.01,96.7,MediCore Labs
ORD-04170,Immunosuppressant,5000,Medium,327.04,5,0.896,0.964,0.33,93.2,OmniHealth Labs
ORD-04171,Vaccine,1000,Medium,343.82,4,0.973,0.913,1.29,98.5,Vanguard Pharma
ORD-04172,Monoclonal Antibody,1000,High,4455.13,4,0.919,0.96,0.88,93.4,VitalCare Pharmaceuticals
ORD-04173,Painkiller,2500,Medium,40.96,1,0.901,0.826,0.21,96.6,Beacon Pharmaceuticals
ORD-04174,Antiviral,2500,Medium,253.71,9,0.905,0.885,0.23,98.9,GlobalRx Supply Chain
ORD-04175,Antihistamine,500,High,57.03,4,0.933,0.814,0.4,97.7,Aegis Health Supplies
ORD-04176,Cardiovascular Drug,100,Medium,176.45,4,0.906,0.998,0.97,97.2,Aegis Health Supplies
ORD-04177,Antibiotic,250,High,147.27,9,0.943,0.868,1.01,96.9,Bharat BioLogics
ORD-04178,Antibiotic,500,Medium,132.72,6,0.953,0.83,0.3,95.9,BioMatrix International
ORD-04179,Insulin,1000,Standard,199.54,10,0.919,0.923,1.07,95.6,PharmaTrust Global
ORD-04180,Insulin,2500,Standard,232.27,6,0.918,0.92,1.1,100.0,OmniHealth Labs
ORD-04181,Antiviral,500,Standard,193.81,5,0.847,0.901,0.24,97.9,Vanguard Pharma
ORD-04182,Antibiotic,500,High,122.85,6,0.955,0.901,0.58,97.7,PharmaTrust Global
ORD-04183,Antihistamine,500,High,59.0,4,0.873,0.914,0.74,93.4,Zenith LifeSciences
ORD-04184,Antihistamine,5000,Medium,57.01,4,0.934,0.786,0.01,94.9,Pulse Generic Pharma
ORD-04185,Antiviral,100,Standard,191.87,4,0.967,0.846,0.61,95.3,Pulse Generic Pharma
ORD-04186,Insulin,100,High,227.89,4,1.0,0.929,1.5,97.0,OmniHealth Labs
ORD-04187,Monoclonal Antibody,1000,Standard,5081.55,3,0.841,0.96,0.85,92.7,VitalCare Pharmaceuticals
ORD-04188,Antihistamine,100,Medium,50.95,2,0.885,0.835,0.14,95.1,Pulse Generic Pharma
ORD-04189,Antiviral,2500,High,186.64,5,0.853,0.935,0.01,97.3,Vanguard Pharma
ORD-04190,Antibiotic,100,Medium,130.62,5,0.952,0.845,0.16,98.0,NovaCure Therapeutics
ORD-04191,Antiviral,100,Medium,241.27,10,0.872,0.884,0.1,99.2,GlobalRx Supply Chain
ORD-04192,Painkiller,500,High,40.19,3,0.873,0.93,0.43,96.4,Beacon Pharmaceuticals
ORD-04193,Insulin,500,High,220.33,7,0.923,0.974,0.5,96.7,VitalCare Pharmaceuticals
ORD-04194,Antibiotic,1000,High,137.65,5,0.98,0.802,0.44,98.4,NovaCure Therapeutics
ORD-04195,Painkiller,5000,Standard,37.09,1,0.826,0.792,0.45,95.7,Beacon Pharmaceuticals
ORD-04196,Immunosuppressant,5000,Medium,387.24,6,0.908,0.93,1.32,95.6,Bharat BioLogics
ORD-04197,Vaccine,5000,High,318.85,4,0.861,0.963,0.56,93.8,BioMatrix International
ORD-04198,Insulin,1000,Standard,260.06,7,0.957,0.936,0.5,95.8,VitalCare Pharmaceuticals
ORD-04199,Antiviral,250,Medium,186.26,3,0.927,0.838,0.26,95.4,MediCore Labs
ORD-04200,Monoclonal Antibody,100,High,4666.86,5,0.873,1.0,0.96,93.0,VitalCare Pharmaceuticals
ORD-04201,Cardiovascular Drug,1000,Standard,167.2,4,0.884,0.923,0.83,99.3,Aegis Health Supplies
ORD-04202,Antihistamine,250,Medium,58.75,7,0.828,0.928,1.01,95.4,Zenith LifeSciences
ORD-04203,Monoclonal Antibody,1000,High,4517.08,4,0.869,0.937,0.75,92.6,VitalCare Pharmaceuticals
ORD-04204,Antiviral,250,Standard,180.14,5,0.873,0.897,0.26,97.3,Vanguard Pharma
ORD-04205,Painkiller,250,High,47.52,4,0.872,0.844,0.93,98.3,Apex BioPharma
ORD-04206,Insulin,5000,Standard,230.71,8,0.951,0.905,1.1,97.9,OmniHealth Labs
ORD-04207,Vaccine,5000,Medium,311.71,10,0.905,0.909,1.12,93.6,Summit BioSolutions
ORD-04208,Insulin,100,Medium,202.49,4,0.905,0.937,0.16,96.6,VitalCare Pharmaceuticals
ORD-04209,Chemotherapy Agent,500,Standard,475.16,10,0.867,0.843,0.61,92.7,Apex BioPharma
ORD-04210,Chemotherapy Agent,250,Medium,565.66,2,0.972,0.894,0.73,94.3,Bharat BioLogics
ORD-04211,Immunosuppressant,2500,High,383.17,6,0.936,0.979,0.71,94.2,OmniHealth Labs
ORD-04212,Cardiovascular Drug,5000,Medium,180.6,8,0.889,0.844,0.75,98.8,Quantum Health Sciences
ORD-04213,Painkiller,100,High,51.77,7,1.0,0.904,0.97,91.5,BioMatrix International
ORD-04214,Antiviral,1000,Standard,246.4,2,0.83,0.902,1.19,94.4,Summit BioSolutions
ORD-04215,Antiviral,250,Medium,266.02,8,0.886,0.862,0.21,97.7,GlobalRx Supply Chain
ORD-04216,Cardiovascular Drug,250,Medium,164.85,6,0.892,0.903,1.22,97.3,Aegis Health Supplies
ORD-04217,Insulin,5000,Medium,238.07,6,0.967,0.857,1.17,98.3,OmniHealth Labs
ORD-04218,Vaccine,250,Medium,350.41,5,0.905,0.948,1.31,98.8,Vanguard Pharma
ORD-04219,Painkiller,1000,Medium,42.24,3,0.93,0.836,0.56,96.3,Beacon Pharmaceuticals
ORD-04220,Vaccine,5000,Standard,310.18,7,0.878,0.984,0.71,96.8,OmniHealth Labs
ORD-04221,Painkiller,100,Medium,41.31,4,0.923,0.78,0.47,98.3,Apex BioPharma
ORD-04222,Monoclonal Antibody,5000,High,5866.5,5,0.943,0.985,1.27,95.6,MediCore Labs
ORD-04223,Immunosuppressant,5000,High,403.21,7,0.97,0.857,0.19,94.0,CryoSafe LifeSciences
ORD-04224,Antibiotic,5000,Medium,119.81,6,0.961,0.933,0.81,96.2,PharmaTrust Global
ORD-04225,Immunosuppressant,5000,Medium,494.11,7,0.9,1.0,1.04,100.0,VitalCare Pharmaceuticals
ORD-04226,Vaccine,100,Medium,256.68,5,0.898,0.883,0.65,95.9,OmniHealth Labs
ORD-04227,Vaccine,5000,Standard,286.05,4,0.909,0.919,1.55,99.8,Vanguard Pharma
ORD-04228,Cardiovascular Drug,1000,Medium,167.88,5,0.975,0.929,1.01,98.6,Aegis Health Supplies
ORD-04229,Immunosuppressant,5000,Standard,407.61,6,0.917,1.0,0.67,95.7,OmniHealth Labs
ORD-04230,Chemotherapy Agent,500,Standard,483.26,11,0.945,0.898,1.06,99.9,Serum Horizon Global
ORD-04231,Immunosuppressant,250,Standard,359.18,6,0.937,0.975,1.05,94.1,OmniHealth Labs
ORD-04232,Immunosuppressant,5000,Medium,429.49,9,1.0,0.8,0.01,93.6,CryoSafe LifeSciences
ORD-04233,Cardiovascular Drug,500,Medium,201.64,11,0.881,0.884,0.73,98.9,Quantum Health Sciences
ORD-04234,Antibiotic,100,High,138.07,6,0.912,0.935,0.51,98.7,NovaCure Therapeutics
ORD-04235,Immunosuppressant,500,Medium,389.95,3,0.954,0.931,0.64,94.8,OmniHealth Labs
ORD-04236,Antibiotic,2500,High,123.51,5,0.983,0.858,0.15,97.3,NovaCure Therapeutics
ORD-04237,Vaccine,5000,Standard,335.41,8,0.949,0.9,0.51,97.0,Quantum Health Sciences
ORD-04238,Cardiovascular Drug,2500,High,179.87,5,0.913,0.946,1.11,98.9,Aegis Health Supplies
ORD-04239,Painkiller,2500,Medium,45.31,8,0.881,0.841,0.72,98.7,Apex BioPharma
ORD-04240,Antiviral,100,Medium,197.74,5,0.905,0.912,0.39,96.2,Vanguard Pharma
ORD-04241,Immunosuppressant,2500,Medium,415.15,6,1.0,0.826,0.01,94.3,CryoSafe LifeSciences
ORD-04242,Antibiotic,250,Standard,140.44,3,0.938,0.853,0.31,99.3,NovaCure Therapeutics
ORD-04243,Antihistamine,1000,Standard,57.38,4,0.924,0.864,0.24,93.0,Pulse Generic Pharma
ORD-04244,Immunosuppressant,500,Standard,335.15,4,0.9,0.918,0.45,95.8,OmniHealth Labs
ORD-04245,Vaccine,1000,High,361.98,4,0.903,0.952,0.41,93.4,BioMatrix International
ORD-04246,Antiviral,250,Medium,199.53,6,0.944,0.79,0.62,92.9,Pulse Generic Pharma
ORD-04247,Chemotherapy Agent,500,High,468.74,11,1.0,0.919,0.34,97.3,GlobalRx Supply Chain
ORD-04248,Painkiller,500,Medium,43.47,3,0.843,0.846,0.24,95.4,Beacon Pharmaceuticals
ORD-04249,Immunosuppressant,2500,High,336.62,3,0.947,0.966,0.77,92.7,OmniHealth Labs
ORD-04250,Monoclonal Antibody,100,High,5333.17,4,0.977,1.0,1.52,97.4,MediCore Labs
ORD-04251,Cardiovascular Drug,1000,Standard,176.23,8,0.863,0.932,0.95,97.2,Aegis Health Supplies
ORD-04252,Antibiotic,2500,High,112.93,6,0.965,0.893,0.21,100.0,NovaCure Therapeutics
ORD-04253,Chemotherapy Agent,5000,Medium,472.22,3,0.875,0.844,0.17,95.2,Beacon Pharmaceuticals
ORD-04254,Painkiller,250,Medium,43.04,5,0.902,0.797,0.47,93.7,Beacon Pharmaceuticals
ORD-04255,Painkiller,500,High,46.81,7,0.965,0.82,0.11,96.5,MediCore Labs
ORD-04256,Insulin,500,Medium,222.46,6,1.0,0.894,0.18,95.9,Apex BioPharma
ORD-04257,Vaccine,500,High,357.99,4,0.915,0.933,1.36,97.8,Vanguard Pharma
ORD-04258,Antibiotic,100,Standard,146.62,6,0.929,0.885,0.43,99.0,NovaCure Therapeutics
ORD-04259,Vaccine,500,Medium,297.93,6,0.926,0.929,0.79,98.6,Vanguard Pharma
ORD-04260,Cardiovascular Drug,500,Medium,201.42,6,0.858,0.948,0.5,98.7,NovaCure Therapeutics
ORD-04261,Chemotherapy Agent,500,High,496.42,10,1.0,0.917,0.38,97.6,GlobalRx Supply Chain
ORD-04262,Antihistamine,5000,Medium,63.47,4,0.94,0.959,0.92,95.2,Zenith LifeSciences
ORD-04263,Insulin,1000,High,192.62,7,0.942,0.829,0.05,94.9,Apex BioPharma
ORD-04264,Immunosuppressant,5000,Standard,405.22,4,0.951,1.0,0.72,93.6,OmniHealth Labs
ORD-04265,Monoclonal Antibody,5000,Medium,4950.55,4,0.907,0.908,0.91,92.3,VitalCare Pharmaceuticals
ORD-04266,Antihistamine,500,Medium,60.02,8,0.79,0.988,0.27,95.4,Zenith LifeSciences
ORD-04267,Vaccine,100,Medium,272.16,5,0.938,0.995,0.84,96.0,OmniHealth Labs
ORD-04268,Monoclonal Antibody,250,Medium,4277.09,7,0.867,0.89,1.41,99.3,Pulse Generic Pharma
ORD-04269,Antibiotic,250,High,129.28,8,1.0,0.93,0.51,94.8,PharmaTrust Global
ORD-04270,Antihistamine,2500,Medium,59.37,9,0.956,0.946,1.6,99.5,NovaCure Therapeutics
ORD-04271,Insulin,100,Medium,259.46,6,0.888,0.851,0.49,97.7,VitalCare Pharmaceuticals
ORD-04272,Insulin,100,High,238.04,4,0.937,0.937,0.89,98.1,OmniHealth Labs
ORD-04273,Antibiotic,2500,Medium,125.29,10,1.0,0.942,0.55,97.6,PharmaTrust Global
ORD-04274,Immunosuppressant,1000,Medium,355.11,5,0.909,0.963,0.54,95.4,OmniHealth Labs
ORD-04275,Vaccine,500,Medium,245.38,8,0.924,0.95,0.43,96.3,OmniHealth Labs
ORD-04276,Monoclonal Antibody,500,Standard,4724.6,4,0.91,0.992,1.16,99.0,Pulse Generic Pharma
ORD-04277,Cardiovascular Drug,2500,Standard,187.28,7,0.881,0.9,0.72,99.0,Aegis Health Supplies
ORD-04278,Antihistamine,100,High,64.54,4,0.918,0.881,0.19,95.3,Pulse Generic Pharma
ORD-04279,Insulin,100,Medium,221.32,4,0.952,0.919,1.11,98.9,OmniHealth Labs
ORD-04280,Antihistamine,5000,High,65.86,3,0.84,0.816,0.6,97.3,Aegis Health Supplies
ORD-04281,Immunosuppressant,500,Standard,383.15,5,0.964,0.939,0.64,94.8,OmniHealth Labs
ORD-04282,Cardiovascular Drug,5000,Medium,183.52,8,0.924,0.856,0.7,98.4,Quantum Health Sciences
ORD-04283,Painkiller,2500,Standard,44.91,7,0.893,0.868,0.32,97.0,MediCore Labs
ORD-04284,Vaccine,500,Standard,245.64,7,0.948,0.967,0.68,97.3,OmniHealth Labs
ORD-04285,Insulin,2500,Standard,217.57,5,1.0,0.918,1.11,98.4,OmniHealth Labs
ORD-04286,Antihistamine,250,High,56.91,5,0.886,0.899,1.29,93.3,Summit BioSolutions
ORD-04287,Antibiotic,2500,Medium,128.17,8,0.907,0.857,0.65,96.9,PharmaTrust Global
ORD-04288,Antihistamine,2500,Standard,70.59,2,0.903,0.892,0.57,97.3,Aegis Health Supplies
ORD-04289,Insulin,250,High,218.23,7,0.934,0.983,1.09,93.7,PharmaTrust Global
ORD-04290,Antibiotic,250,Standard,131.0,10,0.982,0.933,0.62,97.0,PharmaTrust Global
ORD-04291,Chemotherapy Agent,2500,Standard,466.52,9,0.886,0.804,1.42,99.8,Serum Horizon Global
ORD-04292,Immunosuppressant,2500,High,400.0,8,0.99,0.853,0.19,94.9,CryoSafe LifeSciences
ORD-04293,Monoclonal Antibody,250,Standard,4434.05,4,0.842,0.997,0.89,98.8,Pulse Generic Pharma
ORD-04294,Antiviral,100,Standard,199.77,3,0.897,0.915,0.29,97.7,Vanguard Pharma
ORD-04295,Immunosuppressant,500,Standard,422.24,10,0.99,0.781,0.3,94.0,CryoSafe LifeSciences
ORD-04296,Insulin,1000,Medium,211.9,8,0.997,0.954,1.37,98.0,OmniHealth Labs
ORD-04297,Immunosuppressant,5000,Medium,417.56,7,0.968,0.838,0.11,93.8,CryoSafe LifeSciences
ORD-04298,Antiviral,250,High,223.45,4,0.967,0.838,0.49,95.3,Pulse Generic Pharma
ORD-04299,Vaccine,5000,Standard,283.86,5,0.858,0.932,0.8,97.9,OmniHealth Labs
ORD-04300,Painkiller,500,Medium,42.42,6,0.914,0.832,0.84,97.6,Apex BioPharma
ORD-04301,Monoclonal Antibody,5000,Medium,4319.02,4,0.89,0.936,1.04,92.5,VitalCare Pharmaceuticals
ORD-04302,Vaccine,2500,Medium,279.81,5,0.952,0.949,0.78,96.2,OmniHealth Labs
ORD-04303,Antiviral,250,Medium,249.96,2,0.851,0.822,0.56,95.2,Summit BioSolutions
ORD-04304,Immunosuppressant,500,Medium,411.42,9,0.864,0.892,0.73,93.6,Quantum Health Sciences
ORD-04305,Immunosuppressant,2500,Medium,396.18,5,0.897,0.995,1.05,98.6,VitalCare Pharmaceuticals
ORD-04306,Antihistamine,1000,Medium,57.58,4,0.909,0.841,1.21,93.7,Summit BioSolutions
ORD-04307,Antihistamine,2500,Standard,61.75,3,0.904,0.844,0.65,98.2,Aegis Health Supplies
ORD-04308,Antibiotic,250,Medium,128.06,7,0.967,0.968,0.53,96.9,PharmaTrust Global
ORD-04309,Immunosuppressant,100,High,392.96,4,0.917,0.969,0.65,94.3,OmniHealth Labs
ORD-04310,Chemotherapy Agent,250,High,443.65,7,1.0,0.858,0.32,94.8,GlobalRx Supply Chain
ORD-04311,Immunosuppressant,250,High,407.9,9,0.887,1.0,0.98,96.4,Bharat BioLogics
ORD-04312,Cardiovascular Drug,5000,Medium,201.97,9,0.922,0.823,0.49,98.0,Quantum Health Sciences
ORD-04313,Antihistamine,250,Standard,62.08,5,0.935,0.884,0.48,97.1,Aegis Health Supplies
ORD-04314,Antihistamine,2500,Standard,59.92,5,0.916,0.79,0.03,95.2,Pulse Generic Pharma
ORD-04315,Cardiovascular Drug,500,Medium,215.7,7,1.0,0.835,0.64,98.6,Quantum Health Sciences
ORD-04316,Chemotherapy Agent,1000,Medium,446.77,3,0.905,0.904,0.49,94.8,Bharat BioLogics
ORD-04317,Insulin,1000,Medium,287.98,8,0.846,0.919,1.52,97.8,Beacon Pharmaceuticals
ORD-04318,Immunosuppressant,2500,Medium,345.89,6,0.91,0.873,0.35,94.5,OmniHealth Labs
ORD-04319,Painkiller,1000,Medium,49.07,11,1.0,0.856,1.37,93.7,BioMatrix International
ORD-04320,Vaccine,500,Medium,293.96,7,0.965,0.971,1.06,96.0,OmniHealth Labs
ORD-04321,Immunosuppressant,2500,Standard,374.45,5,0.897,0.95,0.56,94.0,OmniHealth Labs
ORD-04322,Cardiovascular Drug,5000,High,157.56,5,0.931,0.896,1.17,96.9,Aegis Health Supplies
ORD-04323,Monoclonal Antibody,500,Medium,4828.3,2,0.859,0.947,1.36,92.7,VitalCare Pharmaceuticals
ORD-04324,Antiviral,100,Medium,227.76,4,0.959,0.894,0.56,94.0,Pulse Generic Pharma
ORD-04325,Antihistamine,5000,Medium,55.91,4,0.837,0.97,0.92,95.8,Zenith LifeSciences
ORD-04326,Immunosuppressant,250,Medium,398.95,7,0.858,0.97,1.11,96.8,VitalCare Pharmaceuticals
ORD-04327,Monoclonal Antibody,500,Medium,4837.77,8,0.915,0.897,0.73,97.3,Pulse Generic Pharma
ORD-04328,Antihistamine,250,Standard,48.49,4,0.872,0.83,1.46,94.8,Summit BioSolutions
ORD-04329,Antibiotic,2500,Medium,143.54,3,0.953,0.859,0.37,97.4,NovaCure Therapeutics
ORD-04330,Antihistamine,5000,Standard,59.72,7,0.89,1.0,1.35,98.3,NovaCure Therapeutics
ORD-04331,Antibiotic,1000,Standard,128.74,8,0.993,0.899,0.85,96.1,Bharat BioLogics
ORD-04332,Immunosuppressant,5000,High,449.88,6,0.863,0.889,0.85,100.0,VitalCare Pharmaceuticals
ORD-04333,Vaccine,250,High,234.55,7,0.877,0.947,0.76,97.7,OmniHealth Labs
ORD-04334,Monoclonal Antibody,500,Standard,4371.71,3,0.857,0.981,1.03,94.5,VitalCare Pharmaceuticals
ORD-04335,Vaccine,100,Standard,344.39,6,0.938,0.994,1.01,100.0,Vanguard Pharma
ORD-04336,Immunosuppressant,100,High,445.71,10,0.968,0.891,0.38,95.0,CryoSafe LifeSciences
ORD-04337,Antiviral,1000,High,169.66,4,0.925,0.909,0.15,97.4,Vanguard Pharma
ORD-04338,Chemotherapy Agent,2500,High,542.66,7,0.884,0.904,0.99,99.4,Serum Horizon Global
ORD-04339,Insulin,1000,High,265.45,4,1.0,0.958,0.56,96.9,VitalCare Pharmaceuticals
ORD-04340,Chemotherapy Agent,100,High,597.15,2,0.881,0.907,0.26,95.1,Bharat BioLogics
ORD-04341,Vaccine,250,High,347.22,7,0.804,0.949,0.85,93.5,BioMatrix International
ORD-04342,Chemotherapy Agent,1000,Medium,444.47,6,0.873,0.935,0.72,91.9,Apex BioPharma
ORD-04343,Immunosuppressant,250,High,394.24,5,0.917,0.865,1.55,100.0,VitalCare Pharmaceuticals
ORD-04344,Painkiller,1000,Medium,42.33,1,0.854,0.817,0.61,95.6,Beacon Pharmaceuticals
ORD-04345,Antihistamine,2500,Standard,59.11,3,0.899,0.879,0.39,96.9,Aegis Health Supplies
ORD-04346,Monoclonal Antibody,500,Medium,5840.64,7,0.994,0.958,1.36,96.5,Zenith LifeSciences
ORD-04347,Monoclonal Antibody,2500,High,4759.26,1,0.924,0.933,0.89,93.8,VitalCare Pharmaceuticals
ORD-04348,Painkiller,250,Standard,50.21,6,0.894,0.806,0.88,96.3,Apex BioPharma
ORD-04349,Vaccine,5000,Standard,260.26,8,1.0,0.925,0.74,97.8,OmniHealth Labs
ORD-04350,Insulin,2500,Standard,278.04,9,0.805,0.909,1.17,98.4,Beacon Pharmaceuticals
ORD-04351,Monoclonal Antibody,2500,Medium,5268.37,7,0.909,0.981,1.24,96.4,MediCore Labs
ORD-04352,Cardiovascular Drug,500,Standard,184.26,8,0.825,0.869,0.31,97.3,NovaCure Therapeutics
ORD-04353,Antibiotic,1000,High,148.23,6,1.0,0.877,1.07,95.8,Bharat BioLogics
ORD-04354,Antibiotic,2500,Standard,103.61,7,0.951,0.892,0.61,98.3,PharmaTrust Global
ORD-04355,Chemotherapy Agent,250,Standard,618.47,3,0.95,0.963,0.53,96.0,Bharat BioLogics
ORD-04356,Antihistamine,500,Medium,63.06,2,0.88,0.911,0.3,96.7,Pulse Generic Pharma
ORD-04357,Antihistamine,100,High,58.25,4,0.941,0.866,0.09,95.9,Pulse Generic Pharma
ORD-04358,Antibiotic,250,Medium,128.36,5,0.911,0.901,0.27,99.2,NovaCure Therapeutics
ORD-04359,Chemotherapy Agent,250,High,553.71,2,0.934,0.913,0.49,92.4,Bharat BioLogics
ORD-04360,Antihistamine,5000,Medium,66.66,5,0.861,0.819,0.16,96.0,Pulse Generic Pharma
ORD-04361,Cardiovascular Drug,1000,Medium,196.77,6,0.905,0.937,0.65,96.8,NovaCure Therapeutics
ORD-04362,Antiviral,250,Medium,168.24,7,0.973,0.879,0.85,97.3,Pulse Generic Pharma
ORD-04363,Antihistamine,5000,Medium,64.47,3,0.963,0.878,0.37,96.0,Pulse Generic Pharma
ORD-04364,Painkiller,250,Medium,40.66,7,0.926,0.927,0.78,93.0,Serum Horizon Global
ORD-04365,Insulin,1000,Standard,187.1,9,0.846,0.992,1.03,93.9,PharmaTrust Global
ORD-04366,Antiviral,1000,High,200.54,5,0.864,0.843,0.46,95.8,MediCore Labs
ORD-04367,Monoclonal Antibody,500,High,4938.34,5,0.914,0.926,1.07,92.8,VitalCare Pharmaceuticals
ORD-04368,Painkiller,1000,Standard,49.44,6,0.907,0.802,0.85,95.7,Apex BioPharma
ORD-04369,Chemotherapy Agent,5000,Standard,522.27,5,0.91,0.904,0.4,96.7,Bharat BioLogics
ORD-04370,Chemotherapy Agent,2500,Medium,474.56,8,1.0,0.928,0.3,95.8,GlobalRx Supply Chain
ORD-04371,Painkiller,5000,Standard,44.95,5,0.94,0.816,0.06,95.0,MediCore Labs
ORD-04372,Antiviral,2500,Standard,186.09,6,0.855,0.877,0.11,98.3,Vanguard Pharma
ORD-04373,Insulin,1000,High,263.79,8,0.921,0.934,0.67,97.5,VitalCare Pharmaceuticals
ORD-04374,Vaccine,100,Medium,306.57,4,0.833,0.908,0.58,93.7,BioMatrix International
ORD-04375,Monoclonal Antibody,500,Medium,5633.16,4,0.902,0.987,1.35,95.7,Zenith LifeSciences
ORD-04376,Insulin,500,Standard,206.75,8,0.963,0.934,1.62,98.3,OmniHealth Labs
ORD-04377,Vaccine,100,Medium,281.82,5,0.865,0.938,0.67,94.4,BioMatrix International
ORD-04378,Cardiovascular Drug,1000,Medium,155.3,7,0.924,0.853,0.75,95.5,CryoSafe LifeSciences
ORD-04379,Painkiller,250,Medium,49.6,8,0.976,0.857,1.49,93.2,BioMatrix International
ORD-04380,Antihistamine,250,High,75.27,4,0.912,1.0,0.71,94.8,Zenith LifeSciences
ORD-04381,Chemotherapy Agent,5000,Medium,488.69,10,0.944,0.855,0.29,97.2,GlobalRx Supply Chain
ORD-04382,Painkiller,100,High,42.69,7,0.851,0.87,0.52,98.3,Apex BioPharma
ORD-04383,Cardiovascular Drug,5000,Standard,137.81,8,1.0,0.926,0.56,94.4,CryoSafe LifeSciences
ORD-04384,Antiviral,500,Medium,170.96,6,0.888,0.903,0.24,96.6,Vanguard Pharma
ORD-04385,Painkiller,2500,Standard,42.05,4,0.883,0.82,0.01,93.8,Beacon Pharmaceuticals
ORD-04386,Vaccine,1000,Standard,272.35,9,0.944,0.954,0.84,96.1,OmniHealth Labs
ORD-04387,Vaccine,100,Standard,230.05,6,0.921,0.921,0.76,95.6,OmniHealth Labs
ORD-04388,Painkiller,1000,Medium,40.68,9,0.927,0.945,0.93,93.8,BioMatrix International
ORD-04389,Chemotherapy Agent,100,Standard,514.19,1,0.956,0.966,0.26,94.9,Bharat BioLogics
ORD-04390,Painkiller,5000,Standard,49.44,6,0.926,0.834,0.26,93.0,Serum Horizon Global
ORD-04391,Monoclonal Antibody,1000,High,5553.0,4,1.0,0.978,1.13,96.5,MediCore Labs
ORD-04392,Antibiotic,500,Medium,130.04,7,0.963,0.962,0.7,96.8,PharmaTrust Global
ORD-04393,Cardiovascular Drug,500,Medium,134.16,8,0.93,0.934,0.45,94.4,CryoSafe LifeSciences
ORD-04394,Immunosuppressant,250,Standard,356.52,4,0.95,0.984,0.68,92.7,OmniHealth Labs
ORD-04395,Antiviral,500,High,215.14,7,0.829,0.859,0.15,98.6,Vanguard Pharma
ORD-04396,Antibiotic,5000,Standard,123.49,6,0.987,0.977,0.51,96.8,PharmaTrust Global
ORD-04397,Chemotherapy Agent,2500,Medium,459.92,9,0.987,0.895,0.11,97.1,GlobalRx Supply Chain
ORD-04398,Cardiovascular Drug,100,Medium,202.51,8,0.932,0.859,0.2,94.3,Serum Horizon Global
ORD-04399,Antihistamine,2500,Medium,59.26,4,0.939,1.0,0.41,94.5,Zenith LifeSciences
ORD-04400,Immunosuppressant,2500,Standard,337.06,5,0.932,0.953,0.55,93.4,OmniHealth Labs
ORD-04401,Antiviral,1000,Standard,203.28,9,0.874,0.831,0.01,97.6,GlobalRx Supply Chain
ORD-04402,Cardiovascular Drug,1000,High,195.08,10,0.879,0.928,0.52,100.0,NovaCure Therapeutics
ORD-04403,Immunosuppressant,1000,Standard,390.31,7,0.966,0.814,0.55,95.6,CryoSafe LifeSciences
ORD-04404,Chemotherapy Agent,1000,Medium,490.45,7,0.925,0.897,0.8,98.5,Serum Horizon Global
ORD-04405,Antibiotic,2500,Medium,120.6,10,0.946,0.928,0.52,96.2,PharmaTrust Global
ORD-04406,Antibiotic,100,Medium,113.56,5,0.878,0.839,0.19,96.8,NovaCure Therapeutics
ORD-04407,Painkiller,2500,Medium,42.67,4,0.853,0.801,0.75,97.3,Apex BioPharma
ORD-04408,Chemotherapy Agent,500,Medium,468.09,1,0.909,0.832,0.25,96.3,Beacon Pharmaceuticals
ORD-04409,Insulin,500,High,242.73,4,0.938,0.909,0.05,95.8,Apex BioPharma
ORD-04410,Painkiller,1000,High,41.56,5,0.945,0.875,0.07,97.5,MediCore Labs
ORD-04411,Insulin,1000,High,242.83,7,0.893,0.914,0.34,96.3,VitalCare Pharmaceuticals
ORD-04412,Painkiller,500,High,43.39,6,0.95,0.84,0.2,96.1,MediCore Labs
ORD-04413,Antiviral,500,Medium,218.78,5,0.87,0.845,0.93,94.7,Summit BioSolutions
ORD-04414,Antiviral,2500,Standard,200.47,3,0.864,0.854,0.33,94.1,MediCore Labs
ORD-04415,Antihistamine,100,Medium,62.95,8,0.932,0.963,1.22,99.4,NovaCure Therapeutics
ORD-04416,Cardiovascular Drug,100,High,206.5,7,0.905,0.906,0.59,97.4,Quantum Health Sciences
ORD-04417,Painkiller,2500,Standard,40.29,5,0.884,0.81,0.1,96.4,Beacon Pharmaceuticals
ORD-04418,Insulin,100,Medium,256.85,6,0.997,0.897,1.29,99.6,OmniHealth Labs
ORD-04419,Painkiller,5000,High,46.06,10,0.943,0.864,1.03,93.7,BioMatrix International
ORD-04420,Cardiovascular Drug,100,Medium,168.07,10,0.916,0.804,0.44,96.4,Quantum Health Sciences
ORD-04421,Monoclonal Antibody,2500,Medium,5916.01,5,0.946,0.944,0.92,94.7,Zenith LifeSciences
ORD-04422,Vaccine,500,High,253.91,6,1.0,0.869,0.9,96.1,OmniHealth Labs
ORD-04423,Antibiotic,2500,Medium,124.62,6,0.881,0.86,1.1,92.6,Zenith LifeSciences
ORD-04424,Immunosuppressant,2500,Standard,435.39,8,0.92,0.937,1.54,95.2,Bharat BioLogics
ORD-04425,Immunosuppressant,5000,Medium,403.23,10,0.921,0.927,1.35,96.3,Bharat BioLogics
ORD-04426,Monoclonal Antibody,100,Medium,4964.85,11,0.854,0.913,0.86,94.5,CryoSafe LifeSciences
ORD-04427,Cardiovascular Drug,100,High,187.4,6,0.923,0.937,1.03,97.5,Aegis Health Supplies
ORD-04428,Cardiovascular Drug,100,Standard,155.08,5,0.887,0.923,0.81,98.1,Aegis Health Supplies
ORD-04429,Insulin,250,Medium,236.99,6,0.929,0.92,1.28,98.8,OmniHealth Labs
ORD-04430,Antibiotic,2500,Standard,115.64,10,0.955,0.932,0.34,97.7,PharmaTrust Global
ORD-04431,Cardiovascular Drug,250,Standard,153.05,6,0.906,0.974,1.22,98.5,Aegis Health Supplies
ORD-04432,Antiviral,1000,High,189.53,7,0.796,0.909,0.01,97.6,Vanguard Pharma
ORD-04433,Immunosuppressant,250,Standard,347.12,7,0.949,0.959,0.19,95.9,OmniHealth Labs
ORD-04434,Immunosuppressant,1000,High,333.09,5,0.933,0.949,0.68,94.5,OmniHealth Labs
ORD-04435,Antibiotic,2500,Standard,125.55,9,0.948,0.965,0.34,97.7,PharmaTrust Global
ORD-04436,Antihistamine,100,High,55.16,3,0.912,0.892,1.35,96.3,Summit BioSolutions
ORD-04437,Chemotherapy Agent,500,Standard,470.5,10,0.999,0.927,0.4,94.0,GlobalRx Supply Chain
ORD-04438,Insulin,5000,Medium,274.59,8,0.925,0.965,0.37,97.3,VitalCare Pharmaceuticals
ORD-04439,Antiviral,250,High,228.86,7,0.908,0.914,0.26,95.8,Vanguard Pharma
ORD-04440,Immunosuppressant,2500,Standard,363.75,10,0.889,0.935,1.49,95.9,Bharat BioLogics
ORD-04441,Antibiotic,500,High,137.43,7,0.954,0.884,0.27,99.3,BioMatrix International
ORD-04442,Antihistamine,1000,Medium,67.24,5,0.895,0.832,0.37,97.5,Aegis Health Supplies
ORD-04443,Antiviral,2500,Medium,226.4,8,0.903,0.87,0.33,98.0,GlobalRx Supply Chain
ORD-04444,Monoclonal Antibody,100,Medium,5257.28,8,0.886,0.956,0.56,94.4,CryoSafe LifeSciences
ORD-04445,Monoclonal Antibody,2500,Standard,4617.87,8,0.835,0.901,0.9,98.0,Pulse Generic Pharma
ORD-04446,Monoclonal Antibody,250,Standard,4926.21,5,0.886,0.983,0.91,98.1,Pulse Generic Pharma
ORD-04447,Insulin,5000,Medium,242.2,11,0.868,0.869,1.15,97.4,Beacon Pharmaceuticals
ORD-04448,Antibiotic,5000,Standard,127.19,7,0.986,0.948,0.76,96.6,PharmaTrust Global
ORD-04449,Immunosuppressant,1000,Medium,428.32,6,0.891,0.95,1.28,96.2,Bharat BioLogics
ORD-04450,Painkiller,2500,High,41.84,4,0.874,0.919,0.01,97.9,MediCore Labs
ORD-04451,Antibiotic,250,Standard,148.37,4,0.976,0.883,0.37,98.0,NovaCure Therapeutics
ORD-04452,Monoclonal Antibody,5000,Medium,4580.03,7,0.829,0.909,1.14,98.5,Pulse Generic Pharma
ORD-04453,Immunosuppressant,500,Standard,412.91,6,0.934,0.833,0.29,93.9,CryoSafe LifeSciences
ORD-04454,Antibiotic,2500,Standard,131.74,5,0.946,0.92,1.77,94.6,Zenith LifeSciences
ORD-04455,Chemotherapy Agent,1000,High,518.89,10,0.926,0.844,1.09,98.4,Serum Horizon Global
ORD-04456,Immunosuppressant,100,High,399.19,5,0.803,0.988,1.08,99.7,VitalCare Pharmaceuticals
ORD-04457,Painkiller,500,Medium,47.1,6,0.915,0.867,0.06,96.8,MediCore Labs
ORD-04458,Monoclonal Antibody,100,Standard,5021.06,7,0.974,0.982,1.66,99.3,MediCore Labs
ORD-04459,Cardiovascular Drug,2500,High,173.15,5,0.929,0.944,0.98,98.4,Aegis Health Supplies
ORD-04460,Antihistamine,5000,Medium,61.3,7,0.886,0.878,1.4,93.9,Summit BioSolutions
ORD-04461,Insulin,250,Standard,231.92,7,0.969,0.953,1.16,95.9,OmniHealth Labs
ORD-04462,Immunosuppressant,100,High,447.99,6,0.882,0.928,1.18,98.3,VitalCare Pharmaceuticals
ORD-04463,Insulin,500,Standard,220.06,10,0.846,0.929,0.85,94.0,PharmaTrust Global
ORD-04464,Immunosuppressant,500,High,367.3,6,0.858,0.969,0.45,94.0,OmniHealth Labs
ORD-04465,Insulin,500,Standard,250.26,5,0.92,0.814,0.19,95.6,Apex BioPharma
ORD-04466,Chemotherapy Agent,500,Medium,470.66,2,0.849,0.832,0.21,96.5,Beacon Pharmaceuticals
ORD-04467,Painkiller,1000,Medium,45.97,8,0.939,0.846,0.24,96.2,MediCore Labs
ORD-04468,Monoclonal Antibody,1000,Standard,4700.23,5,0.816,0.922,1.18,99.3,Pulse Generic Pharma
ORD-04469,Insulin,100,Medium,202.96,5,0.944,0.874,0.91,98.4,OmniHealth Labs
ORD-04470,Chemotherapy Agent,1000,Standard,446.73,11,0.967,0.863,1.51,100.0,Serum Horizon Global
ORD-04471,Chemotherapy Agent,1000,Medium,485.43,3,0.968,0.871,0.44,93.8,Bharat BioLogics
ORD-04472,Antihistamine,5000,Medium,68.44,5,0.952,0.943,1.04,94.7,Summit BioSolutions
ORD-04473,Immunosuppressant,500,High,335.55,4,0.942,0.901,0.95,96.6,OmniHealth Labs
ORD-04474,Antibiotic,5000,Medium,128.92,7,0.964,0.907,0.49,97.3,PharmaTrust Global
ORD-04475,Antiviral,500,Medium,180.77,5,0.902,0.93,0.12,97.7,Vanguard Pharma
ORD-04476,Immunosuppressant,100,Standard,372.98,6,0.851,0.943,0.5,95.4,OmniHealth Labs
ORD-04477,Antibiotic,250,High,146.13,3,0.98,0.851,0.27,98.1,NovaCure Therapeutics
ORD-04478,Monoclonal Antibody,5000,Medium,5025.71,2,0.869,0.887,0.85,92.8,VitalCare Pharmaceuticals
ORD-04479,Painkiller,500,High,49.71,5,0.911,0.887,0.11,97.1,MediCore Labs
ORD-04480,Vaccine,500,Medium,251.57,9,0.891,1.0,0.52,97.0,OmniHealth Labs
ORD-04481,Antiviral,2500,High,208.84,4,0.859,0.904,0.17,98.4,Vanguard Pharma
ORD-04482,Antihistamine,100,Standard,61.7,6,0.91,0.882,0.2,96.4,Pulse Generic Pharma
ORD-04483,Cardiovascular Drug,2500,Medium,207.46,4,0.944,0.872,0.67,93.9,Serum Horizon Global
ORD-04484,Antiviral,1000,Medium,202.76,4,0.931,0.794,0.96,94.6,Pulse Generic Pharma
ORD-04485,Antiviral,500,High,203.97,3,0.864,0.859,0.68,96.1,MediCore Labs
ORD-04486,Antihistamine,1000,Medium,60.48,3,0.891,0.892,0.84,95.6,Aegis Health Supplies
ORD-04487,Antiviral,1000,Medium,251.6,5,0.909,0.893,0.97,94.3,Summit BioSolutions
ORD-04488,Chemotherapy Agent,500,High,412.03,11,0.831,0.922,0.89,100.0,Serum Horizon Global
ORD-04489,Chemotherapy Agent,250,Medium,464.24,11,0.956,0.851,0.64,95.8,GlobalRx Supply Chain
ORD-04490,Antibiotic,250,High,135.42,5,0.921,0.825,0.59,98.8,NovaCure Therapeutics
ORD-04491,Cardiovascular Drug,5000,Standard,174.21,7,0.929,0.862,1.12,97.5,Aegis Health Supplies
ORD-04492,Antihistamine,1000,High,64.62,6,0.885,0.866,0.46,98.3,Aegis Health Supplies
ORD-04493,Chemotherapy Agent,250,High,444.7,8,0.924,0.867,1.1,100.0,Serum Horizon Global
ORD-04494,Vaccine,500,Medium,312.26,9,0.951,0.9,0.68,97.6,OmniHealth Labs
ORD-04495,Cardiovascular Drug,2500,Medium,205.96,10,0.787,0.872,0.61,98.2,NovaCure Therapeutics
ORD-04496,Antihistamine,5000,High,61.2,5,0.896,0.853,0.01,96.1,Pulse Generic Pharma
ORD-04497,Insulin,1000,Medium,226.38,5,0.985,0.968,1.01,98.0,OmniHealth Labs
ORD-04498,Painkiller,2500,Medium,40.47,3,0.929,0.823,0.4,96.8,Beacon Pharmaceuticals
ORD-04499,Monoclonal Antibody,5000,Standard,5188.41,5,0.932,0.962,0.94,92.3,VitalCare Pharmaceuticals
ORD-04500,Immunosuppressant,5000,Medium,399.02,5,0.982,0.912,0.7,93.7,OmniHealth Labs
ORD-04501,Immunosuppressant,250,High,418.69,3,0.866,0.921,0.66,94.3,OmniHealth Labs
ORD-04502,Antibiotic,2500,Medium,127.33,7,0.949,0.866,1.04,94.3,Bharat BioLogics
ORD-04503,Antiviral,100,Standard,234.09,4,0.878,0.981,0.34,96.6,Vanguard Pharma
ORD-04504,Antibiotic,250,Standard,125.79,9,0.953,0.926,0.55,97.0,PharmaTrust Global
ORD-04505,Insulin,1000,Medium,246.43,6,0.9,0.935,0.19,96.4,VitalCare Pharmaceuticals
ORD-04506,Chemotherapy Agent,2500,Standard,468.27,3,0.806,0.834,0.26,97.0,Beacon Pharmaceuticals
ORD-04507,Immunosuppressant,5000,High,369.02,9,0.993,0.895,1.25,95.1,Bharat BioLogics
ORD-04508,Chemotherapy Agent,1000,Standard,498.56,9,0.861,0.9,1.37,98.8,Serum Horizon Global
ORD-04509,Vaccine,2500,Medium,253.87,7,0.867,0.979,1.14,98.5,OmniHealth Labs
ORD-04510,Insulin,500,High,215.03,6,0.961,0.876,0.91,99.9,OmniHealth Labs
ORD-04511,Antihistamine,500,High,59.79,8,0.915,0.924,0.95,94.2,Zenith LifeSciences
ORD-04512,Painkiller,1000,Standard,43.33,3,0.824,0.813,0.24,95.6,Beacon Pharmaceuticals
ORD-04513,Vaccine,2500,Medium,307.7,6,0.89,0.921,0.92,96.8,OmniHealth Labs
ORD-04514,Painkiller,2500,Standard,35.25,4,0.841,0.867,0.28,93.8,Beacon Pharmaceuticals
ORD-04515,Antihistamine,500,Medium,73.16,6,0.918,0.82,0.51,97.1,Aegis Health Supplies
ORD-04516,Antibiotic,100,High,121.97,7,0.96,0.782,1.33,94.6,Zenith LifeSciences
ORD-04517,Immunosuppressant,250,High,423.22,10,0.962,0.887,1.07,94.3,Bharat BioLogics
ORD-04518,Vaccine,2500,Medium,293.8,5,0.907,0.897,0.52,97.6,OmniHealth Labs
ORD-04519,Antihistamine,1000,High,59.65,3,0.955,0.839,0.01,97.9,Pulse Generic Pharma
ORD-04520,Vaccine,1000,Medium,342.02,7,0.971,0.864,0.46,96.5,Quantum Health Sciences
ORD-04521,Painkiller,500,Medium,50.84,6,0.871,0.847,0.71,97.5,Apex BioPharma
ORD-04522,Insulin,2500,High,221.67,4,0.992,0.893,1.2,96.5,OmniHealth Labs
ORD-04523,Antihistamine,100,Standard,64.81,6,0.905,0.923,0.86,97.1,Zenith LifeSciences
ORD-04524,Painkiller,500,Medium,43.95,8,0.969,0.878,0.28,96.2,MediCore Labs
ORD-04525,Immunosuppressant,2500,Medium,350.19,5,0.902,0.977,0.62,95.3,OmniHealth Labs
ORD-04526,Chemotherapy Agent,2500,Medium,471.4,10,0.988,0.995,0.5,95.0,GlobalRx Supply Chain
ORD-04527,Insulin,5000,Standard,205.13,6,1.0,0.829,0.01,96.3,Apex BioPharma
ORD-04528,Antiviral,1000,Medium,212.48,3,0.892,0.917,0.29,96.6,Vanguard Pharma
ORD-04529,Antihistamine,250,Standard,66.19,10,0.958,0.978,1.63,99.7,NovaCure Therapeutics
ORD-04530,Antiviral,500,High,168.25,5,0.875,0.936,0.26,96.9,Vanguard Pharma
ORD-04531,Immunosuppressant,100,Standard,439.49,8,0.857,0.949,0.84,100.0,VitalCare Pharmaceuticals
ORD-04532,Painkiller,5000,Standard,47.07,2,0.836,0.858,0.09,96.1,Beacon Pharmaceuticals
ORD-04533,Antiviral,100,High,256.01,11,0.857,0.824,0.3,97.7,GlobalRx Supply Chain
ORD-04534,Cardiovascular Drug,2500,Medium,139.77,7,0.943,0.902,0.85,97.9,Aegis Health Supplies
ORD-04535,Monoclonal Antibody,250,High,5354.1,1,0.89,0.938,0.59,93.1,VitalCare Pharmaceuticals
ORD-04536,Antihistamine,1000,Standard,56.27,5,0.921,0.925,1.38,94.3,Summit BioSolutions
ORD-04537,Immunosuppressant,250,Medium,367.7,7,0.954,0.914,0.67,93.3,OmniHealth Labs
ORD-04538,Insulin,500,High,213.62,5,1.0,0.875,0.25,96.4,Apex BioPharma
ORD-04539,Immunosuppressant,250,Standard,405.85,5,0.908,1.0,1.18,99.4,VitalCare Pharmaceuticals
ORD-04540,Chemotherapy Agent,100,Medium,524.1,2,1.0,0.861,0.56,94.9,Bharat BioLogics
ORD-04541,Antihistamine,100,Medium,61.59,5,0.915,0.945,0.66,96.5,Zenith LifeSciences
ORD-04542,Antihistamine,2500,Standard,55.47,2,0.839,0.858,0.48,95.7,Pulse Generic Pharma
ORD-04543,Antiviral,2500,Medium,242.7,6,0.81,0.949,0.79,94.1,Summit BioSolutions
ORD-04544,Antiviral,2500,High,194.84,11,0.923,0.869,0.11,98.9,GlobalRx Supply Chain
ORD-04545,Immunosuppressant,5000,High,403.22,7,0.938,0.964,0.43,91.8,OmniHealth Labs
ORD-04546,Antibiotic,100,Standard,118.72,7,1.0,0.976,0.65,96.2,PharmaTrust Global
ORD-04547,Insulin,1000,High,221.22,7,0.946,0.942,1.29,97.4,OmniHealth Labs
ORD-04548,Cardiovascular Drug,5000,Medium,168.16,6,0.947,0.926,0.99,99.9,Aegis Health Supplies
ORD-04549,Immunosuppressant,1000,Standard,354.66,9,0.929,0.921,1.17,96.9,Bharat BioLogics
ORD-04550,Immunosuppressant,2500,Medium,409.86,8,0.979,0.912,0.99,95.2,Bharat BioLogics
ORD-04551,Painkiller,2500,High,44.55,8,0.937,0.864,0.36,95.2,MediCore Labs
ORD-04552,Antihistamine,2500,Medium,60.48,3,0.932,0.895,0.35,96.9,Aegis Health Supplies
ORD-04553,Monoclonal Antibody,250,Standard,5022.04,7,0.844,0.979,0.65,93.5,CryoSafe LifeSciences
ORD-04554,Chemotherapy Agent,250,High,579.96,3,0.979,0.849,0.27,94.0,Bharat BioLogics
ORD-04555,Painkiller,2500,High,40.58,6,0.91,0.832,0.54,97.7,Apex BioPharma
ORD-04556,Antihistamine,500,Medium,55.61,7,0.869,0.995,0.49,94.2,Zenith LifeSciences
ORD-04557,Antiviral,100,High,211.05,4,0.844,0.89,0.1,98.2,Vanguard Pharma
ORD-04558,Painkiller,500,Medium,45.22,9,0.975,0.902,0.77,94.1,Serum Horizon Global
ORD-04559,Vaccine,100,High,242.91,8,0.955,0.969,0.66,95.1,OmniHealth Labs
ORD-04560,Vaccine,100,Standard,263.24,7,0.959,0.975,0.58,96.6,OmniHealth Labs
ORD-04561,Chemotherapy Agent,500,High,516.94,1,0.918,0.896,0.13,94.7,Bharat BioLogics
ORD-04562,Antibiotic,250,Medium,129.74,7,0.95,0.88,1.12,95.6,Bharat BioLogics
ORD-04563,Antihistamine,100,Medium,67.99,5,0.852,1.0,0.67,95.4,Zenith LifeSciences
ORD-04564,Antibiotic,2500,Standard,105.11,6,0.941,0.903,1.51,93.2,Zenith LifeSciences
ORD-04565,Antiviral,500,Standard,195.47,1,0.921,0.814,0.14,96.2,MediCore Labs
ORD-04566,Chemotherapy Agent,100,Standard,454.04,8,0.867,0.907,1.11,100.0,Serum Horizon Global
ORD-04567,Antiviral,100,High,211.18,4,0.806,0.827,0.49,93.4,MediCore Labs
ORD-04568,Immunosuppressant,500,Standard,321.69,6,0.974,1.0,0.36,93.2,OmniHealth Labs
ORD-04569,Monoclonal Antibody,1000,Medium,4837.27,3,0.94,0.926,0.93,92.9,VitalCare Pharmaceuticals
ORD-04570,Vaccine,1000,Medium,327.44,5,0.9,0.878,0.42,96.3,Quantum Health Sciences
ORD-04571,Insulin,250,Medium,228.34,4,0.902,0.933,1.58,96.7,OmniHealth Labs
ORD-04572,Painkiller,5000,Standard,47.46,6,0.941,0.813,1.02,92.1,Serum Horizon Global
ORD-04573,Painkiller,250,Medium,46.97,6,0.905,0.762,0.59,96.3,MediCore Labs
ORD-04574,Chemotherapy Agent,1000,Standard,529.15,11,0.971,0.852,0.41,95.3,GlobalRx Supply Chain
ORD-04575,Vaccine,1000,Medium,279.91,9,0.934,0.935,0.64,96.8,OmniHealth Labs
ORD-04576,Monoclonal Antibody,5000,Standard,4564.88,1,0.937,0.919,0.99,92.2,VitalCare Pharmaceuticals
ORD-04577,Monoclonal Antibody,2500,High,5487.97,4,0.957,1.0,1.38,95.8,Zenith LifeSciences
ORD-04578,Antihistamine,500,High,63.16,4,0.884,0.827,0.77,96.4,Aegis Health Supplies
ORD-04579,Chemotherapy Agent,250,Standard,463.45,10,0.898,0.831,0.93,98.8,Serum Horizon Global
ORD-04580,Vaccine,250,High,280.71,6,0.945,0.894,0.31,97.5,Quantum Health Sciences
ORD-04581,Antiviral,2500,High,258.37,7,0.854,0.879,0.15,99.0,GlobalRx Supply Chain
ORD-04582,Cardiovascular Drug,500,Standard,164.97,6,0.935,0.952,0.95,99.9,Aegis Health Supplies
ORD-04583,Monoclonal Antibody,100,High,5829.03,8,0.905,0.926,0.66,93.5,CryoSafe LifeSciences
ORD-04584,Monoclonal Antibody,500,Medium,4512.39,5,0.946,0.952,0.79,95.1,VitalCare Pharmaceuticals
ORD-04585,Painkiller,100,Standard,52.53,4,0.877,0.89,0.39,95.5,Beacon Pharmaceuticals
ORD-04586,Insulin,1000,Standard,237.33,7,0.91,0.874,0.57,98.8,VitalCare Pharmaceuticals
ORD-04587,Immunosuppressant,500,High,445.23,6,0.904,0.972,0.77,98.3,VitalCare Pharmaceuticals
ORD-04588,Chemotherapy Agent,1000,High,455.33,8,0.937,0.855,1.12,98.7,Serum Horizon Global
ORD-04589,Antihistamine,2500,Medium,56.03,7,0.931,0.872,1.07,93.2,Summit BioSolutions
ORD-04590,Vaccine,500,Standard,277.32,5,0.851,1.0,0.39,93.8,BioMatrix International
ORD-04591,Monoclonal Antibody,1000,Medium,4526.04,7,0.894,0.919,1.07,98.0,Pulse Generic Pharma
ORD-04592,Immunosuppressant,5000,Medium,442.19,8,0.904,0.943,1.17,98.1,Bharat BioLogics
ORD-04593,Antibiotic,2500,Medium,127.85,3,0.969,0.86,0.49,100.0,NovaCure Therapeutics
ORD-04594,Insulin,2500,Standard,211.76,8,0.958,0.938,1.05,98.1,OmniHealth Labs
ORD-04595,Vaccine,100,Medium,221.11,7,0.907,0.941,0.61,96.3,OmniHealth Labs
ORD-04596,Antiviral,250,High,181.01,4,0.907,0.913,0.16,95.3,Vanguard Pharma
ORD-04597,Cardiovascular Drug,1000,Medium,189.93,7,0.865,0.862,0.34,98.0,NovaCure Therapeutics
ORD-04598,Painkiller,500,High,42.89,5,0.925,0.825,0.51,94.7,Beacon Pharmaceuticals
ORD-04599,Antibiotic,2500,High,134.09,2,0.914,0.879,0.37,96.6,NovaCure Therapeutics
ORD-04600,Monoclonal Antibody,2500,High,5538.54,4,0.962,0.938,1.61,95.9,MediCore Labs
ORD-04601,Monoclonal Antibody,1000,Medium,4927.88,6,0.775,0.962,1.56,98.2,Pulse Generic Pharma
ORD-04602,Antihistamine,5000,Standard,57.44,7,0.824,0.99,0.49,95.1,Zenith LifeSciences
ORD-04603,Antibiotic,100,Medium,153.28,5,0.989,0.898,0.93,96.4,Bharat BioLogics
ORD-04604,Antihistamine,5000,High,56.09,3,0.891,0.868,1.15,94.1,Summit BioSolutions
ORD-04605,Antiviral,100,Medium,236.47,5,0.872,0.937,0.94,93.6,Summit BioSolutions
ORD-04606,Cardiovascular Drug,1000,Standard,199.32,4,0.987,0.851,0.38,96.6,Serum Horizon Global
ORD-04607,Immunosuppressant,2500,Medium,354.28,5,0.887,0.947,0.62,95.4,OmniHealth Labs
ORD-04608,Cardiovascular Drug,5000,Standard,190.96,5,0.934,0.867,1.2,98.1,Aegis Health Supplies
ORD-04609,Cardiovascular Drug,2500,Standard,159.58,9,0.966,0.876,0.73,96.6,CryoSafe LifeSciences
ORD-04610,Painkiller,500,Standard,39.95,7,0.859,0.84,0.91,97.2,Apex BioPharma
ORD-04611,Painkiller,2500,High,46.13,5,0.899,0.84,0.54,98.4,Apex BioPharma
ORD-04612,Monoclonal Antibody,2500,High,4895.23,3,0.885,0.947,1.17,93.7,VitalCare Pharmaceuticals
ORD-04613,Vaccine,100,Medium,314.68,6,0.869,0.995,0.39,93.7,BioMatrix International
ORD-04614,Antibiotic,250,High,137.56,2,0.985,0.894,0.42,98.2,NovaCure Therapeutics
ORD-04615,Antihistamine,1000,Medium,58.78,4,0.903,0.886,0.11,94.9,Pulse Generic Pharma
ORD-04616,Monoclonal Antibody,250,Standard,5011.31,7,0.79,0.971,1.01,99.2,Pulse Generic Pharma
ORD-04617,Chemotherapy Agent,500,Standard,486.0,3,0.963,0.88,0.61,95.4,Bharat BioLogics
ORD-04618,Antiviral,1000,High,202.66,3,0.858,0.869,0.6,94.9,MediCore Labs
ORD-04619,Vaccine,1000,Standard,265.9,8,0.876,0.943,1.08,93.4,OmniHealth Labs
ORD-04620,Painkiller,5000,Standard,43.29,4,0.906,0.846,0.47,97.5,Apex BioPharma
ORD-04621,Vaccine,250,Medium,280.59,8,0.816,0.974,0.44,93.7,BioMatrix International
ORD-04622,Monoclonal Antibody,100,High,4876.12,3,0.863,0.96,1.03,93.0,VitalCare Pharmaceuticals
ORD-04623,Cardiovascular Drug,1000,Medium,155.9,11,0.876,0.892,0.84,95.7,CryoSafe LifeSciences
ORD-04624,Antiviral,500,Medium,204.76,5,0.964,0.801,0.62,94.1,Pulse Generic Pharma
ORD-04625,Monoclonal Antibody,2500,Standard,4561.5,5,0.914,0.927,0.91,93.2,VitalCare Pharmaceuticals
ORD-04626,Insulin,5000,Standard,190.5,5,0.982,0.846,0.58,95.6,Apex BioPharma
ORD-04627,Cardiovascular Drug,500,High,209.34,4,0.93,0.864,0.37,94.7,Serum Horizon Global
ORD-04628,Immunosuppressant,500,Medium,401.51,3,0.958,1.0,0.84,94.5,OmniHealth Labs
ORD-04629,Insulin,250,High,210.38,3,1.0,0.897,0.01,94.7,Apex BioPharma
ORD-04630,Antiviral,250,High,217.98,11,0.888,0.916,0.29,98.8,GlobalRx Supply Chain
ORD-04631,Immunosuppressant,2500,High,376.68,3,0.92,0.935,0.38,94.2,OmniHealth Labs
ORD-04632,Vaccine,100,High,301.75,7,0.898,0.95,1.23,98.1,Vanguard Pharma
ORD-04633,Monoclonal Antibody,500,High,4815.69,1,0.882,0.899,0.72,93.4,VitalCare Pharmaceuticals
ORD-04634,Immunosuppressant,1000,Medium,409.85,6,0.934,0.831,0.79,94.2,Quantum Health Sciences
ORD-04635,Immunosuppressant,250,Standard,387.3,8,0.979,0.908,0.12,95.7,CryoSafe LifeSciences
ORD-04636,Antihistamine,250,Medium,56.88,4,0.874,0.866,0.32,96.3,Pulse Generic Pharma
ORD-04637,Immunosuppressant,1000,Standard,489.0,5,0.936,0.872,0.56,91.9,Quantum Health Sciences
ORD-04638,Cardiovascular Drug,5000,High,171.09,10,0.92,0.887,0.37,98.1,Quantum Health Sciences
ORD-04639,Vaccine,1000,Medium,270.97,8,0.917,0.94,0.76,96.7,OmniHealth Labs
ORD-04640,Painkiller,100,Medium,46.26,8,0.925,0.848,0.01,96.9,MediCore Labs
ORD-04641,Insulin,1000,Medium,222.43,6,0.922,0.867,0.35,98.8,VitalCare Pharmaceuticals
ORD-04642,Painkiller,2500,Medium,46.82,8,0.944,0.818,0.17,97.5,MediCore Labs
ORD-04643,Chemotherapy Agent,5000,Standard,604.13,7,0.98,0.915,0.07,94.8,GlobalRx Supply Chain
ORD-04644,Cardiovascular Drug,5000,High,188.81,9,0.805,0.922,0.35,99.3,NovaCure Therapeutics
ORD-04645,Vaccine,100,High,345.26,4,0.992,0.893,1.15,98.0,Vanguard Pharma
ORD-04646,Chemotherapy Agent,250,High,568.48,9,0.937,0.842,1.18,98.5,Serum Horizon Global
ORD-04647,Antibiotic,250,High,147.28,5,0.915,0.873,0.26,99.5,NovaCure Therapeutics
ORD-04648,Insulin,5000,High,194.83,6,0.97,0.932,1.09,97.5,OmniHealth Labs
ORD-04649,Antibiotic,100,High,147.48,3,0.968,0.854,0.24,99.0,NovaCure Therapeutics
ORD-04650,Antihistamine,500,Medium,63.28,4,0.893,0.83,0.19,94.9,Pulse Generic Pharma
ORD-04651,Immunosuppressant,1000,Medium,376.26,4,0.95,0.98,0.24,94.3,OmniHealth Labs
ORD-04652,Cardiovascular Drug,5000,Standard,164.16,7,0.965,0.868,0.7,95.5,CryoSafe LifeSciences
ORD-04653,Immunosuppressant,5000,Medium,372.4,6,0.964,0.926,0.49,93.5,OmniHealth Labs
ORD-04654,Immunosuppressant,1000,Standard,362.06,4,0.964,0.907,0.75,93.5,OmniHealth Labs
ORD-04655,Cardiovascular Drug,5000,Standard,215.07,7,0.851,0.993,0.52,98.5,NovaCure Therapeutics
ORD-04656,Monoclonal Antibody,250,Medium,5073.61,1,0.867,0.964,0.78,93.2,VitalCare Pharmaceuticals
ORD-04657,Painkiller,5000,High,44.09,3,0.905,0.903,0.53,95.7,Beacon Pharmaceuticals
ORD-04658,Antiviral,500,Medium,197.83,5,0.905,0.895,0.2,97.0,Vanguard Pharma
ORD-04659,Immunosuppressant,1000,Standard,380.17,5,0.925,0.947,0.46,93.6,OmniHealth Labs
ORD-04660,Antibiotic,100,Medium,124.36,7,0.956,0.972,0.21,96.9,PharmaTrust Global
ORD-04661,Monoclonal Antibody,100,Medium,5986.1,7,0.935,0.889,1.2,94.6,Zenith LifeSciences
ORD-04662,Antihistamine,250,Standard,60.8,4,0.873,0.879,0.54,100.0,Aegis Health Supplies
ORD-04663,Vaccine,250,Standard,321.22,7,0.911,0.836,0.17,96.7,Quantum Health Sciences
ORD-04664,Antiviral,2500,High,219.01,7,0.858,0.863,0.01,96.4,Vanguard Pharma
ORD-04665,Insulin,500,High,241.79,3,0.931,0.885,0.61,96.0,Apex BioPharma
ORD-04666,Vaccine,100,High,359.28,5,0.946,0.884,0.28,96.3,Quantum Health Sciences
ORD-04667,Vaccine,250,Standard,302.33,9,0.91,0.899,1.04,94.6,Summit BioSolutions
ORD-04668,Immunosuppressant,100,Medium,407.24,8,0.935,0.834,0.21,94.4,CryoSafe LifeSciences
ORD-04669,Chemotherapy Agent,1000,High,504.36,8,0.898,0.902,0.87,100.0,Serum Horizon Global
ORD-04670,Insulin,5000,Medium,199.46,10,0.846,0.982,0.97,94.3,PharmaTrust Global
ORD-04671,Antihistamine,1000,Standard,58.66,5,0.905,0.902,1.29,92.7,Summit BioSolutions
ORD-04672,Immunosuppressant,5000,Standard,354.03,5,0.928,0.954,0.79,93.6,OmniHealth Labs
ORD-04673,Vaccine,100,High,256.16,8,0.87,0.952,0.76,98.2,OmniHealth Labs
ORD-04674,Monoclonal Antibody,5000,Standard,4631.24,5,0.924,0.905,0.62,92.1,VitalCare Pharmaceuticals
ORD-04675,Insulin,100,Medium,213.89,6,0.935,0.923,0.29,95.6,VitalCare Pharmaceuticals
ORD-04676,Cardiovascular Drug,5000,High,177.57,8,0.988,0.829,0.38,95.0,CryoSafe LifeSciences
ORD-04677,Antihistamine,5000,High,60.15,9,0.963,0.954,1.38,97.8,NovaCure Therapeutics
ORD-04678,Antihistamine,250,Medium,61.66,7,0.9,0.975,1.21,100.0,NovaCure Therapeutics
ORD-04679,Immunosuppressant,5000,High,385.4,7,0.93,0.832,0.06,93.2,CryoSafe LifeSciences
ORD-04680,Vaccine,5000,High,337.11,5,0.9,0.934,1.09,99.0,Vanguard Pharma
ORD-04681,Insulin,500,High,228.43,8,0.785,0.926,1.44,97.8,Beacon Pharmaceuticals
ORD-04682,Antiviral,1000,High,234.66,1,0.944,0.903,0.85,94.4,MediCore Labs
ORD-04683,Painkiller,2500,Medium,44.91,7,0.99,0.799,0.3,98.3,MediCore Labs
ORD-04684,Insulin,250,Standard,231.8,7,0.869,0.95,0.99,94.7,PharmaTrust Global
ORD-04685,Monoclonal Antibody,5000,High,4518.45,3,0.982,0.951,1.06,92.8,VitalCare Pharmaceuticals
ORD-04686,Monoclonal Antibody,1000,Medium,5432.25,8,0.829,0.961,0.37,93.6,CryoSafe LifeSciences
ORD-04687,Antibiotic,1000,High,153.3,3,0.934,0.845,0.01,98.5,NovaCure Therapeutics
ORD-04688,Immunosuppressant,500,Medium,421.49,10,0.993,0.985,1.46,94.5,Bharat BioLogics
ORD-04689,Immunosuppressant,100,Medium,427.27,9,0.997,0.831,0.01,94.6,CryoSafe LifeSciences
ORD-04690,Antiviral,100,Medium,215.12,4,0.814,0.893,0.56,95.3,MediCore Labs
ORD-04691,Monoclonal Antibody,1000,Medium,4689.93,4,0.942,0.92,0.74,95.1,VitalCare Pharmaceuticals
ORD-04692,Monoclonal Antibody,100,High,4685.21,1,0.947,0.905,1.28,94.4,VitalCare Pharmaceuticals
ORD-04693,Insulin,5000,Standard,220.33,3,0.989,0.921,0.6,95.8,Apex BioPharma
ORD-04694,Cardiovascular Drug,2500,Standard,185.92,5,0.918,0.997,0.9,97.3,Aegis Health Supplies
ORD-04695,Vaccine,500,High,285.03,5,0.932,0.997,0.44,97.1,OmniHealth Labs
ORD-04696,Monoclonal Antibody,2500,Standard,5305.65,4,0.87,1.0,1.45,93.8,VitalCare Pharmaceuticals
ORD-04697,Insulin,2500,Medium,216.26,5,0.951,0.905,0.39,97.5,VitalCare Pharmaceuticals
ORD-04698,Antiviral,100,Standard,193.81,2,0.848,0.872,0.8,95.7,Summit BioSolutions
ORD-04699,Insulin,500,High,242.12,6,0.913,0.909,0.64,96.2,VitalCare Pharmaceuticals
ORD-04700,Antibiotic,2500,High,128.0,6,1.0,0.879,0.41,100.0,NovaCure Therapeutics
ORD-04701,Chemotherapy Agent,500,Standard,475.36,8,0.902,0.887,1.28,100.0,Serum Horizon Global
ORD-04702,Chemotherapy Agent,2500,Medium,454.85,10,0.955,0.829,0.37,96.0,GlobalRx Supply Chain
ORD-04703,Antiviral,250,Standard,197.03,6,1.0,0.817,0.53,92.6,Pulse Generic Pharma
ORD-04704,Cardiovascular Drug,2500,Medium,148.55,6,0.919,0.921,1.06,99.9,Aegis Health Supplies
ORD-04705,Immunosuppressant,5000,Medium,390.84,5,0.928,0.963,0.14,95.0,OmniHealth Labs
ORD-04706,Monoclonal Antibody,5000,Standard,4699.12,7,0.877,0.897,1.25,99.8,Pulse Generic Pharma
ORD-04707,Chemotherapy Agent,100,Standard,423.06,3,0.926,0.796,0.42,95.4,Beacon Pharmaceuticals
ORD-04708,Antiviral,100,High,184.19,4,0.977,0.777,0.44,95.8,MediCore Labs
ORD-04709,Vaccine,2500,High,256.99,4,0.839,1.0,0.37,93.5,BioMatrix International
ORD-04710,Vaccine,500,High,325.25,8,0.825,0.976,0.6,94.7,BioMatrix International
ORD-04711,Vaccine,500,Medium,276.91,5,0.984,0.9,0.22,96.3,Quantum Health Sciences
ORD-04712,Cardiovascular Drug,2500,Medium,157.84,6,0.923,0.927,0.68,97.0,Aegis Health Supplies
ORD-04713,Cardiovascular Drug,500,Medium,142.94,7,0.959,0.833,0.64,95.0,CryoSafe LifeSciences
ORD-04714,Antiviral,250,Medium,180.57,3,0.89,0.847,0.6,94.8,MediCore Labs
ORD-04715,Vaccine,500,Standard,265.38,5,0.912,0.94,0.64,96.5,OmniHealth Labs
ORD-04716,Cardiovascular Drug,100,Medium,155.96,7,0.997,0.829,0.2,96.4,Serum Horizon Global
ORD-04717,Antiviral,500,Standard,202.86,3,0.851,0.837,0.64,96.4,MediCore Labs
ORD-04718,Cardiovascular Drug,2500,Standard,171.77,5,0.922,0.934,1.26,98.8,Aegis Health Supplies
ORD-04719,Painkiller,2500,Medium,40.94,4,0.933,0.873,0.69,95.3,Apex BioPharma
ORD-04720,Monoclonal Antibody,500,Standard,5079.28,1,0.866,0.907,0.86,94.1,VitalCare Pharmaceuticals
ORD-04721,Antihistamine,100,Standard,57.13,6,0.954,0.833,0.11,95.6,Pulse Generic Pharma
ORD-04722,Cardiovascular Drug,2500,High,179.76,4,0.884,0.905,0.96,97.5,Aegis Health Supplies
ORD-04723,Vaccine,100,Standard,284.92,9,0.881,0.908,0.99,96.0,OmniHealth Labs
ORD-04724,Insulin,100,Standard,216.37,7,0.942,0.924,0.29,96.1,VitalCare Pharmaceuticals
ORD-04725,Antiviral,500,Standard,198.93,4,0.834,0.873,0.22,95.3,Vanguard Pharma
ORD-04726,Insulin,100,High,247.2,3,0.949,0.913,0.27,94.3,Apex BioPharma
ORD-04727,Antihistamine,500,High,58.97,4,0.883,0.811,0.31,99.0,Aegis Health Supplies
ORD-04728,Immunosuppressant,5000,Standard,450.5,6,0.978,0.861,0.23,93.9,CryoSafe LifeSciences
ORD-04729,Painkiller,500,Medium,46.93,4,0.952,0.849,0.29,96.2,MediCore Labs
ORD-04730,Cardiovascular Drug,100,Standard,179.81,8,0.991,0.918,0.82,98.4,Aegis Health Supplies
ORD-04731,Insulin,100,Medium,262.03,6,0.989,0.865,0.28,97.2,VitalCare Pharmaceuticals
ORD-04732,Painkiller,250,High,48.14,3,0.869,0.864,0.35,94.1,Beacon Pharmaceuticals
ORD-04733,Monoclonal Antibody,250,Medium,5441.59,5,0.912,0.893,1.74,96.8,Zenith LifeSciences
ORD-04734,Monoclonal Antibody,100,Medium,5347.94,5,0.963,0.929,1.04,94.7,Zenith LifeSciences
ORD-04735,Antihistamine,2500,Standard,63.68,8,0.91,0.915,1.0,99.0,NovaCure Therapeutics
ORD-04736,Vaccine,500,High,301.28,6,0.927,1.0,1.02,99.9,Vanguard Pharma
ORD-04737,Antihistamine,100,Standard,66.53,6,0.831,1.0,0.42,95.7,Zenith LifeSciences
ORD-04738,Vaccine,250,Standard,292.33,5,0.944,0.943,0.48,94.6,Quantum Health Sciences
ORD-04739,Chemotherapy Agent,2500,High,615.71,1,0.931,0.924,0.38,96.7,Bharat BioLogics
ORD-04740,Antihistamine,2500,Medium,62.62,8,0.869,0.925,0.87,94.2,Zenith LifeSciences
ORD-04741,Insulin,5000,High,282.12,10,0.835,0.845,1.32,97.2,Beacon Pharmaceuticals
ORD-04742,Immunosuppressant,5000,Medium,348.7,10,0.976,0.85,0.09,95.1,CryoSafe LifeSciences
ORD-04743,Antiviral,500,Medium,198.18,2,0.907,0.842,0.51,96.2,MediCore Labs
ORD-04744,Insulin,250,Standard,206.78,6,0.919,0.98,1.17,99.7,OmniHealth Labs
ORD-04745,Painkiller,250,High,45.87,2,0.882,0.82,0.33,95.0,Beacon Pharmaceuticals
ORD-04746,Antihistamine,2500,Standard,55.45,9,0.9,0.921,1.4,99.9,NovaCure Therapeutics
ORD-04747,Immunosuppressant,1000,High,385.04,4,0.869,0.945,0.69,92.8,OmniHealth Labs
ORD-04748,Insulin,500,Medium,225.73,4,0.977,0.922,0.48,97.0,VitalCare Pharmaceuticals
ORD-04749,Antibiotic,1000,Medium,131.16,4,0.913,0.817,1.53,93.0,Zenith LifeSciences
ORD-04750,Chemotherapy Agent,5000,Standard,511.26,9,0.973,0.913,0.66,95.5,GlobalRx Supply Chain
ORD-04751,Chemotherapy Agent,100,Medium,423.14,7,0.964,0.97,0.3,96.1,GlobalRx Supply Chain
ORD-04752,Painkiller,1000,Standard,35.49,1,0.917,0.79,0.16,96.8,Beacon Pharmaceuticals
ORD-04753,Monoclonal Antibody,100,High,4622.3,4,0.926,0.947,0.76,92.9,VitalCare Pharmaceuticals
ORD-04754,Immunosuppressant,5000,Medium,409.02,6,0.997,0.868,0.01,93.4,CryoSafe LifeSciences
ORD-04755,Monoclonal Antibody,1000,High,5379.83,6,1.0,0.958,1.17,99.0,MediCore Labs
ORD-04756,Antiviral,250,Medium,208.33,2,0.916,0.799,0.59,95.6,MediCore Labs
ORD-04757,Painkiller,250,Medium,50.52,7,1.0,0.85,0.79,92.1,BioMatrix International
ORD-04758,Antihistamine,250,Medium,65.48,6,0.934,0.835,0.09,95.2,Pulse Generic Pharma
ORD-04759,Antiviral,1000,High,251.61,10,0.9,0.885,0.44,97.7,GlobalRx Supply Chain
ORD-04760,Insulin,100,Medium,237.11,4,0.955,1.0,0.95,99.4,OmniHealth Labs
ORD-04761,Cardiovascular Drug,1000,Standard,196.84,7,0.867,0.893,0.45,98.0,NovaCure Therapeutics
ORD-04762,Cardiovascular Drug,500,Standard,214.08,7,0.974,0.803,0.46,94.8,Serum Horizon Global
ORD-04763,Cardiovascular Drug,5000,Standard,182.56,5,0.915,0.883,0.79,93.5,Serum Horizon Global
ORD-04764,Monoclonal Antibody,2500,Standard,4698.49,6,0.822,0.904,1.23,99.5,Pulse Generic Pharma
ORD-04765,Antihistamine,5000,Standard,55.28,8,0.872,0.933,1.29,100.0,NovaCure Therapeutics
ORD-04766,Chemotherapy Agent,1000,Standard,417.95,10,0.882,0.809,0.82,99.7,Serum Horizon Global
ORD-04767,Antihistamine,1000,Standard,57.89,9,0.929,0.883,1.25,99.9,NovaCure Therapeutics
ORD-04768,Immunosuppressant,100,High,346.47,4,0.919,0.985,0.47,92.5,OmniHealth Labs
ORD-04769,Immunosuppressant,2500,Standard,406.37,8,0.885,0.853,0.72,94.0,Quantum Health Sciences
ORD-04770,Insulin,2500,Medium,265.77,6,0.963,0.928,0.34,95.6,Apex BioPharma
ORD-04771,Antihistamine,5000,Standard,62.57,10,0.975,0.917,1.31,97.5,NovaCure Therapeutics
ORD-04772,Painkiller,100,Medium,40.51,3,0.895,0.817,0.41,96.5,Beacon Pharmaceuticals
ORD-04773,Antiviral,100,Standard,182.11,4,0.878,0.847,0.12,98.6,Vanguard Pharma
ORD-04774,Chemotherapy Agent,1000,High,563.8,1,0.97,0.937,0.36,95.8,Bharat BioLogics
ORD-04775,Cardiovascular Drug,1000,Standard,152.55,5,0.955,0.903,1.0,97.3,Aegis Health Supplies
ORD-04776,Immunosuppressant,100,Medium,474.98,7,0.867,1.0,1.08,97.8,VitalCare Pharmaceuticals
ORD-04777,Antibiotic,5000,High,122.68,6,0.964,0.974,0.38,97.9,PharmaTrust Global
ORD-04778,Cardiovascular Drug,1000,Medium,173.47,8,0.844,0.877,1.32,98.1,Aegis Health Supplies
ORD-04779,Antibiotic,1000,High,115.84,4,0.848,0.886,1.28,91.2,Zenith LifeSciences
ORD-04780,Immunosuppressant,5000,Standard,347.19,5,0.951,0.86,0.53,95.3,OmniHealth Labs
ORD-04781,Antibiotic,1000,High,121.52,3,0.908,0.954,0.19,99.0,NovaCure Therapeutics
ORD-04782,Insulin,1000,Medium,219.39,6,0.931,0.84,0.12,94.6,Apex BioPharma
ORD-04783,Antihistamine,100,Standard,58.68,4,0.889,0.811,0.6,97.8,Aegis Health Supplies
ORD-04784,Painkiller,250,Standard,43.25,5,0.925,0.797,0.16,96.4,MediCore Labs
ORD-04785,Chemotherapy Agent,1000,High,522.91,8,0.937,0.836,0.7,93.6,Apex BioPharma
ORD-04786,Insulin,5000,Standard,243.81,5,0.967,0.863,0.01,94.6,Apex BioPharma
ORD-04787,Vaccine,2500,High,319.13,5,0.81,0.941,0.57,94.9,BioMatrix International
ORD-04788,Antihistamine,1000,Standard,59.87,3,0.947,0.881,1.31,93.6,Summit BioSolutions
ORD-04789,Painkiller,250,Medium,45.66,6,0.914,0.875,0.5,94.4,Serum Horizon Global
ORD-04790,Cardiovascular Drug,2500,Medium,153.21,4,0.952,0.933,1.0,98.0,Aegis Health Supplies
ORD-04791,Vaccine,100,High,278.94,5,0.927,0.946,0.7,96.2,OmniHealth Labs
ORD-04792,Chemotherapy Agent,500,Medium,451.57,2,0.84,0.838,0.34,96.7,Beacon Pharmaceuticals
ORD-04793,Insulin,100,Standard,249.03,6,0.967,0.857,0.2,94.7,Apex BioPharma
ORD-04794,Chemotherapy Agent,250,Medium,504.49,6,0.894,0.899,0.68,94.7,Apex BioPharma
ORD-04795,Insulin,100,High,223.66,6,0.875,0.918,1.05,94.5,PharmaTrust Global
ORD-04796,Immunosuppressant,100,Medium,391.76,5,0.801,0.946,1.3,100.0,VitalCare Pharmaceuticals
ORD-04797,Vaccine,500,Medium,306.97,8,0.859,0.919,0.53,97.0,Quantum Health Sciences
ORD-04798,Chemotherapy Agent,500,Standard,494.98,3,0.848,0.857,0.27,98.7,Beacon Pharmaceuticals
ORD-04799,Immunosuppressant,2500,High,367.67,4,0.927,0.929,0.73,94.5,OmniHealth Labs
ORD-04800,Antibiotic,5000,Standard,137.02,3,0.915,0.87,0.52,97.3,NovaCure Therapeutics
ORD-04801,Painkiller,5000,High,45.88,8,0.999,0.863,0.01,96.2,MediCore Labs
ORD-04802,Antihistamine,5000,High,63.66,6,0.854,0.913,0.86,99.2,Aegis Health Supplies
ORD-04803,Monoclonal Antibody,500,Medium,4402.78,3,0.908,0.907,1.06,92.8,VitalCare Pharmaceuticals
ORD-04804,Immunosuppressant,5000,High,363.05,5,0.92,0.923,0.81,93.3,OmniHealth Labs
ORD-04805,Chemotherapy Agent,250,Medium,484.7,9,1.0,0.96,0.13,95.6,GlobalRx Supply Chain
ORD-04806,Antiviral,250,Standard,198.71,4,0.939,0.825,0.7,93.0,Pulse Generic Pharma
ORD-04807,Antiviral,2500,Medium,194.55,3,0.908,0.856,0.71,96.7,MediCore Labs
ORD-04808,Painkiller,2500,Standard,39.73,8,0.909,0.882,1.3,98.2,Apex BioPharma
ORD-04809,Monoclonal Antibody,100,High,5828.01,4,0.883,0.922,1.19,95.4,Zenith LifeSciences
ORD-04810,Antihistamine,250,Standard,64.56,4,0.934,0.828,0.52,95.7,Pulse Generic Pharma
ORD-04811,Immunosuppressant,5000,Standard,372.25,9,0.922,0.932,1.06,100.0,VitalCare Pharmaceuticals
ORD-04812,Insulin,1000,Medium,233.67,6,0.933,0.915,1.15,97.0,OmniHealth Labs
ORD-04813,Antibiotic,5000,Medium,121.68,6,0.946,0.858,0.56,98.9,NovaCure Therapeutics
ORD-04814,Antihistamine,500,Standard,49.9,11,0.948,0.947,1.06,100.0,NovaCure Therapeutics
ORD-04815,Immunosuppressant,1000,Standard,346.89,7,0.905,1.0,0.82,95.0,OmniHealth Labs
ORD-04816,Antibiotic,5000,High,123.07,3,0.958,0.832,0.33,99.9,NovaCure Therapeutics
ORD-04817,Antiviral,1000,Standard,206.6,2,0.889,0.763,0.99,95.3,MediCore Labs
ORD-04818,Chemotherapy Agent,250,Standard,460.96,8,0.915,0.85,0.34,95.5,GlobalRx Supply Chain
ORD-04819,Antibiotic,5000,Medium,157.4,4,1.0,0.876,0.58,98.9,NovaCure Therapeutics
ORD-04820,Antibiotic,5000,High,124.61,4,0.956,0.796,1.63,92.9,Zenith LifeSciences
ORD-04821,Antihistamine,500,Medium,67.86,2,0.874,0.817,0.35,94.5,Pulse Generic Pharma
ORD-04822,Immunosuppressant,5000,Standard,409.61,9,0.933,0.873,0.2,94.9,CryoSafe LifeSciences
ORD-04823,Antiviral,250,Medium,236.12,4,0.809,0.881,0.86,94.9,Summit BioSolutions
ORD-04824,Antibiotic,2500,Medium,139.21,6,1.0,0.91,0.52,96.0,NovaCure Therapeutics
ORD-04825,Antihistamine,1000,Standard,59.6,6,0.857,0.93,0.96,94.3,Zenith LifeSciences
ORD-04826,Immunosuppressant,100,High,453.67,10,0.996,0.887,0.32,94.5,CryoSafe LifeSciences
ORD-04827,Vaccine,250,Standard,263.62,7,0.942,0.919,0.63,96.7,OmniHealth Labs
ORD-04828,Immunosuppressant,250,High,386.45,6,0.993,0.852,0.3,93.7,CryoSafe LifeSciences
ORD-04829,Chemotherapy Agent,2500,High,530.6,1,0.924,0.983,0.48,94.6,Bharat BioLogics
ORD-04830,Cardiovascular Drug,250,High,203.58,5,0.906,0.947,0.67,97.8,Aegis Health Supplies
ORD-04831,Antiviral,500,Standard,185.34,7,0.917,0.783,0.87,93.2,Pulse Generic Pharma
ORD-04832,Monoclonal Antibody,2500,High,4996.99,6,0.906,0.999,1.42,94.7,Zenith LifeSciences
ORD-04833,Painkiller,2500,High,43.96,6,0.943,0.901,0.01,97.2,MediCore Labs
ORD-04834,Vaccine,500,Medium,361.44,7,0.9,0.954,0.01,95.4,Quantum Health Sciences
ORD-04835,Antihistamine,1000,High,63.0,10,0.881,0.993,1.32,99.1,NovaCure Therapeutics
ORD-04836,Chemotherapy Agent,2500,Medium,415.95,8,1.0,0.914,0.6,95.0,GlobalRx Supply Chain
ORD-04837,Antiviral,100,Medium,210.9,4,0.921,0.795,0.41,94.8,MediCore Labs
ORD-04838,Antihistamine,5000,High,61.82,7,0.954,0.962,0.86,98.9,NovaCure Therapeutics
ORD-04839,Antihistamine,2500,Standard,56.77,3,0.964,0.818,0.56,95.7,Pulse Generic Pharma
ORD-04840,Immunosuppressant,5000,High,441.63,5,0.898,0.887,1.18,100.0,VitalCare Pharmaceuticals
ORD-04841,Insulin,500,Medium,222.93,7,1.0,0.938,1.31,97.7,OmniHealth Labs
ORD-04842,Vaccine,100,Standard,261.48,5,0.977,0.946,0.79,97.5,OmniHealth Labs
ORD-04843,Insulin,2500,Medium,264.01,3,0.895,0.873,0.14,96.6,Apex BioPharma
ORD-04844,Monoclonal Antibody,2500,Standard,4424.29,5,0.822,0.902,1.17,97.9,Pulse Generic Pharma
ORD-04845,Insulin,100,Standard,222.17,7,0.822,0.871,1.13,93.8,PharmaTrust Global
ORD-04846,Cardiovascular Drug,1000,High,189.1,9,0.791,0.972,0.29,97.8,NovaCure Therapeutics
ORD-04847,Antiviral,5000,High,205.17,5,0.857,0.797,0.23,94.7,MediCore Labs
ORD-04848,Antihistamine,500,Standard,68.28,2,0.912,0.848,0.2,97.7,Aegis Health Supplies
ORD-04849,Vaccine,500,Standard,276.09,7,0.981,0.947,0.69,96.2,OmniHealth Labs
ORD-04850,Painkiller,100,Medium,38.96,8,0.967,0.865,0.14,95.0,MediCore Labs
ORD-04851,Cardiovascular Drug,500,Standard,142.49,7,0.944,0.878,0.56,95.6,CryoSafe LifeSciences
ORD-04852,Vaccine,500,High,270.41,6,0.937,0.965,0.73,95.7,OmniHealth Labs
ORD-04853,Antibiotic,100,High,143.8,3,0.958,0.846,0.03,99.2,NovaCure Therapeutics
ORD-04854,Antiviral,500,Standard,216.43,1,0.944,0.92,0.91,96.0,MediCore Labs
ORD-04855,Chemotherapy Agent,5000,Standard,465.87,9,0.975,0.921,0.23,95.8,GlobalRx Supply Chain
ORD-04856,Antibiotic,2500,High,122.83,4,0.923,0.862,1.37,93.7,Zenith LifeSciences
ORD-04857,Chemotherapy Agent,2500,Medium,536.19,8,0.926,0.906,0.53,93.4,Apex BioPharma
ORD-04858,Cardiovascular Drug,1000,High,192.3,4,0.925,0.917,0.88,99.5,Aegis Health Supplies
ORD-04859,Insulin,250,Medium,244.57,7,0.93,0.965,0.66,97.6,VitalCare Pharmaceuticals
ORD-04860,Insulin,2500,Medium,223.04,6,0.948,0.962,1.36,96.7,OmniHealth Labs
ORD-04861,Cardiovascular Drug,2500,Standard,154.28,7,0.932,0.946,0.71,98.9,Aegis Health Supplies
ORD-04862,Antibiotic,2500,Medium,124.85,8,1.0,0.872,0.8,97.3,PharmaTrust Global
ORD-04863,Insulin,250,High,214.81,4,0.979,0.97,1.4,99.0,OmniHealth Labs
ORD-04864,Vaccine,500,High,348.93,5,0.849,0.922,0.52,95.2,BioMatrix International
ORD-04865,Painkiller,250,Medium,44.01,5,0.934,0.909,0.16,95.4,MediCore Labs
ORD-04866,Monoclonal Antibody,2500,Standard,4871.44,3,0.936,0.881,0.76,91.8,VitalCare Pharmaceuticals
ORD-04867,Chemotherapy Agent,5000,Standard,507.93,10,0.905,0.907,0.99,99.8,Serum Horizon Global
ORD-04868,Monoclonal Antibody,1000,High,4833.32,4,0.954,0.904,1.43,94.6,MediCore Labs
ORD-04869,Monoclonal Antibody,500,Standard,4396.42,5,0.845,0.925,0.91,98.0,Pulse Generic Pharma
ORD-04870,Vaccine,5000,High,312.59,8,0.834,0.971,0.45,95.0,BioMatrix International
ORD-04871,Antihistamine,2500,Medium,49.74,7,0.925,0.951,1.23,97.0,NovaCure Therapeutics
ORD-04872,Antiviral,2500,Medium,226.49,5,0.854,0.934,0.16,99.0,Vanguard Pharma
ORD-04873,Vaccine,250,Medium,284.2,6,0.908,0.958,0.46,96.1,Quantum Health Sciences
ORD-04874,Vaccine,1000,High,255.39,6,0.961,0.98,0.59,96.3,OmniHealth Labs
ORD-04875,Insulin,250,Medium,244.77,7,0.996,0.92,0.39,97.8,VitalCare Pharmaceuticals
ORD-04876,Antiviral,100,High,188.75,3,0.867,0.8,0.79,96.4,MediCore Labs
ORD-04877,Antihistamine,2500,Medium,62.71,4,0.876,0.844,0.3,94.7,Pulse Generic Pharma
ORD-04878,Painkiller,250,Standard,48.62,5,0.91,0.865,0.18,98.9,MediCore Labs
ORD-04879,Insulin,5000,Medium,227.31,9,0.813,0.919,0.92,95.0,PharmaTrust Global
ORD-04880,Immunosuppressant,2500,Standard,356.51,6,0.909,0.948,0.68,94.8,OmniHealth Labs
ORD-04881,Immunosuppressant,1000,Medium,366.41,5,0.903,0.966,0.7,93.0,OmniHealth Labs
ORD-04882,Insulin,100,High,203.33,5,0.916,0.861,0.31,96.8,VitalCare Pharmaceuticals
ORD-04883,Antiviral,250,Standard,245.15,10,0.922,0.865,0.36,97.5,GlobalRx Supply Chain
ORD-04884,Antihistamine,100,Medium,65.44,9,0.905,0.959,1.03,98.2,NovaCure Therapeutics
ORD-04885,Insulin,100,Medium,222.01,4,0.962,0.954,0.84,97.4,OmniHealth Labs
ORD-04886,Antibiotic,1000,High,118.91,6,0.883,0.798,0.5,100.0,BioMatrix International
ORD-04887,Painkiller,500,Standard,46.13,8,0.856,0.892,0.73,97.5,Apex BioPharma
ORD-04888,Chemotherapy Agent,1000,Medium,453.65,4,0.967,0.865,0.53,93.3,Bharat BioLogics
ORD-04889,Antihistamine,5000,Medium,61.4,6,0.825,0.961,0.8,96.4,Zenith LifeSciences
ORD-04890,Monoclonal Antibody,500,Standard,4853.9,2,0.894,0.948,0.97,93.8,VitalCare Pharmaceuticals
ORD-04891,Insulin,100,High,268.04,6,0.975,0.901,1.2,98.0,OmniHealth Labs
ORD-04892,Antibiotic,5000,Medium,129.07,8,0.97,0.945,0.69,96.0,PharmaTrust Global
ORD-04893,Painkiller,250,Medium,49.92,2,0.894,0.858,0.42,94.1,Beacon Pharmaceuticals
ORD-04894,Vaccine,250,Medium,367.81,6,0.937,0.899,0.34,96.6,Quantum Health Sciences
ORD-04895,Painkiller,100,Standard,41.52,4,0.886,0.77,0.78,97.0,Apex BioPharma
ORD-04896,Antiviral,2500,High,183.91,5,0.975,0.759,0.52,91.6,Pulse Generic Pharma
ORD-04897,Painkiller,500,Standard,45.34,5,0.931,0.83,0.37,97.7,Beacon Pharmaceuticals
ORD-04898,Insulin,100,High,267.43,5,1.0,0.908,0.97,97.4,OmniHealth Labs
ORD-04899,Chemotherapy Agent,500,High,559.14,3,0.952,0.901,0.75,93.2,Bharat BioLogics
ORD-04900,Antiviral,250,High,207.64,4,0.849,0.915,0.51,94.7,MediCore Labs
ORD-04901,Cardiovascular Drug,1000,High,221.45,4,1.0,0.839,0.62,94.5,Serum Horizon Global
ORD-04902,Antibiotic,100,Medium,141.68,6,0.962,0.956,0.43,97.6,PharmaTrust Global
ORD-04903,Antihistamine,1000,Standard,67.95,8,0.875,1.0,0.84,94.3,Zenith LifeSciences
ORD-04904,Monoclonal Antibody,1000,High,5347.56,8,1.0,0.952,1.82,99.3,MediCore Labs
ORD-04905,Immunosuppressant,1000,Standard,341.86,5,0.92,0.917,0.76,93.3,OmniHealth Labs
ORD-04906,Painkiller,5000,Medium,50.53,5,0.878,0.859,0.43,96.7,MediCore Labs
ORD-04907,Antihistamine,1000,Standard,60.07,9,0.906,0.94,1.22,100.0,NovaCure Therapeutics
ORD-04908,Antibiotic,250,Medium,137.86,4,0.958,0.873,0.53,100.0,NovaCure Therapeutics
ORD-04909,Painkiller,2500,Medium,37.04,5,0.84,0.827,0.45,96.6,Beacon Pharmaceuticals
ORD-04910,Antiviral,2500,Standard,204.41,11,0.871,0.877,0.25,100.0,GlobalRx Supply Chain
ORD-04911,Monoclonal Antibody,1000,Medium,5277.19,8,0.843,0.882,1.1,99.8,Pulse Generic Pharma
ORD-04912,Antihistamine,500,High,58.83,7,0.945,0.951,1.48,98.4,NovaCure Therapeutics
ORD-04913,Antiviral,5000,Medium,186.27,3,0.902,0.831,0.29,96.0,MediCore Labs
ORD-04914,Painkiller,5000,Medium,43.67,5,0.937,0.855,0.43,97.2,MediCore Labs
ORD-04915,Chemotherapy Agent,500,Medium,457.5,8,0.909,0.856,1.3,98.4,Serum Horizon Global
ORD-04916,Painkiller,2500,Medium,42.33,5,0.856,0.821,0.39,94.9,Beacon Pharmaceuticals
ORD-04917,Antihistamine,2500,Medium,63.92,7,0.892,0.947,1.48,94.1,Summit BioSolutions
ORD-04918,Antiviral,2500,Standard,177.24,1,0.846,0.773,0.34,96.0,MediCore Labs
ORD-04919,Cardiovascular Drug,2500,Medium,154.17,7,0.936,0.88,0.89,99.6,Aegis Health Supplies
ORD-04920,Painkiller,5000,Medium,48.84,5,0.893,0.799,0.89,99.3,Apex BioPharma
ORD-04921,Painkiller,1000,High,46.25,7,0.882,0.791,0.79,94.7,Serum Horizon Global
ORD-04922,Antihistamine,2500,Medium,62.27,6,0.922,0.877,0.69,96.3,Aegis Health Supplies
ORD-04923,Antibiotic,250,Medium,131.05,6,1.0,0.96,0.44,97.4,PharmaTrust Global
ORD-04924,Immunosuppressant,100,Standard,364.99,4,0.941,0.956,0.59,94.1,OmniHealth Labs
ORD-04925,Antibiotic,2500,Standard,137.75,8,0.914,0.778,0.35,98.9,BioMatrix International
ORD-04926,Antiviral,250,High,239.43,5,0.819,0.927,0.97,97.3,Summit BioSolutions
ORD-04927,Antihistamine,100,High,57.52,8,0.935,0.927,0.81,94.6,Zenith LifeSciences
ORD-04928,Cardiovascular Drug,500,Standard,188.09,6,0.907,0.93,0.84,96.4,Aegis Health Supplies
ORD-04929,Antibiotic,5000,Standard,111.65,7,0.939,0.98,0.32,95.4,PharmaTrust Global
ORD-04930,Painkiller,5000,Medium,42.68,1,0.881,0.859,0.29,95.1,Beacon Pharmaceuticals
ORD-04931,Cardiovascular Drug,1000,Standard,173.81,5,0.94,0.933,1.05,95.8,Aegis Health Supplies
ORD-04932,Antibiotic,1000,Medium,131.53,2,0.973,0.87,0.32,98.1,NovaCure Therapeutics
ORD-04933,Antiviral,2500,Medium,197.33,7,0.879,0.891,0.31,98.6,GlobalRx Supply Chain
ORD-04934,Vaccine,1000,Medium,265.93,7,0.933,0.954,0.66,96.5,OmniHealth Labs
ORD-04935,Painkiller,1000,Medium,42.96,1,0.879,0.87,0.51,96.1,Beacon Pharmaceuticals
ORD-04936,Painkiller,500,Medium,41.45,5,0.881,0.842,0.74,96.9,Apex BioPharma
ORD-04937,Vaccine,2500,Medium,387.06,6,0.953,0.969,0.97,96.9,Vanguard Pharma
ORD-04938,Vaccine,1000,Medium,287.53,6,0.861,0.955,0.55,92.4,BioMatrix International
ORD-04939,Immunosuppressant,1000,Standard,381.4,5,0.889,0.911,0.51,94.0,OmniHealth Labs
ORD-04940,Antibiotic,2500,Medium,143.12,3,0.98,0.947,0.25,100.0,NovaCure Therapeutics
ORD-04941,Immunosuppressant,500,Standard,455.53,6,0.975,0.877,0.11,93.1,CryoSafe LifeSciences
ORD-04942,Monoclonal Antibody,1000,Medium,5272.81,4,0.849,0.906,1.35,100.0,Pulse Generic Pharma
ORD-04943,Antihistamine,500,High,57.8,8,0.888,0.908,1.49,97.9,NovaCure Therapeutics
ORD-04944,Monoclonal Antibody,100,Medium,4984.7,9,0.901,0.966,0.76,92.9,CryoSafe LifeSciences
ORD-04945,Insulin,2500,Standard,226.04,7,0.937,0.855,0.52,95.8,Apex BioPharma
ORD-04946,Antibiotic,500,Standard,131.13,6,0.978,0.945,0.62,96.5,PharmaTrust Global
ORD-04947,Insulin,250,Medium,207.3,6,0.969,0.892,1.46,99.3,OmniHealth Labs
ORD-04948,Cardiovascular Drug,100,Standard,220.31,5,0.985,0.905,0.68,93.4,Serum Horizon Global
ORD-04949,Painkiller,2500,Medium,41.02,4,0.843,0.78,0.94,97.4,Apex BioPharma
ORD-04950,Chemotherapy Agent,250,Medium,553.21,2,0.923,0.947,0.14,93.5,Bharat BioLogics
ORD-04951,Painkiller,100,Standard,39.85,6,0.919,0.85,0.08,97.8,MediCore Labs
ORD-04952,Painkiller,2500,High,49.64,8,0.925,0.898,0.29,96.1,MediCore Labs
ORD-04953,Painkiller,250,Standard,41.03,4,0.871,0.83,0.79,97.6,Apex BioPharma
ORD-04954,Chemotherapy Agent,2500,Standard,461.0,8,0.956,0.836,0.2,95.8,GlobalRx Supply Chain
ORD-04955,Chemotherapy Agent,250,Medium,543.13,4,0.857,0.804,0.18,95.9,Beacon Pharmaceuticals
ORD-04956,Insulin,1000,High,235.85,4,0.983,0.921,1.0,97.5,OmniHealth Labs
ORD-04957,Monoclonal Antibody,2500,Medium,4793.31,4,0.898,0.935,1.33,98.7,Pulse Generic Pharma
ORD-04958,Antiviral,500,High,216.95,5,0.856,0.951,0.45,96.6,Vanguard Pharma
ORD-04959,Chemotherapy Agent,1000,Medium,458.88,10,0.907,0.883,0.95,99.4,Serum Horizon Global
ORD-04960,Cardiovascular Drug,500,Medium,163.83,8,0.934,0.931,1.4,98.0,Aegis Health Supplies
ORD-04961,Chemotherapy Agent,1000,Standard,488.63,9,0.855,0.882,1.03,93.9,Apex BioPharma
ORD-04962,Insulin,2500,Standard,248.23,6,0.95,0.906,0.41,97.0,VitalCare Pharmaceuticals
ORD-04963,Antiviral,500,Medium,197.83,1,0.87,0.85,0.54,93.9,MediCore Labs
ORD-04964,Chemotherapy Agent,5000,High,551.25,2,0.946,0.922,0.58,94.2,Bharat BioLogics
ORD-04965,Painkiller,2500,Medium,37.14,6,0.904,0.736,0.72,97.7,Apex BioPharma
ORD-04966,Vaccine,5000,Medium,305.26,6,0.869,0.978,0.44,92.6,BioMatrix International
ORD-04967,Immunosuppressant,500,High,426.06,7,0.918,1.0,1.01,94.4,Bharat BioLogics
ORD-04968,Vaccine,250,Medium,253.47,7,0.913,0.895,0.67,97.0,OmniHealth Labs
ORD-04969,Insulin,100,Medium,229.84,6,0.96,0.878,0.21,96.5,Apex BioPharma
ORD-04970,Chemotherapy Agent,500,High,489.69,10,0.911,0.898,0.42,96.5,GlobalRx Supply Chain
ORD-04971,Vaccine,100,High,320.7,6,0.904,0.882,0.72,94.0,BioMatrix International
ORD-04972,Antiviral,500,High,219.43,8,0.912,0.823,0.19,100.0,GlobalRx Supply Chain
ORD-04973,Monoclonal Antibody,250,Standard,4758.23,1,0.934,0.95,1.34,92.9,VitalCare Pharmaceuticals
ORD-04974,Antibiotic,2500,Standard,116.53,9,0.964,0.921,0.53,98.1,PharmaTrust Global
ORD-04975,Monoclonal Antibody,2500,Medium,4359.18,5,0.955,0.944,1.55,95.0,MediCore Labs
ORD-04976,Antiviral,250,Standard,193.75,2,0.906,0.86,0.93,94.2,MediCore Labs
ORD-04977,Monoclonal Antibody,500,Medium,5645.43,6,0.817,0.912,1.01,100.0,Pulse Generic Pharma
ORD-04978,Vaccine,100,Standard,287.48,7,0.845,0.964,0.39,97.4,OmniHealth Labs
ORD-04979,Monoclonal Antibody,5000,Medium,5549.91,8,0.842,0.978,1.48,96.0,Zenith LifeSciences
ORD-04980,Antiviral,250,Medium,196.83,5,1.0,0.874,0.26,96.4,Vanguard Pharma
ORD-04981,Vaccine,2500,High,322.42,5,0.908,1.0,1.07,98.1,Vanguard Pharma
ORD-04982,Chemotherapy Agent,500,Medium,491.32,5,0.782,0.845,0.2,95.9,Beacon Pharmaceuticals
ORD-04983,Antiviral,100,Standard,172.66,7,0.814,0.953,0.01,98.0,Vanguard Pharma
ORD-04984,Chemotherapy Agent,2500,Medium,454.45,8,1.0,0.923,0.37,95.9,GlobalRx Supply Chain
ORD-04985,Insulin,2500,High,255.42,4,0.929,0.888,0.79,96.4,VitalCare Pharmaceuticals
ORD-04986,Painkiller,500,High,43.56,2,0.789,0.801,0.28,94.4,Beacon Pharmaceuticals
ORD-04987,Immunosuppressant,500,Medium,410.45,7,0.951,0.938,1.37,93.3,Bharat BioLogics
ORD-04988,Painkiller,5000,High,42.07,5,0.859,0.879,0.29,95.4,Beacon Pharmaceuticals
ORD-04989,Antiviral,100,Standard,198.16,5,0.967,0.776,0.63,93.3,Pulse Generic Pharma
ORD-04990,Antibiotic,2500,Standard,121.78,8,1.0,0.869,0.18,95.0,PharmaTrust Global
ORD-04991,Antibiotic,500,Standard,127.15,6,0.977,0.924,0.36,97.5,NovaCure Therapeutics
ORD-04992,Antibiotic,2500,Standard,118.95,9,1.0,0.995,0.59,98.1,PharmaTrust Global
ORD-04993,Vaccine,100,Standard,266.39,5,0.918,0.919,0.54,97.6,OmniHealth Labs
ORD-04994,Monoclonal Antibody,1000,Medium,4619.25,5,0.825,0.947,1.13,97.4,Pulse Generic Pharma
ORD-04995,Cardiovascular Drug,1000,Medium,199.6,5,0.937,0.871,0.56,93.7,Serum Horizon Global
ORD-04996,Insulin,2500,High,238.97,5,0.944,0.95,1.16,97.3,OmniHealth Labs
ORD-04997,Vaccine,500,High,303.19,6,0.906,0.873,1.61,94.1,Summit BioSolutions
ORD-04998,Antihistamine,1000,Medium,61.2,6,0.912,0.824,0.6,98.8,Aegis Health Supplies
ORD-04999,Painkiller,500,Standard,43.0,5,0.924,0.801,0.67,96.3,Apex BioPharma
ORD-05000,Immunosuppressant,2500,Medium,369.94,5,0.974,0.967,0.55,93.9,OmniHealth Labs
